"cohort","timeframe","eventSelector","scanStart","scanEnd","overallEvents","overallUniqueTickers","intervals","requiredObservations","configuredRatio","requiredExpandedIntervals","effectiveRatio","baseline","passEvents","failEvents","unknownEvents","passUniqueTickers","passRate","passUniqueTickerRate","group","horizonSessions","eligible","unavailable","smallSample","meanReturn","positiveReturnRatio","q25Return","medianReturn","q75Return","medianMfe","medianMae"
"Monthly NEAR, 3 months","MONTHLY","NEAR_ENTERED","2025-02-03","2025-05-02","1006","571","3","4","0.6666666666666666","2","0.6666666666666666","false","94","912","0","80","0.09343936381709742","0.14010507880910683","PASS","20","90","4","false","-0.025694513447256838","0.36666666666666664","-0.08524036065851207","-0.042004707368807126","0.03743960121806916","0.05758715798352576","-0.084060543772774"
"Monthly NEAR, 3 months","MONTHLY","NEAR_ENTERED","2025-02-03","2025-05-02","1006","571","3","4","0.6666666666666666","2","0.6666666666666666","false","94","912","0","80","0.09343936381709742","0.14010507880910683","PASS","60","88","6","false","0.057190994063481805","0.6477272727272727","-0.028350458436475823","0.015035776948086998","0.12461769390590516","0.08485013456653512","-0.15021628459357905"
"Monthly NEAR, 3 months","MONTHLY","NEAR_ENTERED","2025-02-03","2025-05-02","1006","571","3","4","0.6666666666666666","2","0.6666666666666666","false","94","912","0","80","0.09343936381709742","0.14010507880910683","PASS","120","88","6","false","0.177711211992377","0.8295454545454546","0.033877097316168114","0.12876944889140007","0.2734755928118388","0.1802823062685046","-0.15021628459357905"
"Monthly NEAR, 3 months","MONTHLY","NEAR_ENTERED","2025-02-03","2025-05-02","1006","571","3","4","0.6666666666666666","2","0.6666666666666666","false","94","912","0","80","0.09343936381709742","0.14010507880910683","PASS","245","85","9","false","0.5211556467423135","0.8823529411764706","0.13793103448275867","0.36370577755153977","0.6467905997895476","0.5818303273213092","-0.17420212765957444"
"Monthly NEAR, 3 months","MONTHLY","NEAR_ENTERED","2025-02-03","2025-05-02","1006","571","3","4","0.6666666666666666","2","0.6666666666666666","false","94","912","0","80","0.09343936381709742","0.14010507880910683","FAIL","20","826","86","false","-0.005271663762186776","0.47578692493946734","-0.059119403753572025","-0.0054420763874235","0.038216132340672004","0.04665899513272265","-0.06575759227260047"
"Monthly NEAR, 3 months","MONTHLY","NEAR_ENTERED","2025-02-03","2025-05-02","1006","571","3","4","0.6666666666666666","2","0.6666666666666666","false","94","912","0","80","0.09343936381709742","0.14010507880910683","FAIL","60","800","112","false","0.05150338114850903","0.64625","-0.02165535063843413","0.03600843782529217","0.10077519070097918","0.08577239861318797","-0.13625547691270645"
"Monthly NEAR, 3 months","MONTHLY","NEAR_ENTERED","2025-02-03","2025-05-02","1006","571","3","4","0.6666666666666666","2","0.6666666666666666","false","94","912","0","80","0.09343936381709742","0.14010507880910683","FAIL","120","782","130","false","0.18205523196329845","0.8529411764705882","0.0368848522810315","0.13682017183837758","0.25846978048064073","0.18744550814277927","-0.13748633763609214"
"Monthly NEAR, 3 months","MONTHLY","NEAR_ENTERED","2025-02-03","2025-05-02","1006","571","3","4","0.6666666666666666","2","0.6666666666666666","false","94","912","0","80","0.09343936381709742","0.14010507880910683","FAIL","245","762","150","false","0.38744085957985175","0.8700787401574803","0.08856980623894517","0.25979131893301066","0.5121396558312445","0.4079861836515829","-0.1404566325332332"
"Monthly NEAR, 3 months","MONTHLY","NEAR_ENTERED","2025-02-03","2025-05-02","1006","571","3","4","0.6666666666666666","2","0.6666666666666666","false","94","912","0","80","0.09343936381709742","0.14010507880910683","UNKNOWN","20","0","0","true","","","","","","",""
"Monthly NEAR, 3 months","MONTHLY","NEAR_ENTERED","2025-02-03","2025-05-02","1006","571","3","4","0.6666666666666666","2","0.6666666666666666","false","94","912","0","80","0.09343936381709742","0.14010507880910683","UNKNOWN","60","0","0","true","","","","","","",""
"Monthly NEAR, 3 months","MONTHLY","NEAR_ENTERED","2025-02-03","2025-05-02","1006","571","3","4","0.6666666666666666","2","0.6666666666666666","false","94","912","0","80","0.09343936381709742","0.14010507880910683","UNKNOWN","120","0","0","true","","","","","","",""
"Monthly NEAR, 3 months","MONTHLY","NEAR_ENTERED","2025-02-03","2025-05-02","1006","571","3","4","0.6666666666666666","2","0.6666666666666666","false","94","912","0","80","0.09343936381709742","0.14010507880910683","UNKNOWN","245","0","0","true","","","","","","",""
"Monthly NEAR, 3 months","MONTHLY","NEAR_ENTERED","2025-02-03","2025-05-02","1006","571","3","4","1","3","1","false","5","1001","0","5","0.004970178926441352","0.008756567425569177","PASS","20","5","0","true","-0.044999170184335614","0.4","-0.07982631930527717","-0.07194244604316546","0.002333041703120431","0.01870407481629921","-0.08240680183126226"
"Monthly NEAR, 3 months","MONTHLY","NEAR_ENTERED","2025-02-03","2025-05-02","1006","571","3","4","1","3","1","false","5","1001","0","5","0.004970178926441352","0.008756567425569177","PASS","60","5","0","true","0.032276156468455316","0.8","0.008978963571061982","0.010354041416165582","0.017658600392413293","0.035404141616566465","-0.17835671342685366"
"Monthly NEAR, 3 months","MONTHLY","NEAR_ENTERED","2025-02-03","2025-05-02","1006","571","3","4","1","3","1","false","5","1001","0","5","0.004970178926441352","0.008756567425569177","PASS","120","5","0","true","0.11614228420854693","0.8","0.026160889470242088","0.14571575166752182","0.15798263193052775","0.17702070808283232","-0.17835671342685366"
"Monthly NEAR, 3 months","MONTHLY","NEAR_ENTERED","2025-02-03","2025-05-02","1006","571","3","4","1","3","1","false","5","1001","0","5","0.004970178926441352","0.008756567425569177","PASS","245","5","0","true","0.5065883387634038","1","0.34205362982341403","0.46960587842351376","0.551821446895844","0.5818303273213092","-0.17835671342685366"
"Monthly NEAR, 3 months","MONTHLY","NEAR_ENTERED","2025-02-03","2025-05-02","1006","571","3","4","1","3","1","false","5","1001","0","5","0.004970178926441352","0.008756567425569177","FAIL","20","911","90","false","-0.007071245474091901","0.4654226125137212","-0.061405943549633024","-0.008216926869350827","0.03871473871525677","0.0480114654245789","-0.0701785089254463"
"Monthly NEAR, 3 months","MONTHLY","NEAR_ENTERED","2025-02-03","2025-05-02","1006","571","3","4","1","3","1","false","5","1001","0","5","0.004970178926441352","0.008756567425569177","FAIL","60","883","118","false","0.052179084500624376","0.6455266138165345","-0.02199357165989324","0.034482758620689724","0.10235063152364776","0.08563722184760625","-0.13730144239547193"
"Monthly NEAR, 3 months","MONTHLY","NEAR_ENTERED","2025-02-03","2025-05-02","1006","571","3","4","1","3","1","false","5","1001","0","5","0.004970178926441352","0.008756567425569177","FAIL","120","865","136","false","0.18199429668160183","0.8508670520231214","0.036474164133738496","0.13563144329896915","0.2593180015860428","0.18443804034582123","-0.1380494505494505"
"Monthly NEAR, 3 months","MONTHLY","NEAR_ENTERED","2025-02-03","2025-05-02","1006","571","3","4","1","3","1","false","5","1001","0","5","0.004970178926441352","0.008756567425569177","FAIL","245","842","159","false","0.4002318566260409","0.8705463182897862","0.09352517985611519","0.272640226595252","0.5137401455530745","0.4216527592717356","-0.14334769673026176"
"Monthly NEAR, 3 months","MONTHLY","NEAR_ENTERED","2025-02-03","2025-05-02","1006","571","3","4","1","3","1","false","5","1001","0","5","0.004970178926441352","0.008756567425569177","UNKNOWN","20","0","0","true","","","","","","",""
"Monthly NEAR, 3 months","MONTHLY","NEAR_ENTERED","2025-02-03","2025-05-02","1006","571","3","4","1","3","1","false","5","1001","0","5","0.004970178926441352","0.008756567425569177","UNKNOWN","60","0","0","true","","","","","","",""
"Monthly NEAR, 3 months","MONTHLY","NEAR_ENTERED","2025-02-03","2025-05-02","1006","571","3","4","1","3","1","false","5","1001","0","5","0.004970178926441352","0.008756567425569177","UNKNOWN","120","0","0","true","","","","","","",""
"Monthly NEAR, 3 months","MONTHLY","NEAR_ENTERED","2025-02-03","2025-05-02","1006","571","3","4","1","3","1","false","5","1001","0","5","0.004970178926441352","0.008756567425569177","UNKNOWN","245","0","0","true","","","","","","",""
"Monthly NEAR, 3 months","MONTHLY","NEAR_ENTERED","2025-02-03","2025-05-02","1006","571","4","5","0.5","2","0.5","false","134","872","0","114","0.13320079522862824","0.19964973730297722","PASS","20","125","9","false","-0.012323747215262746","0.432","-0.07098923628908249","-0.02183491628316847","0.03930348258706462","0.054054054054053946","-0.05901794145420203"
"Monthly NEAR, 3 months","MONTHLY","NEAR_ENTERED","2025-02-03","2025-05-02","1006","571","4","5","0.5","2","0.5","false","134","872","0","114","0.13320079522862824","0.19964973730297722","PASS","60","123","11","false","0.04930369595120345","0.6097560975609756","-0.03420642344870595","0.016129032258064502","0.12126952173333938","0.08077360637087594","-0.13368055555555558"
"Monthly NEAR, 3 months","MONTHLY","NEAR_ENTERED","2025-02-03","2025-05-02","1006","571","4","5","0.5","2","0.5","false","134","872","0","114","0.13320079522862824","0.19964973730297722","PASS","120","122","12","false","0.17309745726674075","0.819672131147541","0.030434371047612985","0.1301503583429059","0.25844319515290853","0.18077120298513938","-0.13567589421613396"
"Monthly NEAR, 3 months","MONTHLY","NEAR_ENTERED","2025-02-03","2025-05-02","1006","571","4","5","0.5","2","0.5","false","134","872","0","114","0.13320079522862824","0.19964973730297722","PASS","245","119","15","false","0.5041731940993","0.8739495798319328","0.12234388069770774","0.3488182559087205","0.6228083738117942","0.546189376443418","-0.14657980456026054"
"Monthly NEAR, 3 months","MONTHLY","NEAR_ENTERED","2025-02-03","2025-05-02","1006","571","4","5","0.5","2","0.5","false","134","872","0","114","0.13320079522862824","0.19964973730297722","FAIL","20","791","81","false","-0.0064809507912914725","0.47029077117572693","-0.061405943549633024","-0.006647278770253395","0.03727124802175519","0.04658901830282858","-0.07113821138211385"
"Monthly NEAR, 3 months","MONTHLY","NEAR_ENTERED","2025-02-03","2025-05-02","1006","571","4","5","0.5","2","0.5","false","134","872","0","114","0.13320079522862824","0.19964973730297722","FAIL","60","765","107","false","0.05251131737829489","0.6522875816993464","-0.020187793427230094","0.036575875486381415","0.10144927536231885","0.08695652173913038","-0.13793103448275867"
"Monthly NEAR, 3 months","MONTHLY","NEAR_ENTERED","2025-02-03","2025-05-02","1006","571","4","5","0.5","2","0.5","false","134","872","0","114","0.13320079522862824","0.19964973730297722","FAIL","120","748","124","false","0.18300519821401887","0.8556149732620321","0.03783182813355229","0.13719372484709424","0.2587323517432932","0.18744550814277927","-0.13845948034960465"
"Monthly NEAR, 3 months","MONTHLY","NEAR_ENTERED","2025-02-03","2025-05-02","1006","571","4","5","0.5","2","0.5","false","134","872","0","114","0.13320079522862824","0.19964973730297722","FAIL","245","728","144","false","0.3839719160372623","0.8708791208791209","0.08770648763381322","0.2573711715189215","0.511433943639826","0.4079861836515829","-0.14239217368736062"
"Monthly NEAR, 3 months","MONTHLY","NEAR_ENTERED","2025-02-03","2025-05-02","1006","571","4","5","0.5","2","0.5","false","134","872","0","114","0.13320079522862824","0.19964973730297722","UNKNOWN","20","0","0","true","","","","","","",""
"Monthly NEAR, 3 months","MONTHLY","NEAR_ENTERED","2025-02-03","2025-05-02","1006","571","4","5","0.5","2","0.5","false","134","872","0","114","0.13320079522862824","0.19964973730297722","UNKNOWN","60","0","0","true","","","","","","",""
"Monthly NEAR, 3 months","MONTHLY","NEAR_ENTERED","2025-02-03","2025-05-02","1006","571","4","5","0.5","2","0.5","false","134","872","0","114","0.13320079522862824","0.19964973730297722","UNKNOWN","120","0","0","true","","","","","","",""
"Monthly NEAR, 3 months","MONTHLY","NEAR_ENTERED","2025-02-03","2025-05-02","1006","571","4","5","0.5","2","0.5","false","134","872","0","114","0.13320079522862824","0.19964973730297722","UNKNOWN","245","0","0","true","","","","","","",""
"Monthly NEAR, 3 months","MONTHLY","NEAR_ENTERED","2025-02-03","2025-05-02","1006","571","4","5","0.7","3","0.75","true","45","961","0","41","0.04473161033797217","0.07180385288966724","PASS","20","41","4","false","-0.02272751080174838","0.3902439024390244","-0.07982631930527717","-0.024492497793468626","0.021751254880089332","0.0482347090999502","-0.06483126110124338"
"Monthly NEAR, 3 months","MONTHLY","NEAR_ENTERED","2025-02-03","2025-05-02","1006","571","4","5","0.7","3","0.75","true","45","961","0","41","0.04473161033797217","0.07180385288966724","PASS","60","41","4","false","0.03254112040616149","0.5121951219512195","-0.04256779951939582","0.007703703703703768","0.09967845659163976","0.06349206349206349","-0.15252260134149898"
"Monthly NEAR, 3 months","MONTHLY","NEAR_ENTERED","2025-02-03","2025-05-02","1006","571","4","5","0.7","3","0.75","true","45","961","0","41","0.04473161033797217","0.07180385288966724","PASS","120","40","5","false","0.15161389176709023","0.8","0.02240286106134609","0.09620176671812575","0.181900221116639","0.16588157964854267","-0.16380786799379365"
"Monthly NEAR, 3 months","MONTHLY","NEAR_ENTERED","2025-02-03","2025-05-02","1006","571","4","5","0.7","3","0.75","true","45","961","0","41","0.04473161033797217","0.07180385288966724","PASS","245","37","8","false","0.6525459491070459","0.918918918918919","0.11645101663585944","0.36370577755153977","0.8487109905020354","0.5818303273213092","-0.1821192052980133"
"Monthly NEAR, 3 months","MONTHLY","NEAR_ENTERED","2025-02-03","2025-05-02","1006","571","4","5","0.7","3","0.75","true","45","961","0","41","0.04473161033797217","0.07180385288966724","FAIL","20","875","86","false","-0.006554368611368804","0.4685714285714286","-0.061220059287419526","-0.007213706041478862","0.039329737715714796","0.04768583450210384","-0.07033997655334112"
"Monthly NEAR, 3 months","MONTHLY","NEAR_ENTERED","2025-02-03","2025-05-02","1006","571","4","5","0.7","3","0.75","true","45","961","0","41","0.04473161033797217","0.07180385288966724","FAIL","60","847","114","false","0.053012191806069656","0.6528925619834711","-0.020120340080737154","0.035816618911174825","0.10235063152364776","0.08736627610799785","-0.13712200208550573"
"Monthly NEAR, 3 months","MONTHLY","NEAR_ENTERED","2025-02-03","2025-05-02","1006","571","4","5","0.7","3","0.75","true","45","961","0","41","0.04473161033797217","0.07180385288966724","FAIL","120","830","131","false","0.18306171371077687","0.8530120481927711","0.037272227270553404","0.13762872436765994","0.25942860952791386","0.1868561062353009","-0.13789847285988738"
"Monthly NEAR, 3 months","MONTHLY","NEAR_ENTERED","2025-02-03","2025-05-02","1006","571","4","5","0.7","3","0.75","true","45","961","0","41","0.04473161033797217","0.07180385288966724","FAIL","245","810","151","false","0.3893629195752877","0.8691358024691358","0.09258245528981263","0.26494205202645094","0.5125612330127771","0.4173352902466416","-0.1421037551464462"
"Monthly NEAR, 3 months","MONTHLY","NEAR_ENTERED","2025-02-03","2025-05-02","1006","571","4","5","0.7","3","0.75","true","45","961","0","41","0.04473161033797217","0.07180385288966724","UNKNOWN","20","0","0","true","","","","","","",""
"Monthly NEAR, 3 months","MONTHLY","NEAR_ENTERED","2025-02-03","2025-05-02","1006","571","4","5","0.7","3","0.75","true","45","961","0","41","0.04473161033797217","0.07180385288966724","UNKNOWN","60","0","0","true","","","","","","",""
"Monthly NEAR, 3 months","MONTHLY","NEAR_ENTERED","2025-02-03","2025-05-02","1006","571","4","5","0.7","3","0.75","true","45","961","0","41","0.04473161033797217","0.07180385288966724","UNKNOWN","120","0","0","true","","","","","","",""
"Monthly NEAR, 3 months","MONTHLY","NEAR_ENTERED","2025-02-03","2025-05-02","1006","571","4","5","0.7","3","0.75","true","45","961","0","41","0.04473161033797217","0.07180385288966724","UNKNOWN","245","0","0","true","","","","","","",""
"Monthly NEAR, 3 months","MONTHLY","NEAR_ENTERED","2025-02-03","2025-05-02","1006","571","4","5","1","4","1","false","1","1005","0","1","0.0009940357852882703","0.0017513134851138354","PASS","20","1","0","true","0.004908835904628317","1","0.004908835904628317","0.004908835904628317","0.004908835904628317","0.017531556802244053","-0.01051893408134641"
"Monthly NEAR, 3 months","MONTHLY","NEAR_ENTERED","2025-02-03","2025-05-02","1006","571","4","5","1","4","1","false","1","1005","0","1","0.0009940357852882703","0.0017513134851138354","PASS","60","1","0","true","0.016129032258064502","1","0.016129032258064502","0.016129032258064502","0.016129032258064502","0.07012622720897621","-0.10869565217391308"
"Monthly NEAR, 3 months","MONTHLY","NEAR_ENTERED","2025-02-03","2025-05-02","1006","571","4","5","1","4","1","false","1","1005","0","1","0.0009940357852882703","0.0017513134851138354","PASS","120","1","0","true","0.04137447405329597","1","0.04137447405329597","0.04137447405329597","0.04137447405329597","0.09817671809256656","-0.10869565217391308"
"Monthly NEAR, 3 months","MONTHLY","NEAR_ENTERED","2025-02-03","2025-05-02","1006","571","4","5","1","4","1","false","1","1005","0","1","0.0009940357852882703","0.0017513134851138354","PASS","245","0","1","true","","","","","","",""
"Monthly NEAR, 3 months","MONTHLY","NEAR_ENTERED","2025-02-03","2025-05-02","1006","571","4","5","1","4","1","false","1","1005","0","1","0.0009940357852882703","0.0017513134851138354","FAIL","20","915","90","false","-0.007291594878386916","0.4644808743169399","-0.06190886149154862","-0.008532423208191142","0.03871473871525677","0.0480114654245789","-0.07033997655334112"
"Monthly NEAR, 3 months","MONTHLY","NEAR_ENTERED","2025-02-03","2025-05-02","1006","571","4","5","1","4","1","false","1","1005","0","1","0.0009940357852882703","0.0017513134851138354","FAIL","60","887","118","false","0.052107534796094195","0.6459977452085682","-0.02199357165989324","0.034482758620689724","0.10235063152364776","0.08563722184760625","-0.13786591123701608"
"Monthly NEAR, 3 months","MONTHLY","NEAR_ENTERED","2025-02-03","2025-05-02","1006","571","4","5","1","4","1","false","1","1005","0","1","0.0009940357852882703","0.0017513134851138354","FAIL","120","869","136","false","0.18177721930560994","0.8504027617951668","0.03592569912226984","0.13649851632047483","0.2593180015860428","0.18443804034582123","-0.13842975206611574"
"Monthly NEAR, 3 months","MONTHLY","NEAR_ENTERED","2025-02-03","2025-05-02","1006","571","4","5","1","4","1","false","1","1005","0","1","0.0009940357852882703","0.0017513134851138354","FAIL","245","847","158","false","0.4008596989054822","0.8713105076741441","0.0935757767412444","0.274131274131274","0.5152471270982633","0.42211168889893735","-0.14358647096362476"
"Monthly NEAR, 3 months","MONTHLY","NEAR_ENTERED","2025-02-03","2025-05-02","1006","571","4","5","1","4","1","false","1","1005","0","1","0.0009940357852882703","0.0017513134851138354","UNKNOWN","20","0","0","true","","","","","","",""
"Monthly NEAR, 3 months","MONTHLY","NEAR_ENTERED","2025-02-03","2025-05-02","1006","571","4","5","1","4","1","false","1","1005","0","1","0.0009940357852882703","0.0017513134851138354","UNKNOWN","60","0","0","true","","","","","","",""
"Monthly NEAR, 3 months","MONTHLY","NEAR_ENTERED","2025-02-03","2025-05-02","1006","571","4","5","1","4","1","false","1","1005","0","1","0.0009940357852882703","0.0017513134851138354","UNKNOWN","120","0","0","true","","","","","","",""
"Monthly NEAR, 3 months","MONTHLY","NEAR_ENTERED","2025-02-03","2025-05-02","1006","571","4","5","1","4","1","false","1","1005","0","1","0.0009940357852882703","0.0017513134851138354","UNKNOWN","245","0","0","true","","","","","","",""
"Monthly NEAR, 3 months","MONTHLY","NEAR_ENTERED","2025-02-03","2025-05-02","1006","571","6","7","0.5","3","0.5","false","107","899","0","90","0.10636182902584493","0.15761821366024517","PASS","20","98","9","false","-0.03127491383172142","0.3673469387755102","-0.08261662013881244","-0.039390130458216044","0.023091572262163573","0.04624230980989774","-0.1005894971467835"
"Monthly NEAR, 3 months","MONTHLY","NEAR_ENTERED","2025-02-03","2025-05-02","1006","571","6","7","0.5","3","0.5","false","107","899","0","90","0.10636182902584493","0.15761821366024517","PASS","60","95","12","false","0.04080713625290532","0.6210526315789474","-0.036296455603046784","0.01388888888888884","0.12104015964080816","0.07846889952153102","-0.14235111799867173"
"Monthly NEAR, 3 months","MONTHLY","NEAR_ENTERED","2025-02-03","2025-05-02","1006","571","6","7","0.5","3","0.5","false","107","899","0","90","0.10636182902584493","0.15761821366024517","PASS","120","91","16","false","0.18506616142240712","0.8461538461538461","0.03188824579021632","0.11733931240657691","0.26055081645892864","0.17702070808283232","-0.14423076923076927"
"Monthly NEAR, 3 months","MONTHLY","NEAR_ENTERED","2025-02-03","2025-05-02","1006","571","6","7","0.5","3","0.5","false","107","899","0","90","0.10636182902584493","0.15761821366024517","PASS","245","90","17","false","0.46209544793178864","0.8555555555555555","0.08254094495537517","0.32402207433858143","0.6142650274675414","0.539932838461365","-0.15839404480616082"
"Monthly NEAR, 3 months","MONTHLY","NEAR_ENTERED","2025-02-03","2025-05-02","1006","571","6","7","0.5","3","0.5","false","107","899","0","90","0.10636182902584493","0.15761821366024517","FAIL","20","818","81","false","-0.004403372765660999","0.4767726161369193","-0.05855016288588097","-0.0054420763874235","0.03981425292208646","0.04809427437895608","-0.0652284527743014"
"Monthly NEAR, 3 months","MONTHLY","NEAR_ENTERED","2025-02-03","2025-05-02","1006","571","6","7","0.5","3","0.5","false","107","899","0","90","0.10636182902584493","0.15761821366024517","FAIL","60","793","106","false","0.053415932474612356","0.6494325346784363","-0.021392313270485852","0.036547433903576954","0.10144927536231885","0.08695652173913038","-0.13630952380952377"
"Monthly NEAR, 3 months","MONTHLY","NEAR_ENTERED","2025-02-03","2025-05-02","1006","571","6","7","0.5","3","0.5","false","107","899","0","90","0.10636182902584493","0.15761821366024517","FAIL","120","779","120","false","0.1812127822351598","0.8510911424903723","0.03699551101367582","0.13803496081977085","0.25892756835754305","0.18771726535341826","-0.13767123287671235"
"Monthly NEAR, 3 months","MONTHLY","NEAR_ENTERED","2025-02-03","2025-05-02","1006","571","6","7","0.5","3","0.5","false","107","899","0","90","0.10636182902584493","0.15761821366024517","FAIL","245","757","142","false","0.39357935886272477","0.8731836195508587","0.09425070688030157","0.26792452830188673","0.5119542619542619","0.417347745847614","-0.14177777777777778"
"Monthly NEAR, 3 months","MONTHLY","NEAR_ENTERED","2025-02-03","2025-05-02","1006","571","6","7","0.5","3","0.5","false","107","899","0","90","0.10636182902584493","0.15761821366024517","UNKNOWN","20","0","0","true","","","","","","",""
"Monthly NEAR, 3 months","MONTHLY","NEAR_ENTERED","2025-02-03","2025-05-02","1006","571","6","7","0.5","3","0.5","false","107","899","0","90","0.10636182902584493","0.15761821366024517","UNKNOWN","60","0","0","true","","","","","","",""
"Monthly NEAR, 3 months","MONTHLY","NEAR_ENTERED","2025-02-03","2025-05-02","1006","571","6","7","0.5","3","0.5","false","107","899","0","90","0.10636182902584493","0.15761821366024517","UNKNOWN","120","0","0","true","","","","","","",""
"Monthly NEAR, 3 months","MONTHLY","NEAR_ENTERED","2025-02-03","2025-05-02","1006","571","6","7","0.5","3","0.5","false","107","899","0","90","0.10636182902584493","0.15761821366024517","UNKNOWN","245","0","0","true","","","","","","",""
"Monthly NEAR, 3 months","MONTHLY","NEAR_ENTERED","2025-02-03","2025-05-02","1006","571","6","7","0.6666666666666666","4","0.6666666666666666","false","40","966","0","38","0.039761431411530816","0.06654991243432574","PASS","20","37","3","false","-0.035866636098061136","0.35135135135135137","-0.07982631930527717","-0.0352633870265564","0.018045112781954975","0.04166666666666674","-0.0871225269003818"
"Monthly NEAR, 3 months","MONTHLY","NEAR_ENTERED","2025-02-03","2025-05-02","1006","571","6","7","0.6666666666666666","4","0.6666666666666666","false","40","966","0","38","0.039761431411530816","0.06654991243432574","PASS","60","36","4","false","0.010646236303184274","0.6111111111111112","-0.030222641352036922","0.013692188350445722","0.07442386573566706","0.07039523638252809","-0.1666136890522819"
"Monthly NEAR, 3 months","MONTHLY","NEAR_ENTERED","2025-02-03","2025-05-02","1006","571","6","7","0.6666666666666666","4","0.6666666666666666","false","40","966","0","38","0.039761431411530816","0.06654991243432574","PASS","120","32","8","false","0.16176162936706276","0.75","0.017667542102681566","0.10461652106138686","0.3463129959063149","0.17791961428622727","-0.176724924036471"
"Monthly NEAR, 3 months","MONTHLY","NEAR_ENTERED","2025-02-03","2025-05-02","1006","571","6","7","0.6666666666666666","4","0.6666666666666666","false","40","966","0","38","0.039761431411530816","0.06654991243432574","PASS","245","31","9","false","0.6322131760752898","0.9032258064516129","0.1574559161768464","0.4009900990099009","0.6521414772648043","0.5818303273213092","-0.20236029156542867"
"Monthly NEAR, 3 months","MONTHLY","NEAR_ENTERED","2025-02-03","2025-05-02","1006","571","6","7","0.6666666666666666","4","0.6666666666666666","false","40","966","0","38","0.039761431411530816","0.06654991243432574","FAIL","20","879","87","false","-0.006074897545154867","0.46985210466439137","-0.060538013803656754","-0.007194244604316502","0.039329737715714796","0.0482347090999502","-0.0694300518134715"
"Monthly NEAR, 3 months","MONTHLY","NEAR_ENTERED","2025-02-03","2025-05-02","1006","571","6","7","0.6666666666666666","4","0.6666666666666666","false","40","966","0","38","0.039761431411530816","0.06654991243432574","FAIL","60","852","114","false","0.053817192358543396","0.647887323943662","-0.02165535063843413","0.035270613583151866","0.1025569412291838","0.08705894402622005","-0.13671576294751475"
"Monthly NEAR, 3 months","MONTHLY","NEAR_ENTERED","2025-02-03","2025-05-02","1006","571","6","7","0.6666666666666666","4","0.6666666666666666","false","40","966","0","38","0.039761431411530816","0.06654991243432574","FAIL","120","838","128","false","0.18237399273374982","0.8544152744630071","0.0368848522810315","0.13682017183837758","0.25846978048064073","0.1845535149464298","-0.1377685720568642"
"Monthly NEAR, 3 months","MONTHLY","NEAR_ENTERED","2025-02-03","2025-05-02","1006","571","6","7","0.6666666666666666","4","0.6666666666666666","false","40","966","0","38","0.039761431411530816","0.06654991243432574","FAIL","245","816","150","false","0.39207053494437444","0.8700980392156863","0.09168121833883675","0.2693685141509433","0.512785898839222","0.4176481712025466","-0.1421037551464462"
"Monthly NEAR, 3 months","MONTHLY","NEAR_ENTERED","2025-02-03","2025-05-02","1006","571","6","7","0.6666666666666666","4","0.6666666666666666","false","40","966","0","38","0.039761431411530816","0.06654991243432574","UNKNOWN","20","0","0","true","","","","","","",""
"Monthly NEAR, 3 months","MONTHLY","NEAR_ENTERED","2025-02-03","2025-05-02","1006","571","6","7","0.6666666666666666","4","0.6666666666666666","false","40","966","0","38","0.039761431411530816","0.06654991243432574","UNKNOWN","60","0","0","true","","","","","","",""
"Monthly NEAR, 3 months","MONTHLY","NEAR_ENTERED","2025-02-03","2025-05-02","1006","571","6","7","0.6666666666666666","4","0.6666666666666666","false","40","966","0","38","0.039761431411530816","0.06654991243432574","UNKNOWN","120","0","0","true","","","","","","",""
"Monthly NEAR, 3 months","MONTHLY","NEAR_ENTERED","2025-02-03","2025-05-02","1006","571","6","7","0.6666666666666666","4","0.6666666666666666","false","40","966","0","38","0.039761431411530816","0.06654991243432574","UNKNOWN","245","0","0","true","","","","","","",""
"Monthly NEAR, 3 months","MONTHLY","NEAR_ENTERED","2025-02-03","2025-05-02","1006","571","6","7","0.8333333333333334","5","0.8333333333333334","false","5","1001","0","5","0.004970178926441352","0.008756567425569177","PASS","20","4","1","true","0.030633239142224628","0.75","0.006488019796004635","0.03605672175234975","0.060201941098569745","0.0738512949039265","-0.06739363027451667"
"Monthly NEAR, 3 months","MONTHLY","NEAR_ENTERED","2025-02-03","2025-05-02","1006","571","6","7","0.8333333333333334","5","0.8333333333333334","false","5","1001","0","5","0.004970178926441352","0.008756567425569177","PASS","60","4","1","true","0.11502951920982521","0.75","0.01371134850222308","0.11913992777754812","0.22045809848515024","0.1751278874421579","-0.11025077313165954"
"Monthly NEAR, 3 months","MONTHLY","NEAR_ENTERED","2025-02-03","2025-05-02","1006","571","6","7","0.8333333333333334","5","0.8333333333333334","false","5","1001","0","5","0.004970178926441352","0.008756567425569177","PASS","120","4","1","true","0.31370205801312107","0.75","0.13132657372201098","0.29363988087696535","0.4760153651680754","0.3422222162948184","-0.11236717524806167"
"Monthly NEAR, 3 months","MONTHLY","NEAR_ENTERED","2025-02-03","2025-05-02","1006","571","6","7","0.8333333333333334","5","0.8333333333333334","false","5","1001","0","5","0.004970178926441352","0.008756567425569177","PASS","245","4","1","true","0.44479687177510896","0.75","0.03545677671152961","0.39500493234090817","0.8043450274044875","0.5710521601163667","-0.1295840662292112"
"Monthly NEAR, 3 months","MONTHLY","NEAR_ENTERED","2025-02-03","2025-05-02","1006","571","6","7","0.8333333333333334","5","0.8333333333333334","false","5","1001","0","5","0.004970178926441352","0.008756567425569177","FAIL","20","912","89","false","-0.007444554204373131","0.46381578947368424","-0.06206804701260979","-0.008538955061457187","0.03769765987710416","0.047524938829286656","-0.07025924273939371"
"Monthly NEAR, 3 months","MONTHLY","NEAR_ENTERED","2025-02-03","2025-05-02","1006","571","6","7","0.8333333333333334","5","0.8333333333333334","false","5","1001","0","5","0.004970178926441352","0.008756567425569177","FAIL","60","884","117","false","0.05178212027098904","0.6459276018099548","-0.02198224624997891","0.034418377069866946","0.10215385178527753","0.08559803723438675","-0.13789847285988738"
"Monthly NEAR, 3 months","MONTHLY","NEAR_ENTERED","2025-02-03","2025-05-02","1006","571","6","7","0.8333333333333334","5","0.8333333333333334","false","5","1001","0","5","0.004970178926441352","0.008756567425569177","FAIL","120","866","135","false","0.18100573882052637","0.851039260969977","0.036062815375137","0.1355974117903297","0.25846978048064073","0.18376754502118642","-0.13845948034960465"
"Monthly NEAR, 3 months","MONTHLY","NEAR_ENTERED","2025-02-03","2025-05-02","1006","571","6","7","0.8333333333333334","5","0.8333333333333334","false","5","1001","0","5","0.004970178926441352","0.008756567425569177","FAIL","245","843","158","false","0.4006512188444163","0.8718861209964412","0.0935757767412444","0.274131274131274","0.5135268027340558","0.42211168889893735","-0.14358647096362476"
"Monthly NEAR, 3 months","MONTHLY","NEAR_ENTERED","2025-02-03","2025-05-02","1006","571","6","7","0.8333333333333334","5","0.8333333333333334","false","5","1001","0","5","0.004970178926441352","0.008756567425569177","UNKNOWN","20","0","0","true","","","","","","",""
"Monthly NEAR, 3 months","MONTHLY","NEAR_ENTERED","2025-02-03","2025-05-02","1006","571","6","7","0.8333333333333334","5","0.8333333333333334","false","5","1001","0","5","0.004970178926441352","0.008756567425569177","UNKNOWN","60","0","0","true","","","","","","",""
"Monthly NEAR, 3 months","MONTHLY","NEAR_ENTERED","2025-02-03","2025-05-02","1006","571","6","7","0.8333333333333334","5","0.8333333333333334","false","5","1001","0","5","0.004970178926441352","0.008756567425569177","UNKNOWN","120","0","0","true","","","","","","",""
"Monthly NEAR, 3 months","MONTHLY","NEAR_ENTERED","2025-02-03","2025-05-02","1006","571","6","7","0.8333333333333334","5","0.8333333333333334","false","5","1001","0","5","0.004970178926441352","0.008756567425569177","UNKNOWN","245","0","0","true","","","","","","",""
"Monthly NEAR, 3 months","MONTHLY","NEAR_ENTERED","2025-02-03","2025-05-02","1006","571","6","7","1","6","1","false","0","1006","0","0","0","0","PASS","20","0","0","true","","","","","","",""
"Monthly NEAR, 3 months","MONTHLY","NEAR_ENTERED","2025-02-03","2025-05-02","1006","571","6","7","1","6","1","false","0","1006","0","0","0","0","PASS","60","0","0","true","","","","","","",""
"Monthly NEAR, 3 months","MONTHLY","NEAR_ENTERED","2025-02-03","2025-05-02","1006","571","6","7","1","6","1","false","0","1006","0","0","0","0","PASS","120","0","0","true","","","","","","",""
"Monthly NEAR, 3 months","MONTHLY","NEAR_ENTERED","2025-02-03","2025-05-02","1006","571","6","7","1","6","1","false","0","1006","0","0","0","0","PASS","245","0","0","true","","","","","","",""
"Monthly NEAR, 3 months","MONTHLY","NEAR_ENTERED","2025-02-03","2025-05-02","1006","571","6","7","1","6","1","false","0","1006","0","0","0","0","FAIL","20","916","90","false","-0.007278275630807204","0.4650655021834061","-0.06189998948502934","-0.008374675038770985","0.03859505364385635","0.04784864996334137","-0.07025924273939371"
"Monthly NEAR, 3 months","MONTHLY","NEAR_ENTERED","2025-02-03","2025-05-02","1006","571","6","7","1","6","1","false","0","1006","0","0","0","0","FAIL","60","888","118","false","0.05206701846440723","0.6463963963963963","-0.02198224624997891","0.034418377069866946","0.10229751027553957","0.08559803723438675","-0.1377685720568642"
"Monthly NEAR, 3 months","MONTHLY","NEAR_ENTERED","2025-02-03","2025-05-02","1006","571","6","7","1","6","1","false","0","1006","0","0","0","0","FAIL","120","870","136","false","0.18161583683980267","0.8505747126436781","0.036062815375137","0.136064979809722","0.2591227849717929","0.18417865558957724","-0.13833252309188138"
"Monthly NEAR, 3 months","MONTHLY","NEAR_ENTERED","2025-02-03","2025-05-02","1006","571","6","7","1","6","1","false","0","1006","0","0","0","0","FAIL","245","847","159","false","0.4008596989054822","0.8713105076741441","0.0935757767412444","0.274131274131274","0.5152471270982633","0.42211168889893735","-0.14358647096362476"
"Monthly NEAR, 3 months","MONTHLY","NEAR_ENTERED","2025-02-03","2025-05-02","1006","571","6","7","1","6","1","false","0","1006","0","0","0","0","UNKNOWN","20","0","0","true","","","","","","",""
"Monthly NEAR, 3 months","MONTHLY","NEAR_ENTERED","2025-02-03","2025-05-02","1006","571","6","7","1","6","1","false","0","1006","0","0","0","0","UNKNOWN","60","0","0","true","","","","","","",""
"Monthly NEAR, 3 months","MONTHLY","NEAR_ENTERED","2025-02-03","2025-05-02","1006","571","6","7","1","6","1","false","0","1006","0","0","0","0","UNKNOWN","120","0","0","true","","","","","","",""
"Monthly NEAR, 3 months","MONTHLY","NEAR_ENTERED","2025-02-03","2025-05-02","1006","571","6","7","1","6","1","false","0","1006","0","0","0","0","UNKNOWN","245","0","0","true","","","","","","",""
"Monthly NEAR, 3 months","MONTHLY","NEAR_ENTERED","2025-02-03","2025-05-02","1006","571","8","9","0.5","4","0.5","false","109","897","0","89","0.10834990059642147","0.15586690017513136","PASS","20","101","8","false","-0.03557922757068776","0.32673267326732675","-0.0829596412556054","-0.043516873889875685","0.021012133767386754","0.04347826086956519","-0.10682492581602376"
"Monthly NEAR, 3 months","MONTHLY","NEAR_ENTERED","2025-02-03","2025-05-02","1006","571","8","9","0.5","4","0.5","false","109","897","0","89","0.10834990059642147","0.15586690017513136","PASS","60","98","11","false","0.026100070234066675","0.6224489795918368","-0.03766298745233271","0.026295171893013225","0.0928131297782242","0.07950084654076317","-0.1443587306229892"
"Monthly NEAR, 3 months","MONTHLY","NEAR_ENTERED","2025-02-03","2025-05-02","1006","571","8","9","0.5","4","0.5","false","109","897","0","89","0.10834990059642147","0.15586690017513136","PASS","120","94","15","false","0.1571739990395267","0.8297872340425532","0.02460105886946168","0.07914090162840992","0.19628550304136155","0.16588157964854267","-0.15839404480616082"
"Monthly NEAR, 3 months","MONTHLY","NEAR_ENTERED","2025-02-03","2025-05-02","1006","571","8","9","0.5","4","0.5","false","109","897","0","89","0.10834990059642147","0.15586690017513136","PASS","245","92","17","false","0.421640263620747","0.8152173913043478","0.044090656620541346","0.3205342255537029","0.475280498664292","0.43927906375274794","-0.18032891133333218"
"Monthly NEAR, 3 months","MONTHLY","NEAR_ENTERED","2025-02-03","2025-05-02","1006","571","8","9","0.5","4","0.5","false","109","897","0","89","0.10834990059642147","0.15586690017513136","FAIL","20","815","82","false","-0.003771041095926288","0.4822085889570552","-0.057293585664042856","-0.004123711340206171","0.04054794520547944","0.04855735397607308","-0.06483790523690769"
"Monthly NEAR, 3 months","MONTHLY","NEAR_ENTERED","2025-02-03","2025-05-02","1006","571","8","9","0.5","4","0.5","false","109","897","0","89","0.10834990059642147","0.15586690017513136","FAIL","60","790","107","false","0.05528823482715833","0.649367088607595","-0.02066495104377572","0.036631356805217896","0.10310049062211069","0.08726382121065379","-0.13610531435140155"
"Monthly NEAR, 3 months","MONTHLY","NEAR_ENTERED","2025-02-03","2025-05-02","1006","571","8","9","0.5","4","0.5","false","109","897","0","89","0.10834990059642147","0.15586690017513136","FAIL","120","776","121","false","0.18457657492385693","0.8530927835051546","0.03814522579057461","0.13901460951432953","0.26185823773708594","0.18779209647318662","-0.13671576294751475"
"Monthly NEAR, 3 months","MONTHLY","NEAR_ENTERED","2025-02-03","2025-05-02","1006","571","8","9","0.5","4","0.5","false","109","897","0","89","0.10834990059642147","0.15586690017513136","FAIL","245","755","142","false","0.3983274976421655","0.8781456953642384","0.09653917246185773","0.2708124999999999","0.5152471270982633","0.4211634640694919","-0.1400709219858156"
"Monthly NEAR, 3 months","MONTHLY","NEAR_ENTERED","2025-02-03","2025-05-02","1006","571","8","9","0.5","4","0.5","false","109","897","0","89","0.10834990059642147","0.15586690017513136","UNKNOWN","20","0","0","true","","","","","","",""
"Monthly NEAR, 3 months","MONTHLY","NEAR_ENTERED","2025-02-03","2025-05-02","1006","571","8","9","0.5","4","0.5","false","109","897","0","89","0.10834990059642147","0.15586690017513136","UNKNOWN","60","0","0","true","","","","","","",""
"Monthly NEAR, 3 months","MONTHLY","NEAR_ENTERED","2025-02-03","2025-05-02","1006","571","8","9","0.5","4","0.5","false","109","897","0","89","0.10834990059642147","0.15586690017513136","UNKNOWN","120","0","0","true","","","","","","",""
"Monthly NEAR, 3 months","MONTHLY","NEAR_ENTERED","2025-02-03","2025-05-02","1006","571","8","9","0.5","4","0.5","false","109","897","0","89","0.10834990059642147","0.15586690017513136","UNKNOWN","245","0","0","true","","","","","","",""
"Monthly NEAR, 3 months","MONTHLY","NEAR_ENTERED","2025-02-03","2025-05-02","1006","571","8","9","0.75","6","0.75","false","13","993","0","13","0.012922465208747515","0.02276707530647986","PASS","20","13","0","true","0.012762875005939773","0.6153846153846154","-0.0352633870265564","0.03508771929824572","0.05817174515235468","0.06349206349206349","-0.07200587803085967"
"Monthly NEAR, 3 months","MONTHLY","NEAR_ENTERED","2025-02-03","2025-05-02","1006","571","8","9","0.75","6","0.75","false","13","993","0","13","0.012922465208747515","0.02276707530647986","PASS","60","13","0","true","0.03995311125709956","0.6153846153846154","-0.04005224205485414","0.02951269732326689","0.12542372881355934","0.09289617486338808","-0.10582010582010581"
"Monthly NEAR, 3 months","MONTHLY","NEAR_ENTERED","2025-02-03","2025-05-02","1006","571","8","9","0.75","6","0.75","false","13","993","0","13","0.012922465208747515","0.02276707530647986","PASS","120","11","2","true","0.1841040698342936","0.6363636363636364","-0.011953929644095584","0.09152542372881345","0.4308352803979143","0.21584699453551903","-0.11468144044321327"
"Monthly NEAR, 3 months","MONTHLY","NEAR_ENTERED","2025-02-03","2025-05-02","1006","571","8","9","0.75","6","0.75","false","13","993","0","13","0.012922465208747515","0.02276707530647986","PASS","245","11","2","true","0.8765191222838145","0.9090909090909091","0.23035927647845178","0.34665686994856726","0.8140230488475576","0.5158469945355191","-0.2178017532029669"
"Monthly NEAR, 3 months","MONTHLY","NEAR_ENTERED","2025-02-03","2025-05-02","1006","571","8","9","0.75","6","0.75","false","13","993","0","13","0.012922465208747515","0.02276707530647986","FAIL","20","903","90","false","-0.007566797179287501","0.4629014396456257","-0.062209488520632406","-0.008545486914723233","0.03707055471761356","0.04761904761904767","-0.0701785089254463"
"Monthly NEAR, 3 months","MONTHLY","NEAR_ENTERED","2025-02-03","2025-05-02","1006","571","8","9","0.75","6","0.75","false","13","993","0","13","0.012922465208747515","0.02276707530647986","FAIL","60","875","118","false","0.05224699651434437","0.6468571428571429","-0.021904135118827495","0.034482758620689724","0.10195292546119072","0.08549471661863595","-0.13793103448275867"
"Monthly NEAR, 3 months","MONTHLY","NEAR_ENTERED","2025-02-03","2025-05-02","1006","571","8","9","0.75","6","0.75","false","13","993","0","13","0.012922465208747515","0.02276707530647986","FAIL","120","859","134","false","0.1815839735534937","0.8533178114086146","0.03662417884106284","0.13649851632047483","0.25840242583223816","0.18391927083333326","-0.13842975206611574"
"Monthly NEAR, 3 months","MONTHLY","NEAR_ENTERED","2025-02-03","2025-05-02","1006","571","8","9","0.75","6","0.75","false","13","993","0","13","0.012922465208747515","0.02276707530647986","FAIL","245","836","157","false","0.3946010222820831","0.8708133971291866","0.09352517985611519","0.272640226595252","0.512785898839222","0.4211786468570129","-0.14357388859333425"
"Monthly NEAR, 3 months","MONTHLY","NEAR_ENTERED","2025-02-03","2025-05-02","1006","571","8","9","0.75","6","0.75","false","13","993","0","13","0.012922465208747515","0.02276707530647986","UNKNOWN","20","0","0","true","","","","","","",""
"Monthly NEAR, 3 months","MONTHLY","NEAR_ENTERED","2025-02-03","2025-05-02","1006","571","8","9","0.75","6","0.75","false","13","993","0","13","0.012922465208747515","0.02276707530647986","UNKNOWN","60","0","0","true","","","","","","",""
"Monthly NEAR, 3 months","MONTHLY","NEAR_ENTERED","2025-02-03","2025-05-02","1006","571","8","9","0.75","6","0.75","false","13","993","0","13","0.012922465208747515","0.02276707530647986","UNKNOWN","120","0","0","true","","","","","","",""
"Monthly NEAR, 3 months","MONTHLY","NEAR_ENTERED","2025-02-03","2025-05-02","1006","571","8","9","0.75","6","0.75","false","13","993","0","13","0.012922465208747515","0.02276707530647986","UNKNOWN","245","0","0","true","","","","","","",""
"Monthly NEAR, 3 months","MONTHLY","NEAR_ENTERED","2025-02-03","2025-05-02","1006","571","8","9","0.875","7","0.875","false","0","1006","0","0","0","0","PASS","20","0","0","true","","","","","","",""
"Monthly NEAR, 3 months","MONTHLY","NEAR_ENTERED","2025-02-03","2025-05-02","1006","571","8","9","0.875","7","0.875","false","0","1006","0","0","0","0","PASS","60","0","0","true","","","","","","",""
"Monthly NEAR, 3 months","MONTHLY","NEAR_ENTERED","2025-02-03","2025-05-02","1006","571","8","9","0.875","7","0.875","false","0","1006","0","0","0","0","PASS","120","0","0","true","","","","","","",""
"Monthly NEAR, 3 months","MONTHLY","NEAR_ENTERED","2025-02-03","2025-05-02","1006","571","8","9","0.875","7","0.875","false","0","1006","0","0","0","0","PASS","245","0","0","true","","","","","","",""
"Monthly NEAR, 3 months","MONTHLY","NEAR_ENTERED","2025-02-03","2025-05-02","1006","571","8","9","0.875","7","0.875","false","0","1006","0","0","0","0","FAIL","20","916","90","false","-0.007278275630807204","0.4650655021834061","-0.06189998948502934","-0.008374675038770985","0.03859505364385635","0.04784864996334137","-0.07025924273939371"
"Monthly NEAR, 3 months","MONTHLY","NEAR_ENTERED","2025-02-03","2025-05-02","1006","571","8","9","0.875","7","0.875","false","0","1006","0","0","0","0","FAIL","60","888","118","false","0.05206701846440723","0.6463963963963963","-0.02198224624997891","0.034418377069866946","0.10229751027553957","0.08559803723438675","-0.1377685720568642"
"Monthly NEAR, 3 months","MONTHLY","NEAR_ENTERED","2025-02-03","2025-05-02","1006","571","8","9","0.875","7","0.875","false","0","1006","0","0","0","0","FAIL","120","870","136","false","0.18161583683980267","0.8505747126436781","0.036062815375137","0.136064979809722","0.2591227849717929","0.18417865558957724","-0.13833252309188138"
"Monthly NEAR, 3 months","MONTHLY","NEAR_ENTERED","2025-02-03","2025-05-02","1006","571","8","9","0.875","7","0.875","false","0","1006","0","0","0","0","FAIL","245","847","159","false","0.4008596989054822","0.8713105076741441","0.0935757767412444","0.274131274131274","0.5152471270982633","0.42211168889893735","-0.14358647096362476"
"Monthly NEAR, 3 months","MONTHLY","NEAR_ENTERED","2025-02-03","2025-05-02","1006","571","8","9","0.875","7","0.875","false","0","1006","0","0","0","0","UNKNOWN","20","0","0","true","","","","","","",""
"Monthly NEAR, 3 months","MONTHLY","NEAR_ENTERED","2025-02-03","2025-05-02","1006","571","8","9","0.875","7","0.875","false","0","1006","0","0","0","0","UNKNOWN","60","0","0","true","","","","","","",""
"Monthly NEAR, 3 months","MONTHLY","NEAR_ENTERED","2025-02-03","2025-05-02","1006","571","8","9","0.875","7","0.875","false","0","1006","0","0","0","0","UNKNOWN","120","0","0","true","","","","","","",""
"Monthly NEAR, 3 months","MONTHLY","NEAR_ENTERED","2025-02-03","2025-05-02","1006","571","8","9","0.875","7","0.875","false","0","1006","0","0","0","0","UNKNOWN","245","0","0","true","","","","","","",""
"Monthly NEAR, 3 months","MONTHLY","NEAR_ENTERED","2025-02-03","2025-05-02","1006","571","8","9","1","8","1","false","0","1006","0","0","0","0","PASS","20","0","0","true","","","","","","",""
"Monthly NEAR, 3 months","MONTHLY","NEAR_ENTERED","2025-02-03","2025-05-02","1006","571","8","9","1","8","1","false","0","1006","0","0","0","0","PASS","60","0","0","true","","","","","","",""
"Monthly NEAR, 3 months","MONTHLY","NEAR_ENTERED","2025-02-03","2025-05-02","1006","571","8","9","1","8","1","false","0","1006","0","0","0","0","PASS","120","0","0","true","","","","","","",""
"Monthly NEAR, 3 months","MONTHLY","NEAR_ENTERED","2025-02-03","2025-05-02","1006","571","8","9","1","8","1","false","0","1006","0","0","0","0","PASS","245","0","0","true","","","","","","",""
"Monthly NEAR, 3 months","MONTHLY","NEAR_ENTERED","2025-02-03","2025-05-02","1006","571","8","9","1","8","1","false","0","1006","0","0","0","0","FAIL","20","916","90","false","-0.007278275630807204","0.4650655021834061","-0.06189998948502934","-0.008374675038770985","0.03859505364385635","0.04784864996334137","-0.07025924273939371"
"Monthly NEAR, 3 months","MONTHLY","NEAR_ENTERED","2025-02-03","2025-05-02","1006","571","8","9","1","8","1","false","0","1006","0","0","0","0","FAIL","60","888","118","false","0.05206701846440723","0.6463963963963963","-0.02198224624997891","0.034418377069866946","0.10229751027553957","0.08559803723438675","-0.1377685720568642"
"Monthly NEAR, 3 months","MONTHLY","NEAR_ENTERED","2025-02-03","2025-05-02","1006","571","8","9","1","8","1","false","0","1006","0","0","0","0","FAIL","120","870","136","false","0.18161583683980267","0.8505747126436781","0.036062815375137","0.136064979809722","0.2591227849717929","0.18417865558957724","-0.13833252309188138"
"Monthly NEAR, 3 months","MONTHLY","NEAR_ENTERED","2025-02-03","2025-05-02","1006","571","8","9","1","8","1","false","0","1006","0","0","0","0","FAIL","245","847","159","false","0.4008596989054822","0.8713105076741441","0.0935757767412444","0.274131274131274","0.5152471270982633","0.42211168889893735","-0.14358647096362476"
"Monthly NEAR, 3 months","MONTHLY","NEAR_ENTERED","2025-02-03","2025-05-02","1006","571","8","9","1","8","1","false","0","1006","0","0","0","0","UNKNOWN","20","0","0","true","","","","","","",""
"Monthly NEAR, 3 months","MONTHLY","NEAR_ENTERED","2025-02-03","2025-05-02","1006","571","8","9","1","8","1","false","0","1006","0","0","0","0","UNKNOWN","60","0","0","true","","","","","","",""
"Monthly NEAR, 3 months","MONTHLY","NEAR_ENTERED","2025-02-03","2025-05-02","1006","571","8","9","1","8","1","false","0","1006","0","0","0","0","UNKNOWN","120","0","0","true","","","","","","",""
"Monthly NEAR, 3 months","MONTHLY","NEAR_ENTERED","2025-02-03","2025-05-02","1006","571","8","9","1","8","1","false","0","1006","0","0","0","0","UNKNOWN","245","0","0","true","","","","","","",""
"Monthly Zone, 3 months","MONTHLY","IN_ZONE_ENTERED","2025-02-03","2025-05-02","701","534","3","4","0.6666666666666666","2","0.6666666666666666","false","11","690","0","11","0.015691868758915834","0.020599250936329586","PASS","20","10","1","true","-0.035722258886544976","0.5","-0.11341047483541569","0.0025819070136439692","0.021039078485603768","0.052987480823842636","-0.1622194902020832"
"Monthly Zone, 3 months","MONTHLY","IN_ZONE_ENTERED","2025-02-03","2025-05-02","701","534","3","4","0.6666666666666666","2","0.6666666666666666","false","11","690","0","11","0.015691868758915834","0.020599250936329586","PASS","60","10","1","true","0.07684746169166981","0.8","0.02052662842136521","0.0919832616258307","0.19543359865940518","0.12281753334576617","-0.1622194902020832"
"Monthly Zone, 3 months","MONTHLY","IN_ZONE_ENTERED","2025-02-03","2025-05-02","701","534","3","4","0.6666666666666666","2","0.6666666666666666","false","11","690","0","11","0.015691868758915834","0.020599250936329586","PASS","120","10","1","true","0.3039343485338356","0.8","0.05363637892329559","0.32662224694127173","0.5087063385132808","0.36211574615885966","-0.1622194902020832"
"Monthly Zone, 3 months","MONTHLY","IN_ZONE_ENTERED","2025-02-03","2025-05-02","701","534","3","4","0.6666666666666666","2","0.6666666666666666","false","11","690","0","11","0.015691868758915834","0.020599250936329586","PASS","245","10","1","true","0.5375703317347483","0.9","0.21311142213771783","0.4853806290207291","0.8142653693160713","0.7053648867256331","-0.1622194902020832"
"Monthly Zone, 3 months","MONTHLY","IN_ZONE_ENTERED","2025-02-03","2025-05-02","701","534","3","4","0.6666666666666666","2","0.6666666666666666","false","11","690","0","11","0.015691868758915834","0.020599250936329586","FAIL","20","649","41","false","0.018761886877918507","0.600924499229584","-0.029469548133595258","0.019327731092436906","0.07441418619379347","0.058939096267190516","-0.07465277777777768"
"Monthly Zone, 3 months","MONTHLY","IN_ZONE_ENTERED","2025-02-03","2025-05-02","701","534","3","4","0.6666666666666666","2","0.6666666666666666","false","11","690","0","11","0.015691868758915834","0.020599250936329586","FAIL","60","628","62","false","0.08522604011136364","0.7404458598726115","-0.0029140815483473803","0.06605988128896578","0.14964905910534576","0.12661034261318949","-0.12104108670022184"
"Monthly Zone, 3 months","MONTHLY","IN_ZONE_ENTERED","2025-02-03","2025-05-02","701","534","3","4","0.6666666666666666","2","0.6666666666666666","false","11","690","0","11","0.015691868758915834","0.020599250936329586","FAIL","120","621","69","false","0.22198333941682336","0.8921095008051529","0.06594885598923295","0.17704169046259288","0.31935261707988993","0.24389891696750898","-0.12301587301587302"
"Monthly Zone, 3 months","MONTHLY","IN_ZONE_ENTERED","2025-02-03","2025-05-02","701","534","3","4","0.6666666666666666","2","0.6666666666666666","false","11","690","0","11","0.015691868758915834","0.020599250936329586","FAIL","245","610","80","false","0.44878089285815165","0.8803278688524591","0.12078905977623533","0.3338946992162677","0.6014924841070415","0.4866378715179033","-0.12728155005941483"
"Monthly Zone, 3 months","MONTHLY","IN_ZONE_ENTERED","2025-02-03","2025-05-02","701","534","3","4","0.6666666666666666","2","0.6666666666666666","false","11","690","0","11","0.015691868758915834","0.020599250936329586","UNKNOWN","20","0","0","true","","","","","","",""
"Monthly Zone, 3 months","MONTHLY","IN_ZONE_ENTERED","2025-02-03","2025-05-02","701","534","3","4","0.6666666666666666","2","0.6666666666666666","false","11","690","0","11","0.015691868758915834","0.020599250936329586","UNKNOWN","60","0","0","true","","","","","","",""
"Monthly Zone, 3 months","MONTHLY","IN_ZONE_ENTERED","2025-02-03","2025-05-02","701","534","3","4","0.6666666666666666","2","0.6666666666666666","false","11","690","0","11","0.015691868758915834","0.020599250936329586","UNKNOWN","120","0","0","true","","","","","","",""
"Monthly Zone, 3 months","MONTHLY","IN_ZONE_ENTERED","2025-02-03","2025-05-02","701","534","3","4","0.6666666666666666","2","0.6666666666666666","false","11","690","0","11","0.015691868758915834","0.020599250936329586","UNKNOWN","245","0","0","true","","","","","","",""
"Monthly Zone, 3 months","MONTHLY","IN_ZONE_ENTERED","2025-02-03","2025-05-02","701","534","3","4","1","3","1","false","0","701","0","0","0","0","PASS","20","0","0","true","","","","","","",""
"Monthly Zone, 3 months","MONTHLY","IN_ZONE_ENTERED","2025-02-03","2025-05-02","701","534","3","4","1","3","1","false","0","701","0","0","0","0","PASS","60","0","0","true","","","","","","",""
"Monthly Zone, 3 months","MONTHLY","IN_ZONE_ENTERED","2025-02-03","2025-05-02","701","534","3","4","1","3","1","false","0","701","0","0","0","0","PASS","120","0","0","true","","","","","","",""
"Monthly Zone, 3 months","MONTHLY","IN_ZONE_ENTERED","2025-02-03","2025-05-02","701","534","3","4","1","3","1","false","0","701","0","0","0","0","PASS","245","0","0","true","","","","","","",""
"Monthly Zone, 3 months","MONTHLY","IN_ZONE_ENTERED","2025-02-03","2025-05-02","701","534","3","4","1","3","1","false","0","701","0","0","0","0","FAIL","20","659","42","false","0.017935116835969135","0.5993930197268589","-0.029690505102930698","0.018972849198560793","0.07301849579605357","0.058939096267190516","-0.07523939808481528"
"Monthly Zone, 3 months","MONTHLY","IN_ZONE_ENTERED","2025-02-03","2025-05-02","701","534","3","4","1","3","1","false","0","701","0","0","0","0","FAIL","60","638","63","false","0.08509471443080414","0.7413793103448276","-0.0026210730270067317","0.06686794784456174","0.15025508221728706","0.12661034261318949","-0.12274615992650989"
"Monthly Zone, 3 months","MONTHLY","IN_ZONE_ENTERED","2025-02-03","2025-05-02","701","534","3","4","1","3","1","false","0","701","0","0","0","0","FAIL","120","631","70","false","0.22328208758032592","0.8906497622820919","0.06580117571498123","0.17708146821844228","0.3204938271604939","0.2441093308199811","-0.12320328542094461"
"Monthly Zone, 3 months","MONTHLY","IN_ZONE_ENTERED","2025-02-03","2025-05-02","701","534","3","4","1","3","1","false","0","701","0","0","0","0","FAIL","245","620","81","false","0.4502129805819675","0.8806451612903226","0.12344447122525143","0.3346706224438908","0.6034514171132191","0.49086048836697005","-0.12789133499295158"
"Monthly Zone, 3 months","MONTHLY","IN_ZONE_ENTERED","2025-02-03","2025-05-02","701","534","3","4","1","3","1","false","0","701","0","0","0","0","UNKNOWN","20","0","0","true","","","","","","",""
"Monthly Zone, 3 months","MONTHLY","IN_ZONE_ENTERED","2025-02-03","2025-05-02","701","534","3","4","1","3","1","false","0","701","0","0","0","0","UNKNOWN","60","0","0","true","","","","","","",""
"Monthly Zone, 3 months","MONTHLY","IN_ZONE_ENTERED","2025-02-03","2025-05-02","701","534","3","4","1","3","1","false","0","701","0","0","0","0","UNKNOWN","120","0","0","true","","","","","","",""
"Monthly Zone, 3 months","MONTHLY","IN_ZONE_ENTERED","2025-02-03","2025-05-02","701","534","3","4","1","3","1","false","0","701","0","0","0","0","UNKNOWN","245","0","0","true","","","","","","",""
"Monthly Zone, 3 months","MONTHLY","IN_ZONE_ENTERED","2025-02-03","2025-05-02","701","534","4","5","0.5","2","0.5","false","41","660","0","39","0.05848787446504993","0.07303370786516854","PASS","20","38","3","false","0.021817793674605762","0.6578947368421053","-0.006302640447414881","0.033591438411881724","0.07044257520670966","0.08404882319886053","-0.07172660825790211"
"Monthly Zone, 3 months","MONTHLY","IN_ZONE_ENTERED","2025-02-03","2025-05-02","701","534","4","5","0.5","2","0.5","false","41","660","0","39","0.05848787446504993","0.07303370786516854","PASS","60","37","4","false","0.09123287202096744","0.7837837837837838","0.010273972602739656","0.10434782608695659","0.18140243902439024","0.16276413478012564","-0.12614678899082565"
"Monthly Zone, 3 months","MONTHLY","IN_ZONE_ENTERED","2025-02-03","2025-05-02","701","534","4","5","0.5","2","0.5","false","41","660","0","39","0.05848787446504993","0.07303370786516854","PASS","120","36","5","false","0.2453169546034037","0.8888888888888888","0.07170730174688955","0.1528549320192354","0.4210397896201777","0.2790441393588299","-0.12703443345645177"
"Monthly Zone, 3 months","MONTHLY","IN_ZONE_ENTERED","2025-02-03","2025-05-02","701","534","4","5","0.5","2","0.5","false","41","660","0","39","0.05848787446504993","0.07303370786516854","PASS","245","35","6","false","0.5020227017519193","0.8571428571428571","0.07085663618567617","0.405","0.8633169675852602","0.6984352773826459","-0.13556437889960293"
"Monthly Zone, 3 months","MONTHLY","IN_ZONE_ENTERED","2025-02-03","2025-05-02","701","534","4","5","0.5","2","0.5","false","41","660","0","39","0.05848787446504993","0.07303370786516854","FAIL","20","621","39","false","0.017697529525392334","0.5958132045088567","-0.030905670518677764","0.018404907975460016","0.07243319268635728","0.05740181268882183","-0.07523939808481528"
"Monthly Zone, 3 months","MONTHLY","IN_ZONE_ENTERED","2025-02-03","2025-05-02","701","534","4","5","0.5","2","0.5","false","41","660","0","39","0.05848787446504993","0.07303370786516854","FAIL","60","601","59","false","0.08471682452924671","0.7387687188019967","-0.003937007874015741","0.06601941747572826","0.14773396115361992","0.12198541783510941","-0.12177419354838714"
"Monthly Zone, 3 months","MONTHLY","IN_ZONE_ENTERED","2025-02-03","2025-05-02","701","534","4","5","0.5","2","0.5","false","41","660","0","39","0.05848787446504993","0.07303370786516854","FAIL","120","595","65","false","0.2219488855419548","0.8907563025210085","0.06519001917043998","0.17901234567901225","0.31773662231652355","0.24389891696750898","-0.12317327766179542"
"Monthly Zone, 3 months","MONTHLY","IN_ZONE_ENTERED","2025-02-03","2025-05-02","701","534","4","5","0.5","2","0.5","false","41","660","0","39","0.05848787446504993","0.07303370786516854","FAIL","245","585","75","false","0.44711325367436394","0.882051282051282","0.12623097582811105","0.33375","0.6010773604668562","0.4849176172370089","-0.12771678243334084"
"Monthly Zone, 3 months","MONTHLY","IN_ZONE_ENTERED","2025-02-03","2025-05-02","701","534","4","5","0.5","2","0.5","false","41","660","0","39","0.05848787446504993","0.07303370786516854","UNKNOWN","20","0","0","true","","","","","","",""
"Monthly Zone, 3 months","MONTHLY","IN_ZONE_ENTERED","2025-02-03","2025-05-02","701","534","4","5","0.5","2","0.5","false","41","660","0","39","0.05848787446504993","0.07303370786516854","UNKNOWN","60","0","0","true","","","","","","",""
"Monthly Zone, 3 months","MONTHLY","IN_ZONE_ENTERED","2025-02-03","2025-05-02","701","534","4","5","0.5","2","0.5","false","41","660","0","39","0.05848787446504993","0.07303370786516854","UNKNOWN","120","0","0","true","","","","","","",""
"Monthly Zone, 3 months","MONTHLY","IN_ZONE_ENTERED","2025-02-03","2025-05-02","701","534","4","5","0.5","2","0.5","false","41","660","0","39","0.05848787446504993","0.07303370786516854","UNKNOWN","245","0","0","true","","","","","","",""
"Monthly Zone, 3 months","MONTHLY","IN_ZONE_ENTERED","2025-02-03","2025-05-02","701","534","4","5","0.7","3","0.75","true","2","699","0","2","0.0028530670470756064","0.003745318352059925","PASS","20","1","1","true","-0.014749262536873142","0","-0.014749262536873142","-0.014749262536873142","-0.014749262536873142","0.02448377581120953","-0.03156342182890859"
"Monthly Zone, 3 months","MONTHLY","IN_ZONE_ENTERED","2025-02-03","2025-05-02","701","534","4","5","0.7","3","0.75","true","2","699","0","2","0.0028530670470756064","0.003745318352059925","PASS","60","1","1","true","-0.02920353982300883","0","-0.02920353982300883","-0.02920353982300883","-0.02920353982300883","0.02448377581120953","-0.14277286135693212"
"Monthly Zone, 3 months","MONTHLY","IN_ZONE_ENTERED","2025-02-03","2025-05-02","701","534","4","5","0.7","3","0.75","true","2","699","0","2","0.0028530670470756064","0.003745318352059925","PASS","120","1","1","true","0.0002949852507374562","1","0.0002949852507374562","0.0002949852507374562","0.0002949852507374562","0.027728613569321547","-0.14277286135693212"
"Monthly Zone, 3 months","MONTHLY","IN_ZONE_ENTERED","2025-02-03","2025-05-02","701","534","4","5","0.7","3","0.75","true","2","699","0","2","0.0028530670470756064","0.003745318352059925","PASS","245","1","1","true","0.08259587020648973","1","0.08259587020648973","0.08259587020648973","0.08259587020648973","0.13038348082595874","-0.14277286135693212"
"Monthly Zone, 3 months","MONTHLY","IN_ZONE_ENTERED","2025-02-03","2025-05-02","701","534","4","5","0.7","3","0.75","true","2","699","0","2","0.0028530670470756064","0.003745318352059925","FAIL","20","658","41","false","0.017984789145046403","0.6003039513677811","-0.029800983587598417","0.019093597955386343","0.07331114735090172","0.059031931746258204","-0.07543821627981101"
"Monthly Zone, 3 months","MONTHLY","IN_ZONE_ENTERED","2025-02-03","2025-05-02","701","534","4","5","0.7","3","0.75","true","2","699","0","2","0.0028530670470756064","0.003745318352059925","FAIL","60","637","62","false","0.08527414654109272","0.7425431711145997","-0.002086811352253748","0.06763555058692017","0.1502769230769232","0.1266800114383757","-0.12247644683714676"
"Monthly Zone, 3 months","MONTHLY","IN_ZONE_ENTERED","2025-02-03","2025-05-02","701","534","4","5","0.7","3","0.75","true","2","699","0","2","0.0028530670470756064","0.003745318352059925","FAIL","120","630","69","false","0.2236360353618015","0.8904761904761904","0.06598338112235952","0.17764964500031022","0.3207407407407408","0.24442411201949954","-0.12318828154137001"
"Monthly Zone, 3 months","MONTHLY","IN_ZONE_ENTERED","2025-02-03","2025-05-02","701","534","4","5","0.7","3","0.75","true","2","699","0","2","0.0028530670470756064","0.003745318352059925","FAIL","245","619","80","false","0.450806869290167","0.8804523424878837","0.12498191605955344","0.33528484575546047","0.6036230017072477","0.49156626506024104","-0.12786059206382527"
"Monthly Zone, 3 months","MONTHLY","IN_ZONE_ENTERED","2025-02-03","2025-05-02","701","534","4","5","0.7","3","0.75","true","2","699","0","2","0.0028530670470756064","0.003745318352059925","UNKNOWN","20","0","0","true","","","","","","",""
"Monthly Zone, 3 months","MONTHLY","IN_ZONE_ENTERED","2025-02-03","2025-05-02","701","534","4","5","0.7","3","0.75","true","2","699","0","2","0.0028530670470756064","0.003745318352059925","UNKNOWN","60","0","0","true","","","","","","",""
"Monthly Zone, 3 months","MONTHLY","IN_ZONE_ENTERED","2025-02-03","2025-05-02","701","534","4","5","0.7","3","0.75","true","2","699","0","2","0.0028530670470756064","0.003745318352059925","UNKNOWN","120","0","0","true","","","","","","",""
"Monthly Zone, 3 months","MONTHLY","IN_ZONE_ENTERED","2025-02-03","2025-05-02","701","534","4","5","0.7","3","0.75","true","2","699","0","2","0.0028530670470756064","0.003745318352059925","UNKNOWN","245","0","0","true","","","","","","",""
"Monthly Zone, 3 months","MONTHLY","IN_ZONE_ENTERED","2025-02-03","2025-05-02","701","534","4","5","1","4","1","false","0","701","0","0","0","0","PASS","20","0","0","true","","","","","","",""
"Monthly Zone, 3 months","MONTHLY","IN_ZONE_ENTERED","2025-02-03","2025-05-02","701","534","4","5","1","4","1","false","0","701","0","0","0","0","PASS","60","0","0","true","","","","","","",""
"Monthly Zone, 3 months","MONTHLY","IN_ZONE_ENTERED","2025-02-03","2025-05-02","701","534","4","5","1","4","1","false","0","701","0","0","0","0","PASS","120","0","0","true","","","","","","",""
"Monthly Zone, 3 months","MONTHLY","IN_ZONE_ENTERED","2025-02-03","2025-05-02","701","534","4","5","1","4","1","false","0","701","0","0","0","0","PASS","245","0","0","true","","","","","","",""
"Monthly Zone, 3 months","MONTHLY","IN_ZONE_ENTERED","2025-02-03","2025-05-02","701","534","4","5","1","4","1","false","0","701","0","0","0","0","FAIL","20","659","42","false","0.017935116835969135","0.5993930197268589","-0.029690505102930698","0.018972849198560793","0.07301849579605357","0.058939096267190516","-0.07523939808481528"
"Monthly Zone, 3 months","MONTHLY","IN_ZONE_ENTERED","2025-02-03","2025-05-02","701","534","4","5","1","4","1","false","0","701","0","0","0","0","FAIL","60","638","63","false","0.08509471443080414","0.7413793103448276","-0.0026210730270067317","0.06686794784456174","0.15025508221728706","0.12661034261318949","-0.12274615992650989"
"Monthly Zone, 3 months","MONTHLY","IN_ZONE_ENTERED","2025-02-03","2025-05-02","701","534","4","5","1","4","1","false","0","701","0","0","0","0","FAIL","120","631","70","false","0.22328208758032592","0.8906497622820919","0.06580117571498123","0.17708146821844228","0.3204938271604939","0.2441093308199811","-0.12320328542094461"
"Monthly Zone, 3 months","MONTHLY","IN_ZONE_ENTERED","2025-02-03","2025-05-02","701","534","4","5","1","4","1","false","0","701","0","0","0","0","FAIL","245","620","81","false","0.4502129805819675","0.8806451612903226","0.12344447122525143","0.3346706224438908","0.6034514171132191","0.49086048836697005","-0.12789133499295158"
"Monthly Zone, 3 months","MONTHLY","IN_ZONE_ENTERED","2025-02-03","2025-05-02","701","534","4","5","1","4","1","false","0","701","0","0","0","0","UNKNOWN","20","0","0","true","","","","","","",""
"Monthly Zone, 3 months","MONTHLY","IN_ZONE_ENTERED","2025-02-03","2025-05-02","701","534","4","5","1","4","1","false","0","701","0","0","0","0","UNKNOWN","60","0","0","true","","","","","","",""
"Monthly Zone, 3 months","MONTHLY","IN_ZONE_ENTERED","2025-02-03","2025-05-02","701","534","4","5","1","4","1","false","0","701","0","0","0","0","UNKNOWN","120","0","0","true","","","","","","",""
"Monthly Zone, 3 months","MONTHLY","IN_ZONE_ENTERED","2025-02-03","2025-05-02","701","534","4","5","1","4","1","false","0","701","0","0","0","0","UNKNOWN","245","0","0","true","","","","","","",""
"Monthly Zone, 3 months","MONTHLY","IN_ZONE_ENTERED","2025-02-03","2025-05-02","701","534","6","7","0.5","3","0.5","false","26","675","0","24","0.037089871611982884","0.0449438202247191","PASS","20","23","3","true","-0.032192796874968455","0.391304347826087","-0.09155540045791183","-0.013227513227513255","0.03265215498325236","0.057855927396483375","-0.09465020576131689"
"Monthly Zone, 3 months","MONTHLY","IN_ZONE_ENTERED","2025-02-03","2025-05-02","701","534","6","7","0.5","3","0.5","false","26","675","0","24","0.037089871611982884","0.0449438202247191","PASS","60","23","3","true","0.04457164042949569","0.5652173913043478","-0.037723873856436885","0.02382302892796373","0.1101197843133328","0.09171075837742504","-0.12700369913686804"
"Monthly Zone, 3 months","MONTHLY","IN_ZONE_ENTERED","2025-02-03","2025-05-02","701","534","6","7","0.5","3","0.5","false","26","675","0","24","0.037089871611982884","0.0449438202247191","PASS","120","23","3","true","0.13083255152863443","0.782608695652174","0.026087648217056558","0.09459459459459452","0.17800047711215183","0.1992945326278659","-0.12700369913686804"
"Monthly Zone, 3 months","MONTHLY","IN_ZONE_ENTERED","2025-02-03","2025-05-02","701","534","6","7","0.5","3","0.5","false","26","675","0","24","0.037089871611982884","0.0449438202247191","PASS","245","22","4","true","0.36753549237752164","0.8636363636363636","0.03256208065297084","0.3093645218720322","0.46239941510102806","0.5446717921598937","-0.15618309035070238"
"Monthly Zone, 3 months","MONTHLY","IN_ZONE_ENTERED","2025-02-03","2025-05-02","701","534","6","7","0.5","3","0.5","false","26","675","0","24","0.037089871611982884","0.0449438202247191","FAIL","20","636","39","false","0.019747918746899278","0.6069182389937107","-0.029198352800891614","0.019455037606554648","0.07559428667227025","0.059031931746258204","-0.07516759176271415"
"Monthly Zone, 3 months","MONTHLY","IN_ZONE_ENTERED","2025-02-03","2025-05-02","701","534","6","7","0.5","3","0.5","false","26","675","0","24","0.037089871611982884","0.0449438202247191","FAIL","60","615","60","false","0.08661021150727585","0.7479674796747967","-0.0009212602432941419","0.06777777777777771","0.15108653104390757","0.12698412698412698","-0.12177419354838714"
"Monthly Zone, 3 months","MONTHLY","IN_ZONE_ENTERED","2025-02-03","2025-05-02","701","534","6","7","0.5","3","0.5","false","26","675","0","24","0.037089871611982884","0.0449438202247191","FAIL","120","608","67","false","0.22677935621386033","0.8947368421052632","0.06635246278680385","0.18197165322076547","0.3236350146098184","0.24939404563348577","-0.12316220153186236"
"Monthly Zone, 3 months","MONTHLY","IN_ZONE_ENTERED","2025-02-03","2025-05-02","701","534","6","7","0.5","3","0.5","false","26","675","0","24","0.037089871611982884","0.0449438202247191","FAIL","245","598","77","false","0.4532546273052084","0.8812709030100334","0.12882854237433378","0.33593374690442357","0.6037945863012762","0.4885028447107538","-0.12755265873259397"
"Monthly Zone, 3 months","MONTHLY","IN_ZONE_ENTERED","2025-02-03","2025-05-02","701","534","6","7","0.5","3","0.5","false","26","675","0","24","0.037089871611982884","0.0449438202247191","UNKNOWN","20","0","0","true","","","","","","",""
"Monthly Zone, 3 months","MONTHLY","IN_ZONE_ENTERED","2025-02-03","2025-05-02","701","534","6","7","0.5","3","0.5","false","26","675","0","24","0.037089871611982884","0.0449438202247191","UNKNOWN","60","0","0","true","","","","","","",""
"Monthly Zone, 3 months","MONTHLY","IN_ZONE_ENTERED","2025-02-03","2025-05-02","701","534","6","7","0.5","3","0.5","false","26","675","0","24","0.037089871611982884","0.0449438202247191","UNKNOWN","120","0","0","true","","","","","","",""
"Monthly Zone, 3 months","MONTHLY","IN_ZONE_ENTERED","2025-02-03","2025-05-02","701","534","6","7","0.5","3","0.5","false","26","675","0","24","0.037089871611982884","0.0449438202247191","UNKNOWN","245","0","0","true","","","","","","",""
"Monthly Zone, 3 months","MONTHLY","IN_ZONE_ENTERED","2025-02-03","2025-05-02","701","534","6","7","0.6666666666666666","4","0.6666666666666666","false","3","698","0","3","0.0042796005706134095","0.0056179775280898875","PASS","20","3","0","true","0.022518516049168102","1","0.013358034992640433","0.024464831804281273","0.03265215498325236","0.029561671763506547","-0.09989806320081551"
"Monthly Zone, 3 months","MONTHLY","IN_ZONE_ENTERED","2025-02-03","2025-05-02","701","534","6","7","0.6666666666666666","4","0.6666666666666666","false","3","698","0","3","0.0042796005706134095","0.0056179775280898875","PASS","60","3","0","true","-0.02987826190470873","0.3333333333333333","-0.056728907321044963","-0.02956167176350666","-0.0028693214177714643","0.04952723998199016","-0.13556437889960293"
"Monthly Zone, 3 months","MONTHLY","IN_ZONE_ENTERED","2025-02-03","2025-05-02","701","534","6","7","0.6666666666666666","4","0.6666666666666666","false","3","698","0","3","0.0042796005706134095","0.0056179775280898875","PASS","120","3","0","true","0.10039466495913978","1","0.0700474710632133","0.09582059123343534","0.12845482199221403","0.09785932721712531","-0.13556437889960293"
"Monthly Zone, 3 months","MONTHLY","IN_ZONE_ENTERED","2025-02-03","2025-05-02","701","534","6","7","0.6666666666666666","4","0.6666666666666666","false","3","698","0","3","0.0042796005706134095","0.0056179775280898875","PASS","245","3","0","true","0.12122837437138774","0.6666666666666666","-0.012889541099379398","0.017329255861366022","0.20339673058714403","0.18654434250764518","-0.13556437889960293"
"Monthly Zone, 3 months","MONTHLY","IN_ZONE_ENTERED","2025-02-03","2025-05-02","701","534","6","7","0.6666666666666666","4","0.6666666666666666","false","3","698","0","3","0.0042796005706134095","0.0056179775280898875","FAIL","20","656","42","false","0.017914156168835606","0.5975609756097561","-0.02999337151903786","0.018899152244052253","0.07380639572776077","0.0592106248186931","-0.07516759176271415"
"Monthly Zone, 3 months","MONTHLY","IN_ZONE_ENTERED","2025-02-03","2025-05-02","701","534","6","7","0.6666666666666666","4","0.6666666666666666","false","3","698","0","3","0.0042796005706134095","0.0056179775280898875","FAIL","60","635","63","false","0.08563789384656248","0.7433070866141732","-0.0018021310175532768","0.06777777777777771","0.15059474048152888","0.12673956262425445","-0.12247644683714676"
"Monthly Zone, 3 months","MONTHLY","IN_ZONE_ENTERED","2025-02-03","2025-05-02","701","534","6","7","0.6666666666666666","4","0.6666666666666666","false","3","698","0","3","0.0042796005706134095","0.0056179775280898875","FAIL","120","628","70","false","0.22386912940813414","0.8901273885350318","0.06587501585210709","0.1786150837305952","0.3212865153886281","0.24529905323476775","-0.12318828154137001"
"Monthly Zone, 3 months","MONTHLY","IN_ZONE_ENTERED","2025-02-03","2025-05-02","701","534","6","7","0.6666666666666666","4","0.6666666666666666","false","3","698","0","3","0.0042796005706134095","0.0056179775280898875","FAIL","245","617","81","false","0.4518125815846121","0.8816855753646677","0.12623097582811105","0.33528484575546047","0.6039661708953048","0.49301143583227436","-0.12786059206382527"
"Monthly Zone, 3 months","MONTHLY","IN_ZONE_ENTERED","2025-02-03","2025-05-02","701","534","6","7","0.6666666666666666","4","0.6666666666666666","false","3","698","0","3","0.0042796005706134095","0.0056179775280898875","UNKNOWN","20","0","0","true","","","","","","",""
"Monthly Zone, 3 months","MONTHLY","IN_ZONE_ENTERED","2025-02-03","2025-05-02","701","534","6","7","0.6666666666666666","4","0.6666666666666666","false","3","698","0","3","0.0042796005706134095","0.0056179775280898875","UNKNOWN","60","0","0","true","","","","","","",""
"Monthly Zone, 3 months","MONTHLY","IN_ZONE_ENTERED","2025-02-03","2025-05-02","701","534","6","7","0.6666666666666666","4","0.6666666666666666","false","3","698","0","3","0.0042796005706134095","0.0056179775280898875","UNKNOWN","120","0","0","true","","","","","","",""
"Monthly Zone, 3 months","MONTHLY","IN_ZONE_ENTERED","2025-02-03","2025-05-02","701","534","6","7","0.6666666666666666","4","0.6666666666666666","false","3","698","0","3","0.0042796005706134095","0.0056179775280898875","UNKNOWN","245","0","0","true","","","","","","",""
"Monthly Zone, 3 months","MONTHLY","IN_ZONE_ENTERED","2025-02-03","2025-05-02","701","534","6","7","0.8333333333333334","5","0.8333333333333334","false","0","701","0","0","0","0","PASS","20","0","0","true","","","","","","",""
"Monthly Zone, 3 months","MONTHLY","IN_ZONE_ENTERED","2025-02-03","2025-05-02","701","534","6","7","0.8333333333333334","5","0.8333333333333334","false","0","701","0","0","0","0","PASS","60","0","0","true","","","","","","",""
"Monthly Zone, 3 months","MONTHLY","IN_ZONE_ENTERED","2025-02-03","2025-05-02","701","534","6","7","0.8333333333333334","5","0.8333333333333334","false","0","701","0","0","0","0","PASS","120","0","0","true","","","","","","",""
"Monthly Zone, 3 months","MONTHLY","IN_ZONE_ENTERED","2025-02-03","2025-05-02","701","534","6","7","0.8333333333333334","5","0.8333333333333334","false","0","701","0","0","0","0","PASS","245","0","0","true","","","","","","",""
"Monthly Zone, 3 months","MONTHLY","IN_ZONE_ENTERED","2025-02-03","2025-05-02","701","534","6","7","0.8333333333333334","5","0.8333333333333334","false","0","701","0","0","0","0","FAIL","20","659","42","false","0.017935116835969135","0.5993930197268589","-0.029690505102930698","0.018972849198560793","0.07301849579605357","0.058939096267190516","-0.07523939808481528"
"Monthly Zone, 3 months","MONTHLY","IN_ZONE_ENTERED","2025-02-03","2025-05-02","701","534","6","7","0.8333333333333334","5","0.8333333333333334","false","0","701","0","0","0","0","FAIL","60","638","63","false","0.08509471443080414","0.7413793103448276","-0.0026210730270067317","0.06686794784456174","0.15025508221728706","0.12661034261318949","-0.12274615992650989"
"Monthly Zone, 3 months","MONTHLY","IN_ZONE_ENTERED","2025-02-03","2025-05-02","701","534","6","7","0.8333333333333334","5","0.8333333333333334","false","0","701","0","0","0","0","FAIL","120","631","70","false","0.22328208758032592","0.8906497622820919","0.06580117571498123","0.17708146821844228","0.3204938271604939","0.2441093308199811","-0.12320328542094461"
"Monthly Zone, 3 months","MONTHLY","IN_ZONE_ENTERED","2025-02-03","2025-05-02","701","534","6","7","0.8333333333333334","5","0.8333333333333334","false","0","701","0","0","0","0","FAIL","245","620","81","false","0.4502129805819675","0.8806451612903226","0.12344447122525143","0.3346706224438908","0.6034514171132191","0.49086048836697005","-0.12789133499295158"
"Monthly Zone, 3 months","MONTHLY","IN_ZONE_ENTERED","2025-02-03","2025-05-02","701","534","6","7","0.8333333333333334","5","0.8333333333333334","false","0","701","0","0","0","0","UNKNOWN","20","0","0","true","","","","","","",""
"Monthly Zone, 3 months","MONTHLY","IN_ZONE_ENTERED","2025-02-03","2025-05-02","701","534","6","7","0.8333333333333334","5","0.8333333333333334","false","0","701","0","0","0","0","UNKNOWN","60","0","0","true","","","","","","",""
"Monthly Zone, 3 months","MONTHLY","IN_ZONE_ENTERED","2025-02-03","2025-05-02","701","534","6","7","0.8333333333333334","5","0.8333333333333334","false","0","701","0","0","0","0","UNKNOWN","120","0","0","true","","","","","","",""
"Monthly Zone, 3 months","MONTHLY","IN_ZONE_ENTERED","2025-02-03","2025-05-02","701","534","6","7","0.8333333333333334","5","0.8333333333333334","false","0","701","0","0","0","0","UNKNOWN","245","0","0","true","","","","","","",""
"Monthly Zone, 3 months","MONTHLY","IN_ZONE_ENTERED","2025-02-03","2025-05-02","701","534","6","7","1","6","1","false","0","701","0","0","0","0","PASS","20","0","0","true","","","","","","",""
"Monthly Zone, 3 months","MONTHLY","IN_ZONE_ENTERED","2025-02-03","2025-05-02","701","534","6","7","1","6","1","false","0","701","0","0","0","0","PASS","60","0","0","true","","","","","","",""
"Monthly Zone, 3 months","MONTHLY","IN_ZONE_ENTERED","2025-02-03","2025-05-02","701","534","6","7","1","6","1","false","0","701","0","0","0","0","PASS","120","0","0","true","","","","","","",""
"Monthly Zone, 3 months","MONTHLY","IN_ZONE_ENTERED","2025-02-03","2025-05-02","701","534","6","7","1","6","1","false","0","701","0","0","0","0","PASS","245","0","0","true","","","","","","",""
"Monthly Zone, 3 months","MONTHLY","IN_ZONE_ENTERED","2025-02-03","2025-05-02","701","534","6","7","1","6","1","false","0","701","0","0","0","0","FAIL","20","659","42","false","0.017935116835969135","0.5993930197268589","-0.029690505102930698","0.018972849198560793","0.07301849579605357","0.058939096267190516","-0.07523939808481528"
"Monthly Zone, 3 months","MONTHLY","IN_ZONE_ENTERED","2025-02-03","2025-05-02","701","534","6","7","1","6","1","false","0","701","0","0","0","0","FAIL","60","638","63","false","0.08509471443080414","0.7413793103448276","-0.0026210730270067317","0.06686794784456174","0.15025508221728706","0.12661034261318949","-0.12274615992650989"
"Monthly Zone, 3 months","MONTHLY","IN_ZONE_ENTERED","2025-02-03","2025-05-02","701","534","6","7","1","6","1","false","0","701","0","0","0","0","FAIL","120","631","70","false","0.22328208758032592","0.8906497622820919","0.06580117571498123","0.17708146821844228","0.3204938271604939","0.2441093308199811","-0.12320328542094461"
"Monthly Zone, 3 months","MONTHLY","IN_ZONE_ENTERED","2025-02-03","2025-05-02","701","534","6","7","1","6","1","false","0","701","0","0","0","0","FAIL","245","620","81","false","0.4502129805819675","0.8806451612903226","0.12344447122525143","0.3346706224438908","0.6034514171132191","0.49086048836697005","-0.12789133499295158"
"Monthly Zone, 3 months","MONTHLY","IN_ZONE_ENTERED","2025-02-03","2025-05-02","701","534","6","7","1","6","1","false","0","701","0","0","0","0","UNKNOWN","20","0","0","true","","","","","","",""
"Monthly Zone, 3 months","MONTHLY","IN_ZONE_ENTERED","2025-02-03","2025-05-02","701","534","6","7","1","6","1","false","0","701","0","0","0","0","UNKNOWN","60","0","0","true","","","","","","",""
"Monthly Zone, 3 months","MONTHLY","IN_ZONE_ENTERED","2025-02-03","2025-05-02","701","534","6","7","1","6","1","false","0","701","0","0","0","0","UNKNOWN","120","0","0","true","","","","","","",""
"Monthly Zone, 3 months","MONTHLY","IN_ZONE_ENTERED","2025-02-03","2025-05-02","701","534","6","7","1","6","1","false","0","701","0","0","0","0","UNKNOWN","245","0","0","true","","","","","","",""
"Monthly Zone, 3 months","MONTHLY","IN_ZONE_ENTERED","2025-02-03","2025-05-02","701","534","8","9","0.5","4","0.5","false","31","670","0","30","0.0442225392296719","0.056179775280898875","PASS","20","28","3","true","-0.041060346290119745","0.42857142857142855","-0.10836631833478363","-0.012591579612551584","0.028558493393766815","0.053655679199147044","-0.10718704431973841"
"Monthly Zone, 3 months","MONTHLY","IN_ZONE_ENTERED","2025-02-03","2025-05-02","701","534","8","9","0.5","4","0.5","false","31","670","0","30","0.0442225392296719","0.056179775280898875","PASS","60","28","3","true","0.034395494698757974","0.4642857142857143","-0.06499999999999995","-0.007293766196372009","0.12838850133433216","0.07642398076828738","-0.14578938905705496"
"Monthly Zone, 3 months","MONTHLY","IN_ZONE_ENTERED","2025-02-03","2025-05-02","701","534","8","9","0.5","4","0.5","false","31","670","0","30","0.0442225392296719","0.056179775280898875","PASS","120","27","4","true","0.1534408003571851","0.7037037037037037","-0.004526748971193428","0.07645259938837912","0.20352766912103082","0.14331550802139037","-0.14581844174410297"
"Monthly Zone, 3 months","MONTHLY","IN_ZONE_ENTERED","2025-02-03","2025-05-02","701","534","8","9","0.5","4","0.5","false","31","670","0","30","0.0442225392296719","0.056179775280898875","PASS","245","27","4","true","0.31592512547551804","0.8518518518518519","0.024209386839867064","0.30775343398796684","0.5219802390880811","0.40821886706777155","-0.16300366300366298"
"Monthly Zone, 3 months","MONTHLY","IN_ZONE_ENTERED","2025-02-03","2025-05-02","701","534","8","9","0.5","4","0.5","false","31","670","0","30","0.0442225392296719","0.056179775280898875","FAIL","20","631","39","false","0.020552982077697332","0.606973058637084","-0.028694715467287413","0.019500137324910627","0.07599531965515183","0.059352517985611586","-0.0744709349049022"
"Monthly Zone, 3 months","MONTHLY","IN_ZONE_ENTERED","2025-02-03","2025-05-02","701","534","8","9","0.5","4","0.5","false","31","670","0","30","0.0442225392296719","0.056179775280898875","FAIL","60","610","60","false","0.08742189172998004","0.7540983606557377","0.0017909990368619733","0.06907349156419784","0.1527407118112058","0.1267500630022681","-0.12057907084049074"
"Monthly Zone, 3 months","MONTHLY","IN_ZONE_ENTERED","2025-02-03","2025-05-02","701","534","8","9","0.5","4","0.5","false","31","670","0","30","0.0442225392296719","0.056179775280898875","FAIL","120","604","66","false","0.22640413187672456","0.8990066225165563","0.06684066379420667","0.18197165322076547","0.32313029948623706","0.24939404563348577","-0.12148862303485497"
"Monthly Zone, 3 months","MONTHLY","IN_ZONE_ENTERED","2025-02-03","2025-05-02","701","534","8","9","0.5","4","0.5","false","31","670","0","30","0.0442225392296719","0.056179775280898875","FAIL","245","593","77","false","0.4563272674080624","0.8819561551433389","0.1329431438127091","0.33610590440487353","0.6039661708953048","0.49301143583227436","-0.12717456508698255"
"Monthly Zone, 3 months","MONTHLY","IN_ZONE_ENTERED","2025-02-03","2025-05-02","701","534","8","9","0.5","4","0.5","false","31","670","0","30","0.0442225392296719","0.056179775280898875","UNKNOWN","20","0","0","true","","","","","","",""
"Monthly Zone, 3 months","MONTHLY","IN_ZONE_ENTERED","2025-02-03","2025-05-02","701","534","8","9","0.5","4","0.5","false","31","670","0","30","0.0442225392296719","0.056179775280898875","UNKNOWN","60","0","0","true","","","","","","",""
"Monthly Zone, 3 months","MONTHLY","IN_ZONE_ENTERED","2025-02-03","2025-05-02","701","534","8","9","0.5","4","0.5","false","31","670","0","30","0.0442225392296719","0.056179775280898875","UNKNOWN","120","0","0","true","","","","","","",""
"Monthly Zone, 3 months","MONTHLY","IN_ZONE_ENTERED","2025-02-03","2025-05-02","701","534","8","9","0.5","4","0.5","false","31","670","0","30","0.0442225392296719","0.056179775280898875","UNKNOWN","245","0","0","true","","","","","","",""
"Monthly Zone, 3 months","MONTHLY","IN_ZONE_ENTERED","2025-02-03","2025-05-02","701","534","8","9","0.75","6","0.75","false","0","701","0","0","0","0","PASS","20","0","0","true","","","","","","",""
"Monthly Zone, 3 months","MONTHLY","IN_ZONE_ENTERED","2025-02-03","2025-05-02","701","534","8","9","0.75","6","0.75","false","0","701","0","0","0","0","PASS","60","0","0","true","","","","","","",""
"Monthly Zone, 3 months","MONTHLY","IN_ZONE_ENTERED","2025-02-03","2025-05-02","701","534","8","9","0.75","6","0.75","false","0","701","0","0","0","0","PASS","120","0","0","true","","","","","","",""
"Monthly Zone, 3 months","MONTHLY","IN_ZONE_ENTERED","2025-02-03","2025-05-02","701","534","8","9","0.75","6","0.75","false","0","701","0","0","0","0","PASS","245","0","0","true","","","","","","",""
"Monthly Zone, 3 months","MONTHLY","IN_ZONE_ENTERED","2025-02-03","2025-05-02","701","534","8","9","0.75","6","0.75","false","0","701","0","0","0","0","FAIL","20","659","42","false","0.017935116835969135","0.5993930197268589","-0.029690505102930698","0.018972849198560793","0.07301849579605357","0.058939096267190516","-0.07523939808481528"
"Monthly Zone, 3 months","MONTHLY","IN_ZONE_ENTERED","2025-02-03","2025-05-02","701","534","8","9","0.75","6","0.75","false","0","701","0","0","0","0","FAIL","60","638","63","false","0.08509471443080414","0.7413793103448276","-0.0026210730270067317","0.06686794784456174","0.15025508221728706","0.12661034261318949","-0.12274615992650989"
"Monthly Zone, 3 months","MONTHLY","IN_ZONE_ENTERED","2025-02-03","2025-05-02","701","534","8","9","0.75","6","0.75","false","0","701","0","0","0","0","FAIL","120","631","70","false","0.22328208758032592","0.8906497622820919","0.06580117571498123","0.17708146821844228","0.3204938271604939","0.2441093308199811","-0.12320328542094461"
"Monthly Zone, 3 months","MONTHLY","IN_ZONE_ENTERED","2025-02-03","2025-05-02","701","534","8","9","0.75","6","0.75","false","0","701","0","0","0","0","FAIL","245","620","81","false","0.4502129805819675","0.8806451612903226","0.12344447122525143","0.3346706224438908","0.6034514171132191","0.49086048836697005","-0.12789133499295158"
"Monthly Zone, 3 months","MONTHLY","IN_ZONE_ENTERED","2025-02-03","2025-05-02","701","534","8","9","0.75","6","0.75","false","0","701","0","0","0","0","UNKNOWN","20","0","0","true","","","","","","",""
"Monthly Zone, 3 months","MONTHLY","IN_ZONE_ENTERED","2025-02-03","2025-05-02","701","534","8","9","0.75","6","0.75","false","0","701","0","0","0","0","UNKNOWN","60","0","0","true","","","","","","",""
"Monthly Zone, 3 months","MONTHLY","IN_ZONE_ENTERED","2025-02-03","2025-05-02","701","534","8","9","0.75","6","0.75","false","0","701","0","0","0","0","UNKNOWN","120","0","0","true","","","","","","",""
"Monthly Zone, 3 months","MONTHLY","IN_ZONE_ENTERED","2025-02-03","2025-05-02","701","534","8","9","0.75","6","0.75","false","0","701","0","0","0","0","UNKNOWN","245","0","0","true","","","","","","",""
"Monthly Zone, 3 months","MONTHLY","IN_ZONE_ENTERED","2025-02-03","2025-05-02","701","534","8","9","0.875","7","0.875","false","0","701","0","0","0","0","PASS","20","0","0","true","","","","","","",""
"Monthly Zone, 3 months","MONTHLY","IN_ZONE_ENTERED","2025-02-03","2025-05-02","701","534","8","9","0.875","7","0.875","false","0","701","0","0","0","0","PASS","60","0","0","true","","","","","","",""
"Monthly Zone, 3 months","MONTHLY","IN_ZONE_ENTERED","2025-02-03","2025-05-02","701","534","8","9","0.875","7","0.875","false","0","701","0","0","0","0","PASS","120","0","0","true","","","","","","",""
"Monthly Zone, 3 months","MONTHLY","IN_ZONE_ENTERED","2025-02-03","2025-05-02","701","534","8","9","0.875","7","0.875","false","0","701","0","0","0","0","PASS","245","0","0","true","","","","","","",""
"Monthly Zone, 3 months","MONTHLY","IN_ZONE_ENTERED","2025-02-03","2025-05-02","701","534","8","9","0.875","7","0.875","false","0","701","0","0","0","0","FAIL","20","659","42","false","0.017935116835969135","0.5993930197268589","-0.029690505102930698","0.018972849198560793","0.07301849579605357","0.058939096267190516","-0.07523939808481528"
"Monthly Zone, 3 months","MONTHLY","IN_ZONE_ENTERED","2025-02-03","2025-05-02","701","534","8","9","0.875","7","0.875","false","0","701","0","0","0","0","FAIL","60","638","63","false","0.08509471443080414","0.7413793103448276","-0.0026210730270067317","0.06686794784456174","0.15025508221728706","0.12661034261318949","-0.12274615992650989"
"Monthly Zone, 3 months","MONTHLY","IN_ZONE_ENTERED","2025-02-03","2025-05-02","701","534","8","9","0.875","7","0.875","false","0","701","0","0","0","0","FAIL","120","631","70","false","0.22328208758032592","0.8906497622820919","0.06580117571498123","0.17708146821844228","0.3204938271604939","0.2441093308199811","-0.12320328542094461"
"Monthly Zone, 3 months","MONTHLY","IN_ZONE_ENTERED","2025-02-03","2025-05-02","701","534","8","9","0.875","7","0.875","false","0","701","0","0","0","0","FAIL","245","620","81","false","0.4502129805819675","0.8806451612903226","0.12344447122525143","0.3346706224438908","0.6034514171132191","0.49086048836697005","-0.12789133499295158"
"Monthly Zone, 3 months","MONTHLY","IN_ZONE_ENTERED","2025-02-03","2025-05-02","701","534","8","9","0.875","7","0.875","false","0","701","0","0","0","0","UNKNOWN","20","0","0","true","","","","","","",""
"Monthly Zone, 3 months","MONTHLY","IN_ZONE_ENTERED","2025-02-03","2025-05-02","701","534","8","9","0.875","7","0.875","false","0","701","0","0","0","0","UNKNOWN","60","0","0","true","","","","","","",""
"Monthly Zone, 3 months","MONTHLY","IN_ZONE_ENTERED","2025-02-03","2025-05-02","701","534","8","9","0.875","7","0.875","false","0","701","0","0","0","0","UNKNOWN","120","0","0","true","","","","","","",""
"Monthly Zone, 3 months","MONTHLY","IN_ZONE_ENTERED","2025-02-03","2025-05-02","701","534","8","9","0.875","7","0.875","false","0","701","0","0","0","0","UNKNOWN","245","0","0","true","","","","","","",""
"Monthly Zone, 3 months","MONTHLY","IN_ZONE_ENTERED","2025-02-03","2025-05-02","701","534","8","9","1","8","1","false","0","701","0","0","0","0","PASS","20","0","0","true","","","","","","",""
"Monthly Zone, 3 months","MONTHLY","IN_ZONE_ENTERED","2025-02-03","2025-05-02","701","534","8","9","1","8","1","false","0","701","0","0","0","0","PASS","60","0","0","true","","","","","","",""
"Monthly Zone, 3 months","MONTHLY","IN_ZONE_ENTERED","2025-02-03","2025-05-02","701","534","8","9","1","8","1","false","0","701","0","0","0","0","PASS","120","0","0","true","","","","","","",""
"Monthly Zone, 3 months","MONTHLY","IN_ZONE_ENTERED","2025-02-03","2025-05-02","701","534","8","9","1","8","1","false","0","701","0","0","0","0","PASS","245","0","0","true","","","","","","",""
"Monthly Zone, 3 months","MONTHLY","IN_ZONE_ENTERED","2025-02-03","2025-05-02","701","534","8","9","1","8","1","false","0","701","0","0","0","0","FAIL","20","659","42","false","0.017935116835969135","0.5993930197268589","-0.029690505102930698","0.018972849198560793","0.07301849579605357","0.058939096267190516","-0.07523939808481528"
"Monthly Zone, 3 months","MONTHLY","IN_ZONE_ENTERED","2025-02-03","2025-05-02","701","534","8","9","1","8","1","false","0","701","0","0","0","0","FAIL","60","638","63","false","0.08509471443080414","0.7413793103448276","-0.0026210730270067317","0.06686794784456174","0.15025508221728706","0.12661034261318949","-0.12274615992650989"
"Monthly Zone, 3 months","MONTHLY","IN_ZONE_ENTERED","2025-02-03","2025-05-02","701","534","8","9","1","8","1","false","0","701","0","0","0","0","FAIL","120","631","70","false","0.22328208758032592","0.8906497622820919","0.06580117571498123","0.17708146821844228","0.3204938271604939","0.2441093308199811","-0.12320328542094461"
"Monthly Zone, 3 months","MONTHLY","IN_ZONE_ENTERED","2025-02-03","2025-05-02","701","534","8","9","1","8","1","false","0","701","0","0","0","0","FAIL","245","620","81","false","0.4502129805819675","0.8806451612903226","0.12344447122525143","0.3346706224438908","0.6034514171132191","0.49086048836697005","-0.12789133499295158"
"Monthly Zone, 3 months","MONTHLY","IN_ZONE_ENTERED","2025-02-03","2025-05-02","701","534","8","9","1","8","1","false","0","701","0","0","0","0","UNKNOWN","20","0","0","true","","","","","","",""
"Monthly Zone, 3 months","MONTHLY","IN_ZONE_ENTERED","2025-02-03","2025-05-02","701","534","8","9","1","8","1","false","0","701","0","0","0","0","UNKNOWN","60","0","0","true","","","","","","",""
"Monthly Zone, 3 months","MONTHLY","IN_ZONE_ENTERED","2025-02-03","2025-05-02","701","534","8","9","1","8","1","false","0","701","0","0","0","0","UNKNOWN","120","0","0","true","","","","","","",""
"Monthly Zone, 3 months","MONTHLY","IN_ZONE_ENTERED","2025-02-03","2025-05-02","701","534","8","9","1","8","1","false","0","701","0","0","0","0","UNKNOWN","245","0","0","true","","","","","","",""
"Biweekly NEAR, 3 months","BIWEEKLY","NEAR_ENTERED","2025-02-03","2025-05-02","566","232","3","4","0.6666666666666666","2","0.6666666666666666","false","151","415","0","86","0.2667844522968198","0.3706896551724138","PASS","20","144","7","false","0.003564660328020474","0.4722222222222222","-0.06344243298756563","-0.00570799285575474","0.07156084656084655","0.0549689440993788","-0.0631743987161349"
"Biweekly NEAR, 3 months","BIWEEKLY","NEAR_ENTERED","2025-02-03","2025-05-02","566","232","3","4","0.6666666666666666","2","0.6666666666666666","false","151","415","0","86","0.2667844522968198","0.3706896551724138","PASS","60","137","14","false","0.07028703056029581","0.583941605839416","-0.04044409199048371","0.052947313510693705","0.1833563816806314","0.12048894062863802","-0.1469343941403044"
"Biweekly NEAR, 3 months","BIWEEKLY","NEAR_ENTERED","2025-02-03","2025-05-02","566","232","3","4","0.6666666666666666","2","0.6666666666666666","false","151","415","0","86","0.2667844522968198","0.3706896551724138","PASS","120","137","14","false","0.1640464059982682","0.781021897810219","0.030515960650471685","0.11764705882352944","0.23380726698262233","0.22487562189054722","-0.1469343941403044"
"Biweekly NEAR, 3 months","BIWEEKLY","NEAR_ENTERED","2025-02-03","2025-05-02","566","232","3","4","0.6666666666666666","2","0.6666666666666666","false","151","415","0","86","0.2667844522968198","0.3706896551724138","PASS","245","137","14","false","0.2149316093589972","0.7737226277372263","0.04317841079460272","0.14139534883720928","0.3443877551020409","0.3013617525162817","-0.16847515705311256"
"Biweekly NEAR, 3 months","BIWEEKLY","NEAR_ENTERED","2025-02-03","2025-05-02","566","232","3","4","0.6666666666666666","2","0.6666666666666666","false","151","415","0","86","0.2667844522968198","0.3706896551724138","FAIL","20","395","20","false","-0.0017428034046443428","0.4582278481012658","-0.05637678943097196","-0.009578544061302652","0.04654813888328224","0.05150040551500412","-0.07312379730596541"
"Biweekly NEAR, 3 months","BIWEEKLY","NEAR_ENTERED","2025-02-03","2025-05-02","566","232","3","4","0.6666666666666666","2","0.6666666666666666","false","151","415","0","86","0.2667844522968198","0.3706896551724138","FAIL","60","389","26","false","0.04560918062827569","0.5475578406169666","-0.06613924050632913","0.020319303338171224","0.1150684931506849","0.10035211267605626","-0.17448253557567917"
"Biweekly NEAR, 3 months","BIWEEKLY","NEAR_ENTERED","2025-02-03","2025-05-02","566","232","3","4","0.6666666666666666","2","0.6666666666666666","false","151","415","0","86","0.2667844522968198","0.3706896551724138","FAIL","120","385","30","false","0.18086510412661422","0.8077922077922078","0.028848093605003067","0.09663120567375882","0.25293657008613946","0.18296529968454256","-0.17734588521105377"
"Biweekly NEAR, 3 months","BIWEEKLY","NEAR_ENTERED","2025-02-03","2025-05-02","566","232","3","4","0.6666666666666666","2","0.6666666666666666","false","151","415","0","86","0.2667844522968198","0.3706896551724138","FAIL","245","384","31","false","0.45031211359035","0.8697916666666666","0.10916603176463696","0.283833071019592","0.5570452155625658","0.43119166594154","-0.19303976217019692"
"Biweekly NEAR, 3 months","BIWEEKLY","NEAR_ENTERED","2025-02-03","2025-05-02","566","232","3","4","0.6666666666666666","2","0.6666666666666666","false","151","415","0","86","0.2667844522968198","0.3706896551724138","UNKNOWN","20","0","0","true","","","","","","",""
"Biweekly NEAR, 3 months","BIWEEKLY","NEAR_ENTERED","2025-02-03","2025-05-02","566","232","3","4","0.6666666666666666","2","0.6666666666666666","false","151","415","0","86","0.2667844522968198","0.3706896551724138","UNKNOWN","60","0","0","true","","","","","","",""
"Biweekly NEAR, 3 months","BIWEEKLY","NEAR_ENTERED","2025-02-03","2025-05-02","566","232","3","4","0.6666666666666666","2","0.6666666666666666","false","151","415","0","86","0.2667844522968198","0.3706896551724138","UNKNOWN","120","0","0","true","","","","","","",""
"Biweekly NEAR, 3 months","BIWEEKLY","NEAR_ENTERED","2025-02-03","2025-05-02","566","232","3","4","0.6666666666666666","2","0.6666666666666666","false","151","415","0","86","0.2667844522968198","0.3706896551724138","UNKNOWN","245","0","0","true","","","","","","",""
"Biweekly NEAR, 3 months","BIWEEKLY","NEAR_ENTERED","2025-02-03","2025-05-02","566","232","3","4","1","3","1","false","65","501","0","44","0.11484098939929328","0.1896551724137931","PASS","20","60","5","false","-0.004328733174619328","0.48333333333333334","-0.05785097647254803","-0.002942865345966106","0.058314090551895015","0.0556710184144944","-0.07304521381355705"
"Biweekly NEAR, 3 months","BIWEEKLY","NEAR_ENTERED","2025-02-03","2025-05-02","566","232","3","4","1","3","1","false","65","501","0","44","0.11484098939929328","0.1896551724137931","PASS","60","57","8","false","0.06654211712038446","0.5964912280701754","-0.029041916167664605","0.06608851674641159","0.1831140350877194","0.12048894062863802","-0.15499603899011472"
"Biweekly NEAR, 3 months","BIWEEKLY","NEAR_ENTERED","2025-02-03","2025-05-02","566","232","3","4","1","3","1","false","65","501","0","44","0.11484098939929328","0.1896551724137931","PASS","120","57","8","false","0.14849780463655782","0.7543859649122807","0.039614561027837336","0.09868421052631571","0.2233736327000575","0.22977725674091443","-0.15499603899011472"
"Biweekly NEAR, 3 months","BIWEEKLY","NEAR_ENTERED","2025-02-03","2025-05-02","566","232","3","4","1","3","1","false","65","501","0","44","0.11484098939929328","0.1896551724137931","PASS","245","57","8","false","0.20691700416951472","0.7894736842105263","0.04354838709677411","0.1466905187835421","0.25586206896551733","0.3008565310492506","-0.18507235338918504"
"Biweekly NEAR, 3 months","BIWEEKLY","NEAR_ENTERED","2025-02-03","2025-05-02","566","232","3","4","1","3","1","false","65","501","0","44","0.11484098939929328","0.1896551724137931","FAIL","20","479","22","false","0.0001766758515189802","0.4592901878914405","-0.05747997711670477","-0.009578544061302652","0.05107955702105982","0.05150040551500412","-0.06972111553784865"
"Biweekly NEAR, 3 months","BIWEEKLY","NEAR_ENTERED","2025-02-03","2025-05-02","566","232","3","4","1","3","1","false","65","501","0","44","0.11484098939929328","0.1896551724137931","FAIL","60","469","32","false","0.050273760714920804","0.5522388059701493","-0.06604651162790698","0.024112525117213623","0.11881188118811892","0.10227272727272729","-0.16400000000000003"
"Biweekly NEAR, 3 months","BIWEEKLY","NEAR_ENTERED","2025-02-03","2025-05-02","566","232","3","4","1","3","1","false","65","501","0","44","0.11484098939929328","0.1896551724137931","FAIL","120","465","36","false","0.17987752224994724","0.8064516129032258","0.029338842975206614","0.10143329658213895","0.25750394944707744","0.19001610305958128","-0.17013888888888884"
"Biweekly NEAR, 3 months","BIWEEKLY","NEAR_ENTERED","2025-02-03","2025-05-02","566","232","3","4","1","3","1","false","65","501","0","44","0.11484098939929328","0.1896551724137931","FAIL","245","464","37","false","0.4107138208258937","0.8512931034482759","0.09778652182157316","0.2523663473314387","0.5281130304943904","0.4132644308867188","-0.18675342672190454"
"Biweekly NEAR, 3 months","BIWEEKLY","NEAR_ENTERED","2025-02-03","2025-05-02","566","232","3","4","1","3","1","false","65","501","0","44","0.11484098939929328","0.1896551724137931","UNKNOWN","20","0","0","true","","","","","","",""
"Biweekly NEAR, 3 months","BIWEEKLY","NEAR_ENTERED","2025-02-03","2025-05-02","566","232","3","4","1","3","1","false","65","501","0","44","0.11484098939929328","0.1896551724137931","UNKNOWN","60","0","0","true","","","","","","",""
"Biweekly NEAR, 3 months","BIWEEKLY","NEAR_ENTERED","2025-02-03","2025-05-02","566","232","3","4","1","3","1","false","65","501","0","44","0.11484098939929328","0.1896551724137931","UNKNOWN","120","0","0","true","","","","","","",""
"Biweekly NEAR, 3 months","BIWEEKLY","NEAR_ENTERED","2025-02-03","2025-05-02","566","232","3","4","1","3","1","false","65","501","0","44","0.11484098939929328","0.1896551724137931","UNKNOWN","245","0","0","true","","","","","","",""
"Biweekly NEAR, 3 months","BIWEEKLY","NEAR_ENTERED","2025-02-03","2025-05-02","566","232","4","5","0.5","2","0.5","false","178","388","0","93","0.31448763250883394","0.40086206896551724","PASS","20","171","7","false","0.008244397710180942","0.47368421052631576","-0.06768848843885378","-0.0046511627906976605","0.07226592499246876","0.0549689440993788","-0.07155322862129143"
"Biweekly NEAR, 3 months","BIWEEKLY","NEAR_ENTERED","2025-02-03","2025-05-02","566","232","4","5","0.5","2","0.5","false","178","388","0","93","0.31448763250883394","0.40086206896551724","PASS","60","166","12","false","0.06551112580574454","0.5903614457831325","-0.049185823754789304","0.04916288257779833","0.15937139876330442","0.12490589959982568","-0.14181303253880467"
"Biweekly NEAR, 3 months","BIWEEKLY","NEAR_ENTERED","2025-02-03","2025-05-02","566","232","4","5","0.5","2","0.5","false","178","388","0","93","0.31448763250883394","0.40086206896551724","PASS","120","166","12","false","0.16316091963369184","0.8072289156626506","0.0382369735902926","0.10063293627393166","0.24506738278339146","0.21613527704069968","-0.14181303253880467"
"Biweekly NEAR, 3 months","BIWEEKLY","NEAR_ENTERED","2025-02-03","2025-05-02","566","232","4","5","0.5","2","0.5","false","178","388","0","93","0.31448763250883394","0.40086206896551724","PASS","245","166","12","false","0.20368406903760025","0.7951807228915663","0.055733927342751344","0.13148112418805058","0.30046933351321636","0.3095741568905519","-0.16591140517975728"
"Biweekly NEAR, 3 months","BIWEEKLY","NEAR_ENTERED","2025-02-03","2025-05-02","566","232","4","5","0.5","2","0.5","false","178","388","0","93","0.31448763250883394","0.40086206896551724","FAIL","20","368","20","false","-0.004306761592501394","0.45652173913043476","-0.05456883131424556","-0.008972807793134474","0.045083376679007525","0.05072937186744131","-0.0704200047964395"
"Biweekly NEAR, 3 months","BIWEEKLY","NEAR_ENTERED","2025-02-03","2025-05-02","566","232","4","5","0.5","2","0.5","false","178","388","0","93","0.31448763250883394","0.40086206896551724","FAIL","60","360","28","false","0.04582346546501715","0.5416666666666666","-0.06616072177047533","0.021093457815657746","0.11447134543161042","0.10011746280344558","-0.17558554311450664"
"Biweekly NEAR, 3 months","BIWEEKLY","NEAR_ENTERED","2025-02-03","2025-05-02","566","232","4","5","0.5","2","0.5","false","178","388","0","93","0.31448763250883394","0.40086206896551724","FAIL","120","356","32","false","0.1826480619418999","0.797752808988764","0.025872412780256093","0.09930976195267627","0.24958196530565252","0.18483708022201817","-0.178799636604281"
"Biweekly NEAR, 3 months","BIWEEKLY","NEAR_ENTERED","2025-02-03","2025-05-02","566","232","4","5","0.5","2","0.5","false","178","388","0","93","0.31448763250883394","0.40086206896551724","FAIL","245","355","33","false","0.4747997933539023","0.8676056338028169","0.11790990069471086","0.2982616651418115","0.582299722749161","0.43909348441926355","-0.1937581274382315"
"Biweekly NEAR, 3 months","BIWEEKLY","NEAR_ENTERED","2025-02-03","2025-05-02","566","232","4","5","0.5","2","0.5","false","178","388","0","93","0.31448763250883394","0.40086206896551724","UNKNOWN","20","0","0","true","","","","","","",""
"Biweekly NEAR, 3 months","BIWEEKLY","NEAR_ENTERED","2025-02-03","2025-05-02","566","232","4","5","0.5","2","0.5","false","178","388","0","93","0.31448763250883394","0.40086206896551724","UNKNOWN","60","0","0","true","","","","","","",""
"Biweekly NEAR, 3 months","BIWEEKLY","NEAR_ENTERED","2025-02-03","2025-05-02","566","232","4","5","0.5","2","0.5","false","178","388","0","93","0.31448763250883394","0.40086206896551724","UNKNOWN","120","0","0","true","","","","","","",""
"Biweekly NEAR, 3 months","BIWEEKLY","NEAR_ENTERED","2025-02-03","2025-05-02","566","232","4","5","0.5","2","0.5","false","178","388","0","93","0.31448763250883394","0.40086206896551724","UNKNOWN","245","0","0","true","","","","","","",""
"Biweekly NEAR, 3 months","BIWEEKLY","NEAR_ENTERED","2025-02-03","2025-05-02","566","232","4","5","0.7","3","0.75","true","140","426","0","79","0.24734982332155478","0.34051724137931033","PASS","20","133","7","false","0.007038278332526217","0.48872180451127817","-0.06146926536731634","0","0.071957671957672","0.0549689440993788","-0.0680786686838124"
"Biweekly NEAR, 3 months","BIWEEKLY","NEAR_ENTERED","2025-02-03","2025-05-02","566","232","4","5","0.7","3","0.75","true","140","426","0","79","0.24734982332155478","0.34051724137931033","PASS","60","130","10","false","0.06730588347421163","0.5846153846153846","-0.045944356330954284","0.05519581384796113","0.17475057479994194","0.1223012079029715","-0.13707732882385765"
"Biweekly NEAR, 3 months","BIWEEKLY","NEAR_ENTERED","2025-02-03","2025-05-02","566","232","4","5","0.7","3","0.75","true","140","426","0","79","0.24734982332155478","0.34051724137931033","PASS","120","130","10","false","0.16118335301286127","0.7769230769230769","0.03144857667584938","0.11765308668377528","0.22840180652680658","0.21812948778107233","-0.13712768664640151"
"Biweekly NEAR, 3 months","BIWEEKLY","NEAR_ENTERED","2025-02-03","2025-05-02","566","232","4","5","0.7","3","0.75","true","140","426","0","79","0.24734982332155478","0.34051724137931033","PASS","245","130","10","false","0.20943917652509786","0.7846153846153846","0.043270904870145566","0.1413927771042287","0.34939398836457664","0.30995328087216034","-0.16839993427665578"
"Biweekly NEAR, 3 months","BIWEEKLY","NEAR_ENTERED","2025-02-03","2025-05-02","566","232","4","5","0.7","3","0.75","true","140","426","0","79","0.24734982332155478","0.34051724137931033","FAIL","20","406","20","false","-0.002736914472476727","0.45320197044334976","-0.056953131396054374","-0.009771022921752581","0.046740283747550126","0.05072937186744131","-0.07208176136946925"
"Biweekly NEAR, 3 months","BIWEEKLY","NEAR_ENTERED","2025-02-03","2025-05-02","566","232","4","5","0.7","3","0.75","true","140","426","0","79","0.24734982332155478","0.34051724137931033","FAIL","60","396","30","false","0.04702406464523296","0.547979797979798","-0.06606969384751252","0.020094769268436785","0.11614776775082719","0.10057163293147187","-0.17428395071466884"
"Biweekly NEAR, 3 months","BIWEEKLY","NEAR_ENTERED","2025-02-03","2025-05-02","566","232","4","5","0.7","3","0.75","true","140","426","0","79","0.24734982332155478","0.34051724137931033","FAIL","120","392","34","false","0.1815142520888706","0.8086734693877551","0.029452928323292882","0.09725083178241212","0.26250570786966665","0.19001610305958128","-0.1768849679219826"
"Biweekly NEAR, 3 months","BIWEEKLY","NEAR_ENTERED","2025-02-03","2025-05-02","566","232","4","5","0.7","3","0.75","true","140","426","0","79","0.24734982332155478","0.34051724137931033","FAIL","245","391","35","false","0.44792426893251736","0.8644501278772379","0.11093497418782916","0.28186714542190305","0.5414528164877342","0.42710997442455234","-0.19284280936454845"
"Biweekly NEAR, 3 months","BIWEEKLY","NEAR_ENTERED","2025-02-03","2025-05-02","566","232","4","5","0.7","3","0.75","true","140","426","0","79","0.24734982332155478","0.34051724137931033","UNKNOWN","20","0","0","true","","","","","","",""
"Biweekly NEAR, 3 months","BIWEEKLY","NEAR_ENTERED","2025-02-03","2025-05-02","566","232","4","5","0.7","3","0.75","true","140","426","0","79","0.24734982332155478","0.34051724137931033","UNKNOWN","60","0","0","true","","","","","","",""
"Biweekly NEAR, 3 months","BIWEEKLY","NEAR_ENTERED","2025-02-03","2025-05-02","566","232","4","5","0.7","3","0.75","true","140","426","0","79","0.24734982332155478","0.34051724137931033","UNKNOWN","120","0","0","true","","","","","","",""
"Biweekly NEAR, 3 months","BIWEEKLY","NEAR_ENTERED","2025-02-03","2025-05-02","566","232","4","5","0.7","3","0.75","true","140","426","0","79","0.24734982332155478","0.34051724137931033","UNKNOWN","245","0","0","true","","","","","","",""
"Biweekly NEAR, 3 months","BIWEEKLY","NEAR_ENTERED","2025-02-03","2025-05-02","566","232","4","5","1","4","1","false","46","520","0","32","0.0812720848056537","0.13793103448275862","PASS","20","43","3","false","-0.00010541418217544146","0.5581395348837209","-0.07677250949317521","0.014184397163120588","0.06034257369896645","0.06272189349112423","-0.07295666483817886"
"Biweekly NEAR, 3 months","BIWEEKLY","NEAR_ENTERED","2025-02-03","2025-05-02","566","232","4","5","1","4","1","false","46","520","0","32","0.0812720848056537","0.13793103448275862","PASS","60","42","4","false","0.07594526489776288","0.6428571428571429","-0.028568240656230814","0.07914518510661461","0.18012083655633154","0.12770981876885823","-0.10593351278700486"
"Biweekly NEAR, 3 months","BIWEEKLY","NEAR_ENTERED","2025-02-03","2025-05-02","566","232","4","5","1","4","1","false","46","520","0","32","0.0812720848056537","0.13793103448275862","PASS","120","42","4","false","0.1680053001413406","0.7619047619047619","0.03978717349418953","0.1455325005803073","0.2253700353939493","0.2332336488882608","-0.10819216535256193"
"Biweekly NEAR, 3 months","BIWEEKLY","NEAR_ENTERED","2025-02-03","2025-05-02","566","232","4","5","1","4","1","false","46","520","0","32","0.0812720848056537","0.13793103448275862","PASS","245","42","4","false","0.22473114549051929","0.7857142857142857","0.05666934092637588","0.17057450258967244","0.4466117216117217","0.297660303216027","-0.1267545815367913"
"Biweekly NEAR, 3 months","BIWEEKLY","NEAR_ENTERED","2025-02-03","2025-05-02","566","232","4","5","1","4","1","false","46","520","0","32","0.0812720848056537","0.13793103448275862","FAIL","20","496","24","false","-0.0003438779188831148","0.4536290322580645","-0.05705909714061891","-0.009771022921752581","0.05067442842076331","0.0504017598276989","-0.07003091418280405"
"Biweekly NEAR, 3 months","BIWEEKLY","NEAR_ENTERED","2025-02-03","2025-05-02","566","232","4","5","1","4","1","false","46","520","0","32","0.0812720848056537","0.13793103448275862","FAIL","60","484","36","false","0.04996196968068952","0.5495867768595041","-0.06606969384751252","0.023745333277484626","0.1198868237231781","0.10114987025001887","-0.17122893115388532"
"Biweekly NEAR, 3 months","BIWEEKLY","NEAR_ENTERED","2025-02-03","2025-05-02","566","232","4","5","1","4","1","false","46","520","0","32","0.0812720848056537","0.13793103448275862","FAIL","120","480","40","false","0.17719000021786033","0.8041666666666667","0.029216155632655727","0.09844924812030076","0.25117139321181176","0.19001610305958128","-0.17507580020928415"
"Biweekly NEAR, 3 months","BIWEEKLY","NEAR_ENTERED","2025-02-03","2025-05-02","566","232","4","5","1","4","1","false","46","520","0","32","0.0812720848056537","0.13793103448275862","FAIL","245","479","41","false","0.40276988306946804","0.8496868475991649","0.09777648463318556","0.23550295857988157","0.5218499177277677","0.404833836858006","-0.18955349620893003"
"Biweekly NEAR, 3 months","BIWEEKLY","NEAR_ENTERED","2025-02-03","2025-05-02","566","232","4","5","1","4","1","false","46","520","0","32","0.0812720848056537","0.13793103448275862","UNKNOWN","20","0","0","true","","","","","","",""
"Biweekly NEAR, 3 months","BIWEEKLY","NEAR_ENTERED","2025-02-03","2025-05-02","566","232","4","5","1","4","1","false","46","520","0","32","0.0812720848056537","0.13793103448275862","UNKNOWN","60","0","0","true","","","","","","",""
"Biweekly NEAR, 3 months","BIWEEKLY","NEAR_ENTERED","2025-02-03","2025-05-02","566","232","4","5","1","4","1","false","46","520","0","32","0.0812720848056537","0.13793103448275862","UNKNOWN","120","0","0","true","","","","","","",""
"Biweekly NEAR, 3 months","BIWEEKLY","NEAR_ENTERED","2025-02-03","2025-05-02","566","232","4","5","1","4","1","false","46","520","0","32","0.0812720848056537","0.13793103448275862","UNKNOWN","245","0","0","true","","","","","","",""
"Biweekly NEAR, 3 months","BIWEEKLY","NEAR_ENTERED","2025-02-03","2025-05-02","566","232","6","7","0.5","3","0.5","false","186","380","0","91","0.3286219081272085","0.3922413793103448","PASS","20","174","12","false","0.019168137030661274","0.5114942528735632","-0.049832521315468975","0.00566528529133592","0.08382312497625832","0.06076998283013213","-0.06273425787106446"
"Biweekly NEAR, 3 months","BIWEEKLY","NEAR_ENTERED","2025-02-03","2025-05-02","566","232","6","7","0.5","3","0.5","false","186","380","0","91","0.3286219081272085","0.3922413793103448","PASS","60","170","16","false","0.06569901696644691","0.6058823529411764","-0.054684655988350955","0.05129349389886495","0.15253955337313568","0.12723650152127508","-0.12337985448164412"
"Biweekly NEAR, 3 months","BIWEEKLY","NEAR_ENTERED","2025-02-03","2025-05-02","566","232","6","7","0.5","3","0.5","false","186","380","0","91","0.3286219081272085","0.3922413793103448","PASS","120","170","16","false","0.16534968446850973","0.7529411764705882","0.0013909230255134686","0.11765308668377528","0.28021220407113967","0.22249716946250764","-0.12542008300435264"
"Biweekly NEAR, 3 months","BIWEEKLY","NEAR_ENTERED","2025-02-03","2025-05-02","566","232","6","7","0.5","3","0.5","false","186","380","0","91","0.3286219081272085","0.3922413793103448","PASS","245","170","16","false","0.21551853504648516","0.7823529411764706","0.04315761639728083","0.14229510268562406","0.35084318890738153","0.30285478930161913","-0.13948329584614433"
"Biweekly NEAR, 3 months","BIWEEKLY","NEAR_ENTERED","2025-02-03","2025-05-02","566","232","6","7","0.5","3","0.5","false","186","380","0","91","0.3286219081272085","0.3922413793103448","FAIL","20","365","15","false","-0.00961740301625926","0.4383561643835616","-0.06360975609756092","-0.013119533527696792","0.040000000000000036","0.04808743169398899","-0.07426436244745449"
"Biweekly NEAR, 3 months","BIWEEKLY","NEAR_ENTERED","2025-02-03","2025-05-02","566","232","6","7","0.5","3","0.5","false","186","380","0","91","0.3286219081272085","0.3922413793103448","FAIL","60","356","24","false","0.04551253249119044","0.5337078651685393","-0.06596933919532233","0.016407354793921747","0.1170036442089234","0.09850088183421524","-0.18694073940921724"
"Biweekly NEAR, 3 months","BIWEEKLY","NEAR_ENTERED","2025-02-03","2025-05-02","566","232","6","7","0.5","3","0.5","false","186","380","0","91","0.3286219081272085","0.3922413793103448","FAIL","120","352","28","false","0.18181243281495052","0.8238636363636364","0.03478049746365203","0.09653694671039725","0.24356747945410373","0.18154376274030926","-0.19165133935362527"
"Biweekly NEAR, 3 months","BIWEEKLY","NEAR_ENTERED","2025-02-03","2025-05-02","566","232","6","7","0.5","3","0.5","false","186","380","0","91","0.3286219081272085","0.3922413793103448","FAIL","245","351","29","false","0.4721576385839728","0.8746438746438746","0.11840197591849344","0.28881278538812793","0.5776645959537499","0.41794310722100647","-0.1948460087994972"
"Biweekly NEAR, 3 months","BIWEEKLY","NEAR_ENTERED","2025-02-03","2025-05-02","566","232","6","7","0.5","3","0.5","false","186","380","0","91","0.3286219081272085","0.3922413793103448","UNKNOWN","20","0","0","true","","","","","","",""
"Biweekly NEAR, 3 months","BIWEEKLY","NEAR_ENTERED","2025-02-03","2025-05-02","566","232","6","7","0.5","3","0.5","false","186","380","0","91","0.3286219081272085","0.3922413793103448","UNKNOWN","60","0","0","true","","","","","","",""
"Biweekly NEAR, 3 months","BIWEEKLY","NEAR_ENTERED","2025-02-03","2025-05-02","566","232","6","7","0.5","3","0.5","false","186","380","0","91","0.3286219081272085","0.3922413793103448","UNKNOWN","120","0","0","true","","","","","","",""
"Biweekly NEAR, 3 months","BIWEEKLY","NEAR_ENTERED","2025-02-03","2025-05-02","566","232","6","7","0.5","3","0.5","false","186","380","0","91","0.3286219081272085","0.3922413793103448","UNKNOWN","245","0","0","true","","","","","","",""
"Biweekly NEAR, 3 months","BIWEEKLY","NEAR_ENTERED","2025-02-03","2025-05-02","566","232","6","7","0.6666666666666666","4","0.6666666666666666","false","156","410","0","75","0.2756183745583039","0.3232758620689655","PASS","20","144","12","false","0.01973353025564915","0.5347222222222222","-0.047804080298134044","0.009513617371464056","0.09392283825711589","0.0605696585747052","-0.061366112149092655"
"Biweekly NEAR, 3 months","BIWEEKLY","NEAR_ENTERED","2025-02-03","2025-05-02","566","232","6","7","0.6666666666666666","4","0.6666666666666666","false","156","410","0","75","0.2756183745583039","0.3232758620689655","PASS","60","140","16","false","0.06680637629289006","0.6142857142857143","-0.05801272177196393","0.06108735059196735","0.15666603392019318","0.13130176709696073","-0.12043593378467182"
"Biweekly NEAR, 3 months","BIWEEKLY","NEAR_ENTERED","2025-02-03","2025-05-02","566","232","6","7","0.6666666666666666","4","0.6666666666666666","false","156","410","0","75","0.2756183745583039","0.3232758620689655","PASS","120","140","16","false","0.17484343126707977","0.7714285714285715","0.008659349819394313","0.13852832236298862","0.28511925807065736","0.22814733530596887","-0.12337985448164412"
"Biweekly NEAR, 3 months","BIWEEKLY","NEAR_ENTERED","2025-02-03","2025-05-02","566","232","6","7","0.6666666666666666","4","0.6666666666666666","false","156","410","0","75","0.2756183745583039","0.3232758620689655","PASS","245","140","16","false","0.21057690483652766","0.7785714285714286","0.030571782024348404","0.14229510268562406","0.36088970813230664","0.32634431232242445","-0.13360943314882634"
"Biweekly NEAR, 3 months","BIWEEKLY","NEAR_ENTERED","2025-02-03","2025-05-02","566","232","6","7","0.6666666666666666","4","0.6666666666666666","false","156","410","0","75","0.2756183745583039","0.3232758620689655","FAIL","20","395","15","false","-0.0076372775048431625","0.43544303797468353","-0.06242732895545294","-0.013071895424836555","0.04301584820119986","0.04876462938881665","-0.07395110172049502"
"Biweekly NEAR, 3 months","BIWEEKLY","NEAR_ENTERED","2025-02-03","2025-05-02","566","232","6","7","0.6666666666666666","4","0.6666666666666666","false","156","410","0","75","0.2756183745583039","0.3232758620689655","FAIL","60","386","24","false","0.04667979733200818","0.5362694300518135","-0.06451131159625875","0.017237194453603277","0.11541980830060306","0.09829676918140218","-0.18315227436693954"
"Biweekly NEAR, 3 months","BIWEEKLY","NEAR_ENTERED","2025-02-03","2025-05-02","566","232","6","7","0.6666666666666666","4","0.6666666666666666","false","156","410","0","75","0.2756183745583039","0.3232758620689655","FAIL","120","382","28","false","0.1770401631757017","0.8115183246073299","0.03081567416594061","0.09555591791652274","0.24226640915721814","0.17877328061676234","-0.18505051415308937"
"Biweekly NEAR, 3 months","BIWEEKLY","NEAR_ENTERED","2025-02-03","2025-05-02","566","232","6","7","0.6666666666666666","4","0.6666666666666666","false","156","410","0","75","0.2756183745583039","0.3232758620689655","FAIL","245","381","29","false","0.4537656572802182","0.868766404199475","0.11485537770289245","0.27668689753659415","0.5615141955835963","0.40981735159817356","-0.19327731092436973"
"Biweekly NEAR, 3 months","BIWEEKLY","NEAR_ENTERED","2025-02-03","2025-05-02","566","232","6","7","0.6666666666666666","4","0.6666666666666666","false","156","410","0","75","0.2756183745583039","0.3232758620689655","UNKNOWN","20","0","0","true","","","","","","",""
"Biweekly NEAR, 3 months","BIWEEKLY","NEAR_ENTERED","2025-02-03","2025-05-02","566","232","6","7","0.6666666666666666","4","0.6666666666666666","false","156","410","0","75","0.2756183745583039","0.3232758620689655","UNKNOWN","60","0","0","true","","","","","","",""
"Biweekly NEAR, 3 months","BIWEEKLY","NEAR_ENTERED","2025-02-03","2025-05-02","566","232","6","7","0.6666666666666666","4","0.6666666666666666","false","156","410","0","75","0.2756183745583039","0.3232758620689655","UNKNOWN","120","0","0","true","","","","","","",""
"Biweekly NEAR, 3 months","BIWEEKLY","NEAR_ENTERED","2025-02-03","2025-05-02","566","232","6","7","0.6666666666666666","4","0.6666666666666666","false","156","410","0","75","0.2756183745583039","0.3232758620689655","UNKNOWN","245","0","0","true","","","","","","",""
"Biweekly NEAR, 3 months","BIWEEKLY","NEAR_ENTERED","2025-02-03","2025-05-02","566","232","6","7","0.8333333333333334","5","0.8333333333333334","false","83","483","0","49","0.14664310954063603","0.21120689655172414","PASS","20","76","7","false","0.03349839618321507","0.6447368421052632","-0.03139085795739108","0.029444326165637635","0.0991454607081399","0.07894668167939756","-0.05217538513627901"
"Biweekly NEAR, 3 months","BIWEEKLY","NEAR_ENTERED","2025-02-03","2025-05-02","566","232","6","7","0.8333333333333334","5","0.8333333333333334","false","83","483","0","49","0.14664310954063603","0.21120689655172414","PASS","60","74","9","false","0.08232410994354487","0.6756756756756757","-0.026026038583112476","0.07663271635648461","0.16205602029621508","0.137173466992501","-0.0936131777961483"
"Biweekly NEAR, 3 months","BIWEEKLY","NEAR_ENTERED","2025-02-03","2025-05-02","566","232","6","7","0.8333333333333334","5","0.8333333333333334","false","83","483","0","49","0.14664310954063603","0.21120689655172414","PASS","120","74","9","false","0.19116193135328607","0.8243243243243243","0.05118133923635598","0.15696584193437768","0.27048885971619396","0.2313040387557168","-0.09872652818936051"
"Biweekly NEAR, 3 months","BIWEEKLY","NEAR_ENTERED","2025-02-03","2025-05-02","566","232","6","7","0.8333333333333334","5","0.8333333333333334","false","83","483","0","49","0.14664310954063603","0.21120689655172414","PASS","245","74","9","false","0.21845110740564383","0.7837837837837838","0.043270904870145566","0.17933896253311254","0.4873565988804436","0.29791291394954256","-0.1168729019888814"
"Biweekly NEAR, 3 months","BIWEEKLY","NEAR_ENTERED","2025-02-03","2025-05-02","566","232","6","7","0.8333333333333334","5","0.8333333333333334","false","83","483","0","49","0.14664310954063603","0.21120689655172414","FAIL","20","463","20","false","-0.005876834487092692","0.4319654427645788","-0.06315156578794051","-0.014943741209563988","0.04536731634182911","0.04808743169398899","-0.07289002557544755"
"Biweekly NEAR, 3 months","BIWEEKLY","NEAR_ENTERED","2025-02-03","2025-05-02","566","232","6","7","0.8333333333333334","5","0.8333333333333334","false","83","483","0","49","0.14664310954063603","0.21120689655172414","FAIL","60","452","31","false","0.04707812016667577","0.5376106194690266","-0.06594615697571679","0.019796600182331536","0.11751425162135454","0.0981247334487344","-0.1789970514711669"
"Biweekly NEAR, 3 months","BIWEEKLY","NEAR_ENTERED","2025-02-03","2025-05-02","566","232","6","7","0.8333333333333334","5","0.8333333333333334","false","83","483","0","49","0.14664310954063603","0.21120689655172414","FAIL","120","448","35","false","0.17402107096063862","0.796875","0.027768253447620517","0.09582396426753026","0.24779214542614497","0.17877328061676234","-0.18138407590759076"
"Biweekly NEAR, 3 months","BIWEEKLY","NEAR_ENTERED","2025-02-03","2025-05-02","566","232","6","7","0.8333333333333334","5","0.8333333333333334","false","83","483","0","49","0.14664310954063603","0.21120689655172414","FAIL","245","447","36","false","0.41655503389901444","0.854586129753915","0.10292165361525762","0.2513508104862918","0.5263321059961463","0.39824511746391167","-0.19326818675352875"
"Biweekly NEAR, 3 months","BIWEEKLY","NEAR_ENTERED","2025-02-03","2025-05-02","566","232","6","7","0.8333333333333334","5","0.8333333333333334","false","83","483","0","49","0.14664310954063603","0.21120689655172414","UNKNOWN","20","0","0","true","","","","","","",""
"Biweekly NEAR, 3 months","BIWEEKLY","NEAR_ENTERED","2025-02-03","2025-05-02","566","232","6","7","0.8333333333333334","5","0.8333333333333334","false","83","483","0","49","0.14664310954063603","0.21120689655172414","UNKNOWN","60","0","0","true","","","","","","",""
"Biweekly NEAR, 3 months","BIWEEKLY","NEAR_ENTERED","2025-02-03","2025-05-02","566","232","6","7","0.8333333333333334","5","0.8333333333333334","false","83","483","0","49","0.14664310954063603","0.21120689655172414","UNKNOWN","120","0","0","true","","","","","","",""
"Biweekly NEAR, 3 months","BIWEEKLY","NEAR_ENTERED","2025-02-03","2025-05-02","566","232","6","7","0.8333333333333334","5","0.8333333333333334","false","83","483","0","49","0.14664310954063603","0.21120689655172414","UNKNOWN","245","0","0","true","","","","","","",""
"Biweekly NEAR, 3 months","BIWEEKLY","NEAR_ENTERED","2025-02-03","2025-05-02","566","232","6","7","1","6","1","false","18","548","0","10","0.03180212014134275","0.04310344827586207","PASS","20","15","3","true","0.03468288427196826","0.7333333333333333","-0.00474212094506693","0.04337349397590362","0.06454620888816709","0.07916181606519213","-0.03223915592028137"
"Biweekly NEAR, 3 months","BIWEEKLY","NEAR_ENTERED","2025-02-03","2025-05-02","566","232","6","7","1","6","1","false","18","548","0","10","0.03180212014134275","0.04310344827586207","PASS","60","15","3","true","0.0595087831606059","0.7333333333333333","0.014328217698674872","0.0786650774731823","0.11203395140847072","0.12837045720984763","-0.06555423122765192"
"Biweekly NEAR, 3 months","BIWEEKLY","NEAR_ENTERED","2025-02-03","2025-05-02","566","232","6","7","1","6","1","false","18","548","0","10","0.03180212014134275","0.04310344827586207","PASS","120","15","3","true","0.1390250343315836","0.8","0.0901278985667685","0.1768149882903982","0.21770710639968593","0.2587260034904013","-0.06555423122765192"
"Biweekly NEAR, 3 months","BIWEEKLY","NEAR_ENTERED","2025-02-03","2025-05-02","566","232","6","7","1","6","1","false","18","548","0","10","0.03180212014134275","0.04310344827586207","PASS","245","15","3","true","0.2548803296591601","0.8666666666666667","0.17933896253311254","0.19604421175101794","0.5216258327960456","0.2944640753828034","-0.07218934911242603"
"Biweekly NEAR, 3 months","BIWEEKLY","NEAR_ENTERED","2025-02-03","2025-05-02","566","232","6","7","1","6","1","false","18","548","0","10","0.03180212014134275","0.04310344827586207","FAIL","20","524","24","false","-0.0013269838199982584","0.4541984732824427","-0.05821340838314085","-0.009771022921752581","0.05067442842076331","0.05072937186744131","-0.07208176136946925"
"Biweekly NEAR, 3 months","BIWEEKLY","NEAR_ENTERED","2025-02-03","2025-05-02","566","232","6","7","1","6","1","false","18","548","0","10","0.03180212014134275","0.04310344827586207","FAIL","60","511","37","false","0.05181734384295631","0.5518590998043053","-0.06474110921847032","0.024853801169590684","0.125726103220705","0.10227272727272729","-0.16847515705311256"
"Biweekly NEAR, 3 months","BIWEEKLY","NEAR_ENTERED","2025-02-03","2025-05-02","566","232","6","7","1","6","1","false","18","548","0","10","0.03180212014134275","0.04310344827586207","FAIL","120","507","41","false","0.17755827849218062","0.8007889546351085","0.02909346829010484","0.09802350427350426","0.25031281292776364","0.19013062409288817","-0.17408536585365852"
"Biweekly NEAR, 3 months","BIWEEKLY","NEAR_ENTERED","2025-02-03","2025-05-02","566","232","6","7","1","6","1","false","18","548","0","10","0.03180212014134275","0.04310344827586207","FAIL","245","506","42","false","0.3923760418102563","0.8438735177865613","0.09472920817043884","0.23072695538448962","0.511764424947819","0.3963061370171994","-0.1893201357513009"
"Biweekly NEAR, 3 months","BIWEEKLY","NEAR_ENTERED","2025-02-03","2025-05-02","566","232","6","7","1","6","1","false","18","548","0","10","0.03180212014134275","0.04310344827586207","UNKNOWN","20","0","0","true","","","","","","",""
"Biweekly NEAR, 3 months","BIWEEKLY","NEAR_ENTERED","2025-02-03","2025-05-02","566","232","6","7","1","6","1","false","18","548","0","10","0.03180212014134275","0.04310344827586207","UNKNOWN","60","0","0","true","","","","","","",""
"Biweekly NEAR, 3 months","BIWEEKLY","NEAR_ENTERED","2025-02-03","2025-05-02","566","232","6","7","1","6","1","false","18","548","0","10","0.03180212014134275","0.04310344827586207","UNKNOWN","120","0","0","true","","","","","","",""
"Biweekly NEAR, 3 months","BIWEEKLY","NEAR_ENTERED","2025-02-03","2025-05-02","566","232","6","7","1","6","1","false","18","548","0","10","0.03180212014134275","0.04310344827586207","UNKNOWN","245","0","0","true","","","","","","",""
"Biweekly NEAR, 3 months","BIWEEKLY","NEAR_ENTERED","2025-02-03","2025-05-02","566","232","8","9","0.5","4","0.5","false","186","380","0","87","0.3286219081272085","0.375","PASS","20","175","11","false","0.019695424232798492","0.5428571428571428","-0.04725838078251127","0.011036174126302978","0.08176031845680265","0.06066734074823055","-0.060572687224669575"
"Biweekly NEAR, 3 months","BIWEEKLY","NEAR_ENTERED","2025-02-03","2025-05-02","566","232","8","9","0.5","4","0.5","false","186","380","0","87","0.3286219081272085","0.375","PASS","60","171","15","false","0.0588525039526897","0.6198830409356725","-0.05407926583299716","0.05102040816326525","0.12666140600542608","0.12569832402234637","-0.1160714285714286"
"Biweekly NEAR, 3 months","BIWEEKLY","NEAR_ENTERED","2025-02-03","2025-05-02","566","232","8","9","0.5","4","0.5","false","186","380","0","87","0.3286219081272085","0.375","PASS","120","171","15","false","0.16054715560767893","0.7602339181286549","0.007196254088203569","0.13787878787878793","0.26532406573436884","0.22118742724097795","-0.11947949526813884"
"Biweekly NEAR, 3 months","BIWEEKLY","NEAR_ENTERED","2025-02-03","2025-05-02","566","232","8","9","0.5","4","0.5","false","186","380","0","87","0.3286219081272085","0.375","PASS","245","171","15","false","0.22042908916548531","0.7777777777777778","0.028019634865372955","0.15206331260599204","0.409249387985238","0.32915921288014305","-0.13148479427549198"
"Biweekly NEAR, 3 months","BIWEEKLY","NEAR_ENTERED","2025-02-03","2025-05-02","566","232","8","9","0.5","4","0.5","false","186","380","0","87","0.3286219081272085","0.375","FAIL","20","364","16","false","-0.00994998763280029","0.4230769230769231","-0.06539006412841813","-0.016125234404395172","0.041233951497860244","0.04867898988622421","-0.0749691778381752"
"Biweekly NEAR, 3 months","BIWEEKLY","NEAR_ENTERED","2025-02-03","2025-05-02","566","232","8","9","0.5","4","0.5","false","186","380","0","87","0.3286219081272085","0.375","FAIL","60","355","25","false","0.048753566972534745","0.5267605633802817","-0.06474110921847032","0.009352037408149716","0.11832849951661839","0.09840232389252002","-0.1868185417554974"
"Biweekly NEAR, 3 months","BIWEEKLY","NEAR_ENTERED","2025-02-03","2025-05-02","566","232","8","9","0.5","4","0.5","false","186","380","0","87","0.3286219081272085","0.375","FAIL","120","351","29","false","0.18419902877947622","0.8205128205128205","0.0326381627357577","0.0954305253341623","0.24595152047686908","0.18012222579607595","-0.19161676646706582"
"Biweekly NEAR, 3 months","BIWEEKLY","NEAR_ENTERED","2025-02-03","2025-05-02","566","232","8","9","0.5","4","0.5","false","186","380","0","87","0.3286219081272085","0.375","FAIL","245","350","30","false","0.47049173672451144","0.8771428571428571","0.11539504882851753","0.27431259052335977","0.5786645830921789","0.4063004135746341","-0.19469714739506444"
"Biweekly NEAR, 3 months","BIWEEKLY","NEAR_ENTERED","2025-02-03","2025-05-02","566","232","8","9","0.5","4","0.5","false","186","380","0","87","0.3286219081272085","0.375","UNKNOWN","20","0","0","true","","","","","","",""
"Biweekly NEAR, 3 months","BIWEEKLY","NEAR_ENTERED","2025-02-03","2025-05-02","566","232","8","9","0.5","4","0.5","false","186","380","0","87","0.3286219081272085","0.375","UNKNOWN","60","0","0","true","","","","","","",""
"Biweekly NEAR, 3 months","BIWEEKLY","NEAR_ENTERED","2025-02-03","2025-05-02","566","232","8","9","0.5","4","0.5","false","186","380","0","87","0.3286219081272085","0.375","UNKNOWN","120","0","0","true","","","","","","",""
"Biweekly NEAR, 3 months","BIWEEKLY","NEAR_ENTERED","2025-02-03","2025-05-02","566","232","8","9","0.5","4","0.5","false","186","380","0","87","0.3286219081272085","0.375","UNKNOWN","245","0","0","true","","","","","","",""
"Biweekly NEAR, 3 months","BIWEEKLY","NEAR_ENTERED","2025-02-03","2025-05-02","566","232","8","9","0.75","6","0.75","false","101","465","0","48","0.1784452296819788","0.20689655172413793","PASS","20","91","10","false","0.039305889633794236","0.6043956043956044","-0.03270960752584956","0.02520661157024784","0.09884450968314495","0.06595995288574796","-0.048484848484848464"
"Biweekly NEAR, 3 months","BIWEEKLY","NEAR_ENTERED","2025-02-03","2025-05-02","566","232","8","9","0.75","6","0.75","false","101","465","0","48","0.1784452296819788","0.20689655172413793","PASS","60","89","12","false","0.07260784083790706","0.6629213483146067","-0.060123784261715274","0.06519208381839348","0.1353046594982079","0.13923132704858587","-0.09212730318257956"
"Biweekly NEAR, 3 months","BIWEEKLY","NEAR_ENTERED","2025-02-03","2025-05-02","566","232","8","9","0.75","6","0.75","false","101","465","0","48","0.1784452296819788","0.20689655172413793","PASS","120","89","12","false","0.18465631686418987","0.7640449438202247","0.006195786864931829","0.14931880108991824","0.3293963254593175","0.24041297935103234","-0.09212730318257956"
"Biweekly NEAR, 3 months","BIWEEKLY","NEAR_ENTERED","2025-02-03","2025-05-02","566","232","8","9","0.75","6","0.75","false","101","465","0","48","0.1784452296819788","0.20689655172413793","PASS","245","89","12","false","0.2328555687631496","0.7752808988764045","0.07692307692307687","0.18405627198124264","0.44837758112094406","0.3533697632058288","-0.12387387387387383"
"Biweekly NEAR, 3 months","BIWEEKLY","NEAR_ENTERED","2025-02-03","2025-05-02","566","232","8","9","0.75","6","0.75","false","101","465","0","48","0.1784452296819788","0.20689655172413793","FAIL","20","448","17","false","-0.008374848692577765","0.4330357142857143","-0.06344243298756563","-0.014897613179039482","0.045083376679007525","0.04867898988622421","-0.07410146842094767"
"Biweekly NEAR, 3 months","BIWEEKLY","NEAR_ENTERED","2025-02-03","2025-05-02","566","232","8","9","0.75","6","0.75","false","101","465","0","48","0.1784452296819788","0.20689655172413793","FAIL","60","437","28","false","0.04784713184573466","0.5354691075514875","-0.06437898572730039","0.01985635825940002","0.11784511784511786","0.0976052249637156","-0.18213783403656825"
"Biweekly NEAR, 3 months","BIWEEKLY","NEAR_ENTERED","2025-02-03","2025-05-02","566","232","8","9","0.75","6","0.75","false","101","465","0","48","0.1784452296819788","0.20689655172413793","FAIL","120","433","32","false","0.17476445845172364","0.8083140877598153","0.03069620253164551","0.09568131049888318","0.24312796208530796","0.1691542288557213","-0.18458417849898578"
"Biweekly NEAR, 3 months","BIWEEKLY","NEAR_ENTERED","2025-02-03","2025-05-02","566","232","8","9","0.75","6","0.75","false","101","465","0","48","0.1784452296819788","0.20689655172413793","FAIL","245","432","33","false","0.4204660566688814","0.8587962962962963","0.10065702858095166","0.24037601963162847","0.528923249233313","0.3959392298067712","-0.19351771918130062"
"Biweekly NEAR, 3 months","BIWEEKLY","NEAR_ENTERED","2025-02-03","2025-05-02","566","232","8","9","0.75","6","0.75","false","101","465","0","48","0.1784452296819788","0.20689655172413793","UNKNOWN","20","0","0","true","","","","","","",""
"Biweekly NEAR, 3 months","BIWEEKLY","NEAR_ENTERED","2025-02-03","2025-05-02","566","232","8","9","0.75","6","0.75","false","101","465","0","48","0.1784452296819788","0.20689655172413793","UNKNOWN","60","0","0","true","","","","","","",""
"Biweekly NEAR, 3 months","BIWEEKLY","NEAR_ENTERED","2025-02-03","2025-05-02","566","232","8","9","0.75","6","0.75","false","101","465","0","48","0.1784452296819788","0.20689655172413793","UNKNOWN","120","0","0","true","","","","","","",""
"Biweekly NEAR, 3 months","BIWEEKLY","NEAR_ENTERED","2025-02-03","2025-05-02","566","232","8","9","0.75","6","0.75","false","101","465","0","48","0.1784452296819788","0.20689655172413793","UNKNOWN","245","0","0","true","","","","","","",""
"Biweekly NEAR, 3 months","BIWEEKLY","NEAR_ENTERED","2025-02-03","2025-05-02","566","232","8","9","0.875","7","0.875","false","47","519","0","26","0.08303886925795052","0.11206896551724138","PASS","20","42","5","false","0.06347461977749717","0.7380952380952381","0.003546099290780147","0.059887269620158334","0.10516920353551312","0.08780733314468203","-0.03618560059761228"
"Biweekly NEAR, 3 months","BIWEEKLY","NEAR_ENTERED","2025-02-03","2025-05-02","566","232","8","9","0.875","7","0.875","false","47","519","0","26","0.08303886925795052","0.11206896551724138","PASS","60","42","5","false","0.09820123366981931","0.7142857142857143","-0.006288511033317956","0.07914518510661461","0.1551355944997601","0.14049004389144037","-0.07257300697530245"
"Biweekly NEAR, 3 months","BIWEEKLY","NEAR_ENTERED","2025-02-03","2025-05-02","566","232","8","9","0.875","7","0.875","false","47","519","0","26","0.08303886925795052","0.11206896551724138","PASS","120","42","5","false","0.20788306944406146","0.8571428571428571","0.09436268993806246","0.17595037434967886","0.22838387573964503","0.2500157170461901","-0.07257300697530245"
"Biweekly NEAR, 3 months","BIWEEKLY","NEAR_ENTERED","2025-02-03","2025-05-02","566","232","8","9","0.875","7","0.875","false","47","519","0","26","0.08303886925795052","0.11206896551724138","PASS","245","42","5","false","0.1946305695757725","0.8095238095238095","0.09932208994709002","0.18467118776173852","0.3716864654373823","0.31975138907865364","-0.08369856399957037"
"Biweekly NEAR, 3 months","BIWEEKLY","NEAR_ENTERED","2025-02-03","2025-05-02","566","232","8","9","0.875","7","0.875","false","47","519","0","26","0.08303886925795052","0.11206896551724138","FAIL","20","497","22","false","-0.005716358728882194","0.4386317907444668","-0.0633866586175672","-0.01382033563672258","0.045863309352518034","0.04858299595141702","-0.07289002557544755"
"Biweekly NEAR, 3 months","BIWEEKLY","NEAR_ENTERED","2025-02-03","2025-05-02","566","232","8","9","0.875","7","0.875","false","47","519","0","26","0.08303886925795052","0.11206896551724138","FAIL","60","484","35","false","0.048030666605428436","0.5433884297520661","-0.06569692635624672","0.021093457815657746","0.12323261490076115","0.0981247334487344","-0.17558554311450664"
"Biweekly NEAR, 3 months","BIWEEKLY","NEAR_ENTERED","2025-02-03","2025-05-02","566","232","8","9","0.875","7","0.875","false","47","519","0","26","0.08303886925795052","0.11206896551724138","FAIL","120","480","39","false","0.1737006954038723","0.7958333333333333","0.025872412780256093","0.09639602039847162","0.24958196530565252","0.17877328061676234","-0.1781440485477483"
"Biweekly NEAR, 3 months","BIWEEKLY","NEAR_ENTERED","2025-02-03","2025-05-02","566","232","8","9","0.875","7","0.875","false","47","519","0","26","0.08303886925795052","0.11206896551724138","FAIL","245","479","40","false","0.40540918200145015","0.8475991649269311","0.09587088668613841","0.2351745171128432","0.5283343464686824","0.39666383941193106","-0.1926823176823177"
"Biweekly NEAR, 3 months","BIWEEKLY","NEAR_ENTERED","2025-02-03","2025-05-02","566","232","8","9","0.875","7","0.875","false","47","519","0","26","0.08303886925795052","0.11206896551724138","UNKNOWN","20","0","0","true","","","","","","",""
"Biweekly NEAR, 3 months","BIWEEKLY","NEAR_ENTERED","2025-02-03","2025-05-02","566","232","8","9","0.875","7","0.875","false","47","519","0","26","0.08303886925795052","0.11206896551724138","UNKNOWN","60","0","0","true","","","","","","",""
"Biweekly NEAR, 3 months","BIWEEKLY","NEAR_ENTERED","2025-02-03","2025-05-02","566","232","8","9","0.875","7","0.875","false","47","519","0","26","0.08303886925795052","0.11206896551724138","UNKNOWN","120","0","0","true","","","","","","",""
"Biweekly NEAR, 3 months","BIWEEKLY","NEAR_ENTERED","2025-02-03","2025-05-02","566","232","8","9","0.875","7","0.875","false","47","519","0","26","0.08303886925795052","0.11206896551724138","UNKNOWN","245","0","0","true","","","","","","",""
"Biweekly NEAR, 3 months","BIWEEKLY","NEAR_ENTERED","2025-02-03","2025-05-02","566","232","8","9","1","8","1","false","3","563","0","3","0.00530035335689046","0.01293103448275862","PASS","20","2","1","true","-0.09061423988444156","0","-0.09109377361976581","-0.09061423988444156","-0.09013470614911731","0.04779112148747833","-0.13909501654433382"
"Biweekly NEAR, 3 months","BIWEEKLY","NEAR_ENTERED","2025-02-03","2025-05-02","566","232","8","9","1","8","1","false","3","563","0","3","0.00530035335689046","0.01293103448275862","PASS","60","2","1","true","-0.08693182390782206","0","-0.10557014965483652","-0.08693182390782206","-0.0682934981608076","0.09698741958781931","-0.16344961956430454"
"Biweekly NEAR, 3 months","BIWEEKLY","NEAR_ENTERED","2025-02-03","2025-05-02","566","232","8","9","1","8","1","false","3","563","0","3","0.00530035335689046","0.01293103448275862","PASS","120","2","1","true","0.014291952903236593","0.5","0.0002494247274803518","0.014291952903236593","0.028334481078992835","0.1140356417017988","-0.16344961956430454"
"Biweekly NEAR, 3 months","BIWEEKLY","NEAR_ENTERED","2025-02-03","2025-05-02","566","232","8","9","1","8","1","false","3","563","0","3","0.00530035335689046","0.01293103448275862","PASS","245","2","1","true","0.05511077145304605","0.5","-0.04526487730318959","0.05511077145304605","0.1554864202092817","0.21162184859835054","-0.19998152409426073"
"Biweekly NEAR, 3 months","BIWEEKLY","NEAR_ENTERED","2025-02-03","2025-05-02","566","232","8","9","1","8","1","false","3","563","0","3","0.00530035335689046","0.01293103448275862","FAIL","20","537","26","false","0.000011419408136529844","0.46368715083798884","-0.0570570570570571","-0.008196721311475419","0.05386138613861391","0.05163204747774475","-0.07034071282775944"
"Biweekly NEAR, 3 months","BIWEEKLY","NEAR_ENTERED","2025-02-03","2025-05-02","566","232","8","9","1","8","1","false","3","563","0","3","0.00530035335689046","0.01293103448275862","FAIL","60","524","39","false","0.0525670956087317","0.5591603053435115","-0.06432774417170589","0.028487429034874223","0.12608503419775136","0.10379675573045744","-0.16311765207485618"
"Biweekly NEAR, 3 months","BIWEEKLY","NEAR_ENTERED","2025-02-03","2025-05-02","566","232","8","9","1","8","1","false","3","563","0","3","0.00530035335689046","0.01293103448275862","FAIL","120","520","43","false","0.17707469000904394","0.801923076923077","0.02957561566584377","0.10107636052128532","0.24958196530565252","0.2050391236306729","-0.16839993427665578"
"Biweekly NEAR, 3 months","BIWEEKLY","NEAR_ENTERED","2025-02-03","2025-05-02","566","232","8","9","1","8","1","false","3","563","0","3","0.00530035335689046","0.01293103448275862","FAIL","245","519","44","false","0.38970185078607134","0.8458574181117534","0.09689430633579577","0.22932745314222713","0.5161303356583373","0.39594843462246776","-0.18668831168831168"
"Biweekly NEAR, 3 months","BIWEEKLY","NEAR_ENTERED","2025-02-03","2025-05-02","566","232","8","9","1","8","1","false","3","563","0","3","0.00530035335689046","0.01293103448275862","UNKNOWN","20","0","0","true","","","","","","",""
"Biweekly NEAR, 3 months","BIWEEKLY","NEAR_ENTERED","2025-02-03","2025-05-02","566","232","8","9","1","8","1","false","3","563","0","3","0.00530035335689046","0.01293103448275862","UNKNOWN","60","0","0","true","","","","","","",""
"Biweekly NEAR, 3 months","BIWEEKLY","NEAR_ENTERED","2025-02-03","2025-05-02","566","232","8","9","1","8","1","false","3","563","0","3","0.00530035335689046","0.01293103448275862","UNKNOWN","120","0","0","true","","","","","","",""
"Biweekly NEAR, 3 months","BIWEEKLY","NEAR_ENTERED","2025-02-03","2025-05-02","566","232","8","9","1","8","1","false","3","563","0","3","0.00530035335689046","0.01293103448275862","UNKNOWN","245","0","0","true","","","","","","",""
"Biweekly Zone, 3 months","BIWEEKLY","IN_ZONE_ENTERED","2025-02-03","2025-05-02","378","215","3","4","0.6666666666666666","2","0.6666666666666666","false","112","266","0","76","0.2962962962962963","0.35348837209302325","PASS","20","106","6","false","0.0202114641523729","0.4716981132075472","-0.06960061338907228","-0.02155701814462735","0.10282701200963579","0.0579216711776408","-0.0697021809892725"
"Biweekly Zone, 3 months","BIWEEKLY","IN_ZONE_ENTERED","2025-02-03","2025-05-02","378","215","3","4","0.6666666666666666","2","0.6666666666666666","false","112","266","0","76","0.2962962962962963","0.35348837209302325","PASS","60","105","7","false","0.10246634815315547","0.638095238095238","-0.03490317953621813","0.047675359432376885","0.1927480916030535","0.1330108827085852","-0.14008321775312071"
"Biweekly Zone, 3 months","BIWEEKLY","IN_ZONE_ENTERED","2025-02-03","2025-05-02","378","215","3","4","0.6666666666666666","2","0.6666666666666666","false","112","266","0","76","0.2962962962962963","0.35348837209302325","PASS","120","105","7","false","0.19818202187646064","0.7714285714285715","0.015822784810126667","0.11980033277870206","0.2749999999999999","0.24828676858197163","-0.14008321775312071"
"Biweekly Zone, 3 months","BIWEEKLY","IN_ZONE_ENTERED","2025-02-03","2025-05-02","378","215","3","4","0.6666666666666666","2","0.6666666666666666","false","112","266","0","76","0.2962962962962963","0.35348837209302325","PASS","245","105","7","false","0.21262955205344874","0.7428571428571429","0","0.15586468542522924","0.2553407934893184","0.32946635730858476","-0.17355371900826444"
"Biweekly Zone, 3 months","BIWEEKLY","IN_ZONE_ENTERED","2025-02-03","2025-05-02","378","215","3","4","0.6666666666666666","2","0.6666666666666666","false","112","266","0","76","0.2962962962962963","0.35348837209302325","FAIL","20","251","15","false","0.0004472220121446838","0.42231075697211157","-0.05609699739758228","-0.018762343647136248","0.04162178153871865","0.04576538663861118","-0.07235142118863047"
"Biweekly Zone, 3 months","BIWEEKLY","IN_ZONE_ENTERED","2025-02-03","2025-05-02","378","215","3","4","0.6666666666666666","2","0.6666666666666666","false","112","266","0","76","0.2962962962962963","0.35348837209302325","FAIL","60","247","19","false","0.055126769171661295","0.5222672064777328","-0.06805864450743054","0.00409766091855901","0.09604026721379622","0.08519553072625707","-0.18359668924003014"
"Biweekly Zone, 3 months","BIWEEKLY","IN_ZONE_ENTERED","2025-02-03","2025-05-02","378","215","3","4","0.6666666666666666","2","0.6666666666666666","false","112","266","0","76","0.2962962962962963","0.35348837209302325","FAIL","120","244","22","false","0.21188562801004257","0.8237704918032787","0.030256667884545174","0.10978437129427232","0.2534456656914262","0.16711334566028846","-0.1870053208631769"
"Biweekly Zone, 3 months","BIWEEKLY","IN_ZONE_ENTERED","2025-02-03","2025-05-02","378","215","3","4","0.6666666666666666","2","0.6666666666666666","false","112","266","0","76","0.2962962962962963","0.35348837209302325","FAIL","245","243","23","false","0.4344142790814335","0.8518518518518519","0.09575252663206779","0.25942684766214175","0.5247809059865797","0.3703339882121808","-0.19740259740259736"
"Biweekly Zone, 3 months","BIWEEKLY","IN_ZONE_ENTERED","2025-02-03","2025-05-02","378","215","3","4","0.6666666666666666","2","0.6666666666666666","false","112","266","0","76","0.2962962962962963","0.35348837209302325","UNKNOWN","20","0","0","true","","","","","","",""
"Biweekly Zone, 3 months","BIWEEKLY","IN_ZONE_ENTERED","2025-02-03","2025-05-02","378","215","3","4","0.6666666666666666","2","0.6666666666666666","false","112","266","0","76","0.2962962962962963","0.35348837209302325","UNKNOWN","60","0","0","true","","","","","","",""
"Biweekly Zone, 3 months","BIWEEKLY","IN_ZONE_ENTERED","2025-02-03","2025-05-02","378","215","3","4","0.6666666666666666","2","0.6666666666666666","false","112","266","0","76","0.2962962962962963","0.35348837209302325","UNKNOWN","120","0","0","true","","","","","","",""
"Biweekly Zone, 3 months","BIWEEKLY","IN_ZONE_ENTERED","2025-02-03","2025-05-02","378","215","3","4","0.6666666666666666","2","0.6666666666666666","false","112","266","0","76","0.2962962962962963","0.35348837209302325","UNKNOWN","245","0","0","true","","","","","","",""
"Biweekly Zone, 3 months","BIWEEKLY","IN_ZONE_ENTERED","2025-02-03","2025-05-02","378","215","3","4","1","3","1","false","48","330","0","36","0.12698412698412698","0.16744186046511628","PASS","20","44","4","false","-0.01666931064524023","0.4318181818181818","-0.07569467665000229","-0.0348497249162929","0.049228486258031334","0.03611334225792062","-0.08431259048101802"
"Biweekly Zone, 3 months","BIWEEKLY","IN_ZONE_ENTERED","2025-02-03","2025-05-02","378","215","3","4","1","3","1","false","48","330","0","36","0.12698412698412698","0.16744186046511628","PASS","60","44","4","false","0.05232956177500622","0.5909090909090909","-0.030070487725990164","0.029711744172953525","0.14130173695082632","0.1085428409673348","-0.16866433724665814"
"Biweekly Zone, 3 months","BIWEEKLY","IN_ZONE_ENTERED","2025-02-03","2025-05-02","378","215","3","4","1","3","1","false","48","330","0","36","0.12698412698412698","0.16744186046511628","PASS","120","44","4","false","0.1470350508559944","0.7272727272727273","-0.006436668334657697","0.10976360706634558","0.2694719767224745","0.2140446081848053","-0.16866433724665814"
"Biweekly Zone, 3 months","BIWEEKLY","IN_ZONE_ENTERED","2025-02-03","2025-05-02","378","215","3","4","1","3","1","false","48","330","0","36","0.12698412698412698","0.16744186046511628","PASS","245","44","4","false","0.16419395482842683","0.6818181818181818","-0.12841079249290657","0.13318584866634298","0.22722599094888618","0.2951992694942913","-0.18668037379105135"
"Biweekly Zone, 3 months","BIWEEKLY","IN_ZONE_ENTERED","2025-02-03","2025-05-02","378","215","3","4","1","3","1","false","48","330","0","36","0.12698412698412698","0.16744186046511628","FAIL","20","313","17","false","0.009546701576966191","0.43769968051118213","-0.0550625252117789","-0.018762343647136248","0.05615109749872382","0.04878048780487809","-0.07152650822669104"
"Biweekly Zone, 3 months","BIWEEKLY","IN_ZONE_ENTERED","2025-02-03","2025-05-02","378","215","3","4","1","3","1","false","48","330","0","36","0.12698412698412698","0.16744186046511628","FAIL","60","308","22","false","0.07166486306292658","0.551948051948052","-0.060594664578422275","0.012856066492430207","0.11800433634992463","0.09631865700992592","-0.1762807977285739"
"Biweekly Zone, 3 months","BIWEEKLY","IN_ZONE_ENTERED","2025-02-03","2025-05-02","378","215","3","4","1","3","1","false","48","330","0","36","0.12698412698412698","0.16744186046511628","FAIL","120","305","25","false","0.21652348620922954","0.819672131147541","0.02941176470588225","0.11680726800778718","0.2589641434262948","0.17585484996510825","-0.17919075144508667"
"Biweekly Zone, 3 months","BIWEEKLY","IN_ZONE_ENTERED","2025-02-03","2025-05-02","378","215","3","4","1","3","1","false","48","330","0","36","0.12698412698412698","0.16744186046511628","FAIL","245","304","26","false","0.396921838059045","0.8388157894736842","0.08919866888519129","0.23637209483902877","0.4563670910980371","0.3624967189436612","-0.18928020922366623"
"Biweekly Zone, 3 months","BIWEEKLY","IN_ZONE_ENTERED","2025-02-03","2025-05-02","378","215","3","4","1","3","1","false","48","330","0","36","0.12698412698412698","0.16744186046511628","UNKNOWN","20","0","0","true","","","","","","",""
"Biweekly Zone, 3 months","BIWEEKLY","IN_ZONE_ENTERED","2025-02-03","2025-05-02","378","215","3","4","1","3","1","false","48","330","0","36","0.12698412698412698","0.16744186046511628","UNKNOWN","60","0","0","true","","","","","","",""
"Biweekly Zone, 3 months","BIWEEKLY","IN_ZONE_ENTERED","2025-02-03","2025-05-02","378","215","3","4","1","3","1","false","48","330","0","36","0.12698412698412698","0.16744186046511628","UNKNOWN","120","0","0","true","","","","","","",""
"Biweekly Zone, 3 months","BIWEEKLY","IN_ZONE_ENTERED","2025-02-03","2025-05-02","378","215","3","4","1","3","1","false","48","330","0","36","0.12698412698412698","0.16744186046511628","UNKNOWN","245","0","0","true","","","","","","",""
"Biweekly Zone, 3 months","BIWEEKLY","IN_ZONE_ENTERED","2025-02-03","2025-05-02","378","215","4","5","0.5","2","0.5","false","140","238","0","90","0.37037037037037035","0.4186046511627907","PASS","20","134","6","false","0.010079654446303283","0.43283582089552236","-0.07123613484795549","-0.026414804722633467","0.08084016322745918","0.043445985750855454","-0.07454910222598143"
"Biweekly Zone, 3 months","BIWEEKLY","IN_ZONE_ENTERED","2025-02-03","2025-05-02","378","215","4","5","0.5","2","0.5","false","140","238","0","90","0.37037037037037035","0.4186046511627907","PASS","60","133","7","false","0.07986617893403748","0.6015037593984962","-0.055243445692883864","0.029616724738676048","0.16370767960363342","0.10505481120584648","-0.16560509554140124"
"Biweekly Zone, 3 months","BIWEEKLY","IN_ZONE_ENTERED","2025-02-03","2025-05-02","378","215","4","5","0.5","2","0.5","false","140","238","0","90","0.37037037037037035","0.4186046511627907","PASS","120","133","7","false","0.17438842656241363","0.7593984962406015","0.005391953546246331","0.1165371809100999","0.25853658536585367","0.19917355371900825","-0.16560509554140124"
"Biweekly Zone, 3 months","BIWEEKLY","IN_ZONE_ENTERED","2025-02-03","2025-05-02","378","215","4","5","0.5","2","0.5","false","140","238","0","90","0.37037037037037035","0.4186046511627907","PASS","245","133","7","false","0.1727274087255796","0.7443609022556391","0","0.13951310861423227","0.21466905187835428","0.29405286343612325","-0.17660638707195075"
"Biweekly Zone, 3 months","BIWEEKLY","IN_ZONE_ENTERED","2025-02-03","2025-05-02","378","215","4","5","0.5","2","0.5","false","140","238","0","90","0.37037037037037035","0.4186046511627907","FAIL","20","223","15","false","0.004053785782041273","0.43946188340807174","-0.05088004808852137","-0.0129785853341986","0.04536812841897586","0.04896874604580548","-0.07160392798690673"
"Biweekly Zone, 3 months","BIWEEKLY","IN_ZONE_ENTERED","2025-02-03","2025-05-02","378","215","4","5","0.5","2","0.5","false","140","238","0","90","0.37037037037037035","0.4186046511627907","FAIL","60","219","19","false","0.06279943718381131","0.5296803652968036","-0.06365525394821364","0.008330556481172868","0.10258075258075261","0.09506969003536514","-0.18214285714285716"
"Biweekly Zone, 3 months","BIWEEKLY","IN_ZONE_ENTERED","2025-02-03","2025-05-02","378","215","4","5","0.5","2","0.5","false","140","238","0","90","0.37037037037037035","0.4186046511627907","FAIL","120","216","22","false","0.22831270740128584","0.8379629629629629","0.037284170291287666","0.11562869794251251","0.2634309935209452","0.1753893381251872","-0.18484795332434778"
"Biweekly Zone, 3 months","BIWEEKLY","IN_ZONE_ENTERED","2025-02-03","2025-05-02","378","215","4","5","0.5","2","0.5","false","140","238","0","90","0.37037037037037035","0.4186046511627907","FAIL","245","215","23","false","0.48798152289255053","0.8651162790697674","0.11488023238775491","0.28400000000000003","0.564415545638253","0.40264026402640263","-0.1963788300835655"
"Biweekly Zone, 3 months","BIWEEKLY","IN_ZONE_ENTERED","2025-02-03","2025-05-02","378","215","4","5","0.5","2","0.5","false","140","238","0","90","0.37037037037037035","0.4186046511627907","UNKNOWN","20","0","0","true","","","","","","",""
"Biweekly Zone, 3 months","BIWEEKLY","IN_ZONE_ENTERED","2025-02-03","2025-05-02","378","215","4","5","0.5","2","0.5","false","140","238","0","90","0.37037037037037035","0.4186046511627907","UNKNOWN","60","0","0","true","","","","","","",""
"Biweekly Zone, 3 months","BIWEEKLY","IN_ZONE_ENTERED","2025-02-03","2025-05-02","378","215","4","5","0.5","2","0.5","false","140","238","0","90","0.37037037037037035","0.4186046511627907","UNKNOWN","120","0","0","true","","","","","","",""
"Biweekly Zone, 3 months","BIWEEKLY","IN_ZONE_ENTERED","2025-02-03","2025-05-02","378","215","4","5","0.5","2","0.5","false","140","238","0","90","0.37037037037037035","0.4186046511627907","UNKNOWN","245","0","0","true","","","","","","",""
"Biweekly Zone, 3 months","BIWEEKLY","IN_ZONE_ENTERED","2025-02-03","2025-05-02","378","215","4","5","0.7","3","0.75","true","99","279","0","70","0.2619047619047619","0.32558139534883723","PASS","20","94","5","false","0.015049388407005683","0.46808510638297873","-0.07123613484795549","-0.022107987657647654","0.09428305339520288","0.055504849787400556","-0.07315402615693006"
"Biweekly Zone, 3 months","BIWEEKLY","IN_ZONE_ENTERED","2025-02-03","2025-05-02","378","215","4","5","0.7","3","0.75","true","99","279","0","70","0.2619047619047619","0.32558139534883723","PASS","60","93","6","false","0.07845897234157731","0.6021505376344086","-0.055243445692883864","0.04444444444444451","0.1845568153604238","0.12485746864310143","-0.1398601398601399"
"Biweekly Zone, 3 months","BIWEEKLY","IN_ZONE_ENTERED","2025-02-03","2025-05-02","378","215","4","5","0.7","3","0.75","true","99","279","0","70","0.2619047619047619","0.32558139534883723","PASS","120","93","6","false","0.17917751737071347","0.7311827956989247","-0.004128542735996499","0.12048424289008453","0.25853658536585367","0.22257053291536044","-0.1398601398601399"
"Biweekly Zone, 3 months","BIWEEKLY","IN_ZONE_ENTERED","2025-02-03","2025-05-02","378","215","4","5","0.7","3","0.75","true","99","279","0","70","0.2619047619047619","0.32558139534883723","PASS","245","93","6","false","0.18215966456195462","0.7311827956989247","-0.05980412585955408","0.13951310861423227","0.22161128376763095","0.2976054732041049","-0.1724671307037896"
"Biweekly Zone, 3 months","BIWEEKLY","IN_ZONE_ENTERED","2025-02-03","2025-05-02","378","215","4","5","0.7","3","0.75","true","99","279","0","70","0.2619047619047619","0.32558139534883723","FAIL","20","263","16","false","0.0031940129845677246","0.42585551330798477","-0.05609717652212182","-0.018762343647136248","0.04687480162508728","0.04725415070242667","-0.07222222222222219"
"Biweekly Zone, 3 months","BIWEEKLY","IN_ZONE_ENTERED","2025-02-03","2025-05-02","378","215","4","5","0.7","3","0.75","true","99","279","0","70","0.2619047619047619","0.32558139534883723","FAIL","60","259","20","false","0.06594051781357133","0.5405405405405406","-0.060626757400242925","0.009573361082205967","0.1035014774000893","0.08823529411764697","-0.18106139438085322"
"Biweekly Zone, 3 months","BIWEEKLY","IN_ZONE_ENTERED","2025-02-03","2025-05-02","378","215","4","5","0.7","3","0.75","true","99","279","0","70","0.2619047619047619","0.32558139534883723","FAIL","120","256","23","false","0.21814725162500942","0.8359375","0.036345077530048564","0.11431167811184728","0.2634309935209452","0.17067793387054597","-0.18329834296358438"
"Biweekly Zone, 3 months","BIWEEKLY","IN_ZONE_ENTERED","2025-02-03","2025-05-02","378","215","4","5","0.7","3","0.75","true","99","279","0","70","0.2619047619047619","0.32558139534883723","FAIL","245","255","24","false","0.43508989795348507","0.8509803921568627","0.10024968789013733","0.2585530005608525","0.5027439037135822","0.3755417956656346","-0.19560146617794072"
"Biweekly Zone, 3 months","BIWEEKLY","IN_ZONE_ENTERED","2025-02-03","2025-05-02","378","215","4","5","0.7","3","0.75","true","99","279","0","70","0.2619047619047619","0.32558139534883723","UNKNOWN","20","0","0","true","","","","","","",""
"Biweekly Zone, 3 months","BIWEEKLY","IN_ZONE_ENTERED","2025-02-03","2025-05-02","378","215","4","5","0.7","3","0.75","true","99","279","0","70","0.2619047619047619","0.32558139534883723","UNKNOWN","60","0","0","true","","","","","","",""
"Biweekly Zone, 3 months","BIWEEKLY","IN_ZONE_ENTERED","2025-02-03","2025-05-02","378","215","4","5","0.7","3","0.75","true","99","279","0","70","0.2619047619047619","0.32558139534883723","UNKNOWN","120","0","0","true","","","","","","",""
"Biweekly Zone, 3 months","BIWEEKLY","IN_ZONE_ENTERED","2025-02-03","2025-05-02","378","215","4","5","0.7","3","0.75","true","99","279","0","70","0.2619047619047619","0.32558139534883723","UNKNOWN","245","0","0","true","","","","","","",""
"Biweekly Zone, 3 months","BIWEEKLY","IN_ZONE_ENTERED","2025-02-03","2025-05-02","378","215","4","5","1","4","1","false","34","344","0","27","0.08994708994708994","0.12558139534883722","PASS","20","31","3","false","-0.01695533311025183","0.45161290322580644","-0.07819460827947483","-0.03410074433096766","0.05008937880384989","0.030095408849330818","-0.07568664169787764"
"Biweekly Zone, 3 months","BIWEEKLY","IN_ZONE_ENTERED","2025-02-03","2025-05-02","378","215","4","5","1","4","1","false","34","344","0","27","0.08994708994708994","0.12558139534883722","PASS","60","31","3","false","0.053606362396039345","0.5806451612903226","-0.02983441985912605","0.011946591707659993","0.1425687516794304","0.05622078504194139","-0.136906663259439"
"Biweekly Zone, 3 months","BIWEEKLY","IN_ZONE_ENTERED","2025-02-03","2025-05-02","378","215","4","5","1","4","1","false","34","344","0","27","0.08994708994708994","0.12558139534883722","PASS","120","31","3","false","0.12127518926440692","0.6774193548387096","-0.022747730129365873","0.08275328692962103","0.22663243812532918","0.1175395858708892","-0.136906663259439"
"Biweekly Zone, 3 months","BIWEEKLY","IN_ZONE_ENTERED","2025-02-03","2025-05-02","378","215","4","5","1","4","1","false","34","344","0","27","0.08994708994708994","0.12558139534883722","PASS","245","31","3","false","0.12090309665910799","0.6451612903225806","-0.13062207594765202","0.0865717583686032","0.23379082487297898","0.24828676858197163","-0.1765761723132152"
"Biweekly Zone, 3 months","BIWEEKLY","IN_ZONE_ENTERED","2025-02-03","2025-05-02","378","215","4","5","1","4","1","false","34","344","0","27","0.08994708994708994","0.12558139534883722","FAIL","20","326","18","false","0.008528476231955993","0.43558282208588955","-0.05805866084928987","-0.019016268174531614","0.05596556586810619","0.048874616925341785","-0.07165271697165071"
"Biweekly Zone, 3 months","BIWEEKLY","IN_ZONE_ENTERED","2025-02-03","2025-05-02","378","215","4","5","1","4","1","false","34","344","0","27","0.08994708994708994","0.12558139534883722","FAIL","60","321","23","false","0.07075850874518515","0.5545171339563862","-0.060562571756601624","0.015016685205784253","0.12128205128205138","0.09816971713810307","-0.17865253595760788"
"Biweekly Zone, 3 months","BIWEEKLY","IN_ZONE_ENTERED","2025-02-03","2025-05-02","378","215","4","5","1","4","1","false","34","344","0","27","0.08994708994708994","0.12558139534883722","FAIL","120","318","26","false","0.216193945485164","0.8207547169811321","0.030566265407765025","0.11752401269874557","0.2635209254888939","0.1799626204997049","-0.18008252838724398"
"Biweekly Zone, 3 months","BIWEEKLY","IN_ZONE_ENTERED","2025-02-03","2025-05-02","378","215","4","5","1","4","1","false","34","344","0","27","0.08994708994708994","0.12558139534883722","FAIL","245","317","27","false","0.39161128323649247","0.8359621451104101","0.08319467554076532","0.22752497225305213","0.45558458523840617","0.3629402756508422","-0.18951529020178903"
"Biweekly Zone, 3 months","BIWEEKLY","IN_ZONE_ENTERED","2025-02-03","2025-05-02","378","215","4","5","1","4","1","false","34","344","0","27","0.08994708994708994","0.12558139534883722","UNKNOWN","20","0","0","true","","","","","","",""
"Biweekly Zone, 3 months","BIWEEKLY","IN_ZONE_ENTERED","2025-02-03","2025-05-02","378","215","4","5","1","4","1","false","34","344","0","27","0.08994708994708994","0.12558139534883722","UNKNOWN","60","0","0","true","","","","","","",""
"Biweekly Zone, 3 months","BIWEEKLY","IN_ZONE_ENTERED","2025-02-03","2025-05-02","378","215","4","5","1","4","1","false","34","344","0","27","0.08994708994708994","0.12558139534883722","UNKNOWN","120","0","0","true","","","","","","",""
"Biweekly Zone, 3 months","BIWEEKLY","IN_ZONE_ENTERED","2025-02-03","2025-05-02","378","215","4","5","1","4","1","false","34","344","0","27","0.08994708994708994","0.12558139534883722","UNKNOWN","245","0","0","true","","","","","","",""
"Biweekly Zone, 3 months","BIWEEKLY","IN_ZONE_ENTERED","2025-02-03","2025-05-02","378","215","6","7","0.5","3","0.5","false","133","245","0","88","0.35185185185185186","0.40930232558139534","PASS","20","125","8","false","0.02022992509935559","0.52","-0.05336426914153136","0.0014695077149156077","0.08062709966405368","0.06110652353426915","-0.06691800188501418"
"Biweekly Zone, 3 months","BIWEEKLY","IN_ZONE_ENTERED","2025-02-03","2025-05-02","378","215","6","7","0.5","3","0.5","false","133","245","0","88","0.35185185185185186","0.40930232558139534","PASS","60","124","9","false","0.07630168033284133","0.6048387096774194","-0.061179460183145185","0.045281407464343726","0.15469950628963913","0.11442294409555076","-0.13089161574464253"
"Biweekly Zone, 3 months","BIWEEKLY","IN_ZONE_ENTERED","2025-02-03","2025-05-02","378","215","6","7","0.5","3","0.5","false","133","245","0","88","0.35185185185185186","0.40930232558139534","PASS","120","124","9","false","0.17677504843437591","0.717741935483871","-0.027615849212832028","0.11774578649749246","0.2781658878504672","0.20587390891253698","-0.1359118704015707"
"Biweekly Zone, 3 months","BIWEEKLY","IN_ZONE_ENTERED","2025-02-03","2025-05-02","378","215","6","7","0.5","3","0.5","false","133","245","0","88","0.35185185185185186","0.40930232558139534","PASS","245","123","10","false","0.17376532454261653","0.7235772357723578","-0.07991033563552646","0.13951310861423227","0.25179959654108774","0.2993197278911566","-0.1640543364681296"
"Biweekly Zone, 3 months","BIWEEKLY","IN_ZONE_ENTERED","2025-02-03","2025-05-02","378","215","6","7","0.5","3","0.5","false","133","245","0","88","0.35185185185185186","0.40930232558139534","FAIL","20","232","13","false","-0.001181347897498302","0.3922413793103448","-0.060236868994528375","-0.027133877812475005","0.03979885964833152","0.04513544574516937","-0.07351406719361997"
"Biweekly Zone, 3 months","BIWEEKLY","IN_ZONE_ENTERED","2025-02-03","2025-05-02","378","215","6","7","0.5","3","0.5","false","133","245","0","88","0.35185185185185186","0.40930232558139534","FAIL","60","228","17","false","0.06541171131670762","0.5307017543859649","-0.058987772433312574","0.007628148575330562","0.09937816420867268","0.08195429068666349","-0.18846246216549356"
"Biweekly Zone, 3 months","BIWEEKLY","IN_ZONE_ENTERED","2025-02-03","2025-05-02","378","215","6","7","0.5","3","0.5","false","133","245","0","88","0.35185185185185186","0.40930232558139534","FAIL","120","225","20","false","0.22484044233607167","0.8577777777777778","0.050331363066451695","0.11593655589123864","0.2531736526946107","0.1534460338101431","-0.1893203883495146"
"Biweekly Zone, 3 months","BIWEEKLY","IN_ZONE_ENTERED","2025-02-03","2025-05-02","378","215","6","7","0.5","3","0.5","false","133","245","0","88","0.35185185185185186","0.40930232558139534","FAIL","245","225","20","false","0.47340283494959384","0.8711111111111111","0.11940298507462677","0.2726326742976066","0.538942107455227","0.37774167343623066","-0.19740259740259736"
"Biweekly Zone, 3 months","BIWEEKLY","IN_ZONE_ENTERED","2025-02-03","2025-05-02","378","215","6","7","0.5","3","0.5","false","133","245","0","88","0.35185185185185186","0.40930232558139534","UNKNOWN","20","0","0","true","","","","","","",""
"Biweekly Zone, 3 months","BIWEEKLY","IN_ZONE_ENTERED","2025-02-03","2025-05-02","378","215","6","7","0.5","3","0.5","false","133","245","0","88","0.35185185185185186","0.40930232558139534","UNKNOWN","60","0","0","true","","","","","","",""
"Biweekly Zone, 3 months","BIWEEKLY","IN_ZONE_ENTERED","2025-02-03","2025-05-02","378","215","6","7","0.5","3","0.5","false","133","245","0","88","0.35185185185185186","0.40930232558139534","UNKNOWN","120","0","0","true","","","","","","",""
"Biweekly Zone, 3 months","BIWEEKLY","IN_ZONE_ENTERED","2025-02-03","2025-05-02","378","215","6","7","0.5","3","0.5","false","133","245","0","88","0.35185185185185186","0.40930232558139534","UNKNOWN","245","0","0","true","","","","","","",""
"Biweekly Zone, 3 months","BIWEEKLY","IN_ZONE_ENTERED","2025-02-03","2025-05-02","378","215","6","7","0.6666666666666666","4","0.6666666666666666","false","109","269","0","75","0.28835978835978837","0.3488372093023256","PASS","20","101","8","false","0.017648653285388755","0.49504950495049505","-0.06260780681019618","-0.002008032128514081","0.0874125874125875","0.055679287305122394","-0.0680786686838124"
"Biweekly Zone, 3 months","BIWEEKLY","IN_ZONE_ENTERED","2025-02-03","2025-05-02","378","215","6","7","0.6666666666666666","4","0.6666666666666666","false","109","269","0","75","0.28835978835978837","0.3488372093023256","PASS","60","101","8","false","0.0657776442524408","0.5643564356435643","-0.07369614512471656","0.029616724738676048","0.16013437849944","0.12485746864310143","-0.1349170775437024"
"Biweekly Zone, 3 months","BIWEEKLY","IN_ZONE_ENTERED","2025-02-03","2025-05-02","378","215","6","7","0.6666666666666666","4","0.6666666666666666","false","109","269","0","75","0.28835978835978837","0.3488372093023256","PASS","120","101","8","false","0.1650292725440134","0.693069306930693","-0.033816425120772986","0.09240924092409242","0.25901328273244784","0.22006841505131125","-0.1349170775437024"
"Biweekly Zone, 3 months","BIWEEKLY","IN_ZONE_ENTERED","2025-02-03","2025-05-02","378","215","6","7","0.6666666666666666","4","0.6666666666666666","false","109","269","0","75","0.28835978835978837","0.3488372093023256","PASS","245","100","9","false","0.1502927742704162","0.71","-0.09153498981829575","0.1257174322874015","0.24936004463112615","0.29661908598615094","-0.1640543364681296"
"Biweekly Zone, 3 months","BIWEEKLY","IN_ZONE_ENTERED","2025-02-03","2025-05-02","378","215","6","7","0.6666666666666666","4","0.6666666666666666","false","109","269","0","75","0.28835978835978837","0.3488372093023256","FAIL","20","256","13","false","0.0018443513413108513","0.4140625","-0.058654074276850016","-0.0255397507437794","0.045170836696260375","0.046509768670518925","-0.07295373665480431"
"Biweekly Zone, 3 months","BIWEEKLY","IN_ZONE_ENTERED","2025-02-03","2025-05-02","378","215","6","7","0.6666666666666666","4","0.6666666666666666","false","109","269","0","75","0.28835978835978837","0.3488372093023256","FAIL","60","251","18","false","0.07064436841428343","0.5537848605577689","-0.05669890238704173","0.011210762331838486","0.10444581982654422","0.08823529411764697","-0.18228279386712098"
"Biweekly Zone, 3 months","BIWEEKLY","IN_ZONE_ENTERED","2025-02-03","2025-05-02","378","215","6","7","0.6666666666666666","4","0.6666666666666666","false","109","269","0","75","0.28835978835978837","0.3488372093023256","FAIL","120","248","21","false","0.22516632663118302","0.8548387096774194","0.049672864405101935","0.1171107580144477","0.2600696144539638","0.16711334566028846","-0.1856204510822757"
"Biweekly Zone, 3 months","BIWEEKLY","IN_ZONE_ENTERED","2025-02-03","2025-05-02","378","215","6","7","0.6666666666666666","4","0.6666666666666666","false","109","269","0","75","0.28835978835978837","0.3488372093023256","FAIL","245","248","21","false","0.45507861030386626","0.8629032258064516","0.11808328709650445","0.25779312432134693","0.5217392602144375","0.37609172334876473","-0.1959901481307531"
"Biweekly Zone, 3 months","BIWEEKLY","IN_ZONE_ENTERED","2025-02-03","2025-05-02","378","215","6","7","0.6666666666666666","4","0.6666666666666666","false","109","269","0","75","0.28835978835978837","0.3488372093023256","UNKNOWN","20","0","0","true","","","","","","",""
"Biweekly Zone, 3 months","BIWEEKLY","IN_ZONE_ENTERED","2025-02-03","2025-05-02","378","215","6","7","0.6666666666666666","4","0.6666666666666666","false","109","269","0","75","0.28835978835978837","0.3488372093023256","UNKNOWN","60","0","0","true","","","","","","",""
"Biweekly Zone, 3 months","BIWEEKLY","IN_ZONE_ENTERED","2025-02-03","2025-05-02","378","215","6","7","0.6666666666666666","4","0.6666666666666666","false","109","269","0","75","0.28835978835978837","0.3488372093023256","UNKNOWN","120","0","0","true","","","","","","",""
"Biweekly Zone, 3 months","BIWEEKLY","IN_ZONE_ENTERED","2025-02-03","2025-05-02","378","215","6","7","0.6666666666666666","4","0.6666666666666666","false","109","269","0","75","0.28835978835978837","0.3488372093023256","UNKNOWN","245","0","0","true","","","","","","",""
"Biweekly Zone, 3 months","BIWEEKLY","IN_ZONE_ENTERED","2025-02-03","2025-05-02","378","215","6","7","0.8333333333333334","5","0.8333333333333334","false","54","324","0","41","0.14285714285714285","0.19069767441860466","PASS","20","50","4","false","0.05459604507132616","0.66","-0.03262884978427591","0.05008937880384989","0.15674108064582726","0.0987191323412564","-0.04992945426109885"
"Biweekly Zone, 3 months","BIWEEKLY","IN_ZONE_ENTERED","2025-02-03","2025-05-02","378","215","6","7","0.8333333333333334","5","0.8333333333333334","false","54","324","0","41","0.14285714285714285","0.19069767441860466","PASS","60","50","4","false","0.11059687500793665","0.72","-0.014749552999708787","0.09286224724497383","0.20390423601551744","0.19210309840498663","-0.08793078208370558"
"Biweekly Zone, 3 months","BIWEEKLY","IN_ZONE_ENTERED","2025-02-03","2025-05-02","378","215","6","7","0.8333333333333334","5","0.8333333333333334","false","54","324","0","41","0.14285714285714285","0.19069767441860466","PASS","120","50","4","false","0.21733853445878434","0.78","0.016042453952062663","0.17216954916842941","0.2588941083907993","0.2858002300549807","-0.09478053615787435"
"Biweekly Zone, 3 months","BIWEEKLY","IN_ZONE_ENTERED","2025-02-03","2025-05-02","378","215","6","7","0.8333333333333334","5","0.8333333333333334","false","54","324","0","41","0.14285714285714285","0.19069767441860466","PASS","245","50","4","false","0.17134370852891567","0.74","-0.04640569771121447","0.1615450907971684","0.25423914845104933","0.34036435318777203","-0.11637376349258843"
"Biweekly Zone, 3 months","BIWEEKLY","IN_ZONE_ENTERED","2025-02-03","2025-05-02","378","215","6","7","0.8333333333333334","5","0.8333333333333334","false","54","324","0","41","0.14285714285714285","0.19069767441860466","FAIL","20","307","17","false","-0.0015476688220405963","0.4006514657980456","-0.06211206803746361","-0.02578475336322872","0.043605466242155","0.04480224011200562","-0.07295373665480431"
"Biweekly Zone, 3 months","BIWEEKLY","IN_ZONE_ENTERED","2025-02-03","2025-05-02","378","215","6","7","0.8333333333333334","5","0.8333333333333334","false","54","324","0","41","0.14285714285714285","0.19069767441860466","FAIL","60","302","22","false","0.06240210195723455","0.5298013245033113","-0.0643360162358518","0.008331944907253086","0.10446595363842831","0.08215156471822727","-0.18215901607356277"
"Biweekly Zone, 3 months","BIWEEKLY","IN_ZONE_ENTERED","2025-02-03","2025-05-02","378","215","6","7","0.8333333333333334","5","0.8333333333333334","false","54","324","0","41","0.14285714285714285","0.19069767441860466","FAIL","120","299","25","false","0.20616146758708878","0.8127090301003345","0.02900731249595545","0.1092327698309492","0.2611750854816328","0.16363636363636358","-0.18433005299015892"
"Biweekly Zone, 3 months","BIWEEKLY","IN_ZONE_ENTERED","2025-02-03","2025-05-02","378","215","6","7","0.8333333333333334","5","0.8333333333333334","false","54","324","0","41","0.14285714285714285","0.19069767441860466","FAIL","245","298","26","false","0.40040801126159303","0.8322147651006712","0.08772881877645239","0.23637209483902877","0.4579321028172989","0.36043210128809144","-0.19382087376373824"
"Biweekly Zone, 3 months","BIWEEKLY","IN_ZONE_ENTERED","2025-02-03","2025-05-02","378","215","6","7","0.8333333333333334","5","0.8333333333333334","false","54","324","0","41","0.14285714285714285","0.19069767441860466","UNKNOWN","20","0","0","true","","","","","","",""
"Biweekly Zone, 3 months","BIWEEKLY","IN_ZONE_ENTERED","2025-02-03","2025-05-02","378","215","6","7","0.8333333333333334","5","0.8333333333333334","false","54","324","0","41","0.14285714285714285","0.19069767441860466","UNKNOWN","60","0","0","true","","","","","","",""
"Biweekly Zone, 3 months","BIWEEKLY","IN_ZONE_ENTERED","2025-02-03","2025-05-02","378","215","6","7","0.8333333333333334","5","0.8333333333333334","false","54","324","0","41","0.14285714285714285","0.19069767441860466","UNKNOWN","120","0","0","true","","","","","","",""
"Biweekly Zone, 3 months","BIWEEKLY","IN_ZONE_ENTERED","2025-02-03","2025-05-02","378","215","6","7","0.8333333333333334","5","0.8333333333333334","false","54","324","0","41","0.14285714285714285","0.19069767441860466","UNKNOWN","245","0","0","true","","","","","","",""
"Biweekly Zone, 3 months","BIWEEKLY","IN_ZONE_ENTERED","2025-02-03","2025-05-02","378","215","6","7","1","6","1","false","8","370","0","5","0.021164021164021163","0.023255813953488372","PASS","20","6","2","true","-0.004464018506449767","0.6666666666666666","-0.04962485477836748","0.023176988549985622","0.04443772672309548","0.0761061681606815","-0.03982930605140639"
"Biweekly Zone, 3 months","BIWEEKLY","IN_ZONE_ENTERED","2025-02-03","2025-05-02","378","215","6","7","1","6","1","false","8","370","0","5","0.021164021164021163","0.023255813953488372","PASS","60","6","2","true","-0.019458666909967854","0.6666666666666666","-0.15353570317114534","0.05717549315759174","0.09058978880824431","0.14570737605804107","-0.06340850798611014"
"Biweekly Zone, 3 months","BIWEEKLY","IN_ZONE_ENTERED","2025-02-03","2025-05-02","378","215","6","7","1","6","1","false","8","370","0","5","0.021164021164021163","0.023255813953488372","PASS","120","6","2","true","0.057155239486800215","0.5","-0.08577784796781979","0.036809198046171165","0.20947158340127198","0.26658697098932316","-0.09768244208570348"
"Biweekly Zone, 3 months","BIWEEKLY","IN_ZONE_ENTERED","2025-02-03","2025-05-02","378","215","6","7","1","6","1","false","8","370","0","5","0.021164021164021163","0.023255813953488372","PASS","245","6","2","true","0.2996467150291731","1","0.17274197315219475","0.18888459466760665","0.49840895521637124","0.42097360817813734","-0.09768244208570348"
"Biweekly Zone, 3 months","BIWEEKLY","IN_ZONE_ENTERED","2025-02-03","2025-05-02","378","215","6","7","1","6","1","false","8","370","0","5","0.021164021164021163","0.023255813953488372","FAIL","20","351","19","false","0.0064998633511069645","0.43304843304843305","-0.05915270178455251","-0.021111456069543566","0.05578003423748856","0.047706422018348515","-0.07235142118863047"
"Biweekly Zone, 3 months","BIWEEKLY","IN_ZONE_ENTERED","2025-02-03","2025-05-02","378","215","6","7","1","6","1","false","8","370","0","5","0.021164021164021163","0.023255813953488372","FAIL","60","346","24","false","0.07078621544202736","0.5549132947976878","-0.05982938334963703","0.012856066492430207","0.130523813947727","0.09631865700992592","-0.17592188603027686"
"Biweekly Zone, 3 months","BIWEEKLY","IN_ZONE_ENTERED","2025-02-03","2025-05-02","378","215","6","7","1","6","1","false","8","370","0","5","0.021164021164021163","0.023255813953488372","FAIL","120","343","27","false","0.2103973005672244","0.8134110787172012","0.02900731249595545","0.11680726800778718","0.26119965513470933","0.17892976588628762","-0.17598684210526316"
"Biweekly Zone, 3 months","BIWEEKLY","IN_ZONE_ENTERED","2025-02-03","2025-05-02","378","215","6","7","1","6","1","false","8","370","0","5","0.021164021164021163","0.023255813953488372","FAIL","245","342","28","false","0.3686868201527059","0.8157894736842105","0.06389656752849232","0.22217545174023767","0.44251690814977257","0.3563415948648144","-0.1894178392756518"
"Biweekly Zone, 3 months","BIWEEKLY","IN_ZONE_ENTERED","2025-02-03","2025-05-02","378","215","6","7","1","6","1","false","8","370","0","5","0.021164021164021163","0.023255813953488372","UNKNOWN","20","0","0","true","","","","","","",""
"Biweekly Zone, 3 months","BIWEEKLY","IN_ZONE_ENTERED","2025-02-03","2025-05-02","378","215","6","7","1","6","1","false","8","370","0","5","0.021164021164021163","0.023255813953488372","UNKNOWN","60","0","0","true","","","","","","",""
"Biweekly Zone, 3 months","BIWEEKLY","IN_ZONE_ENTERED","2025-02-03","2025-05-02","378","215","6","7","1","6","1","false","8","370","0","5","0.021164021164021163","0.023255813953488372","UNKNOWN","120","0","0","true","","","","","","",""
"Biweekly Zone, 3 months","BIWEEKLY","IN_ZONE_ENTERED","2025-02-03","2025-05-02","378","215","6","7","1","6","1","false","8","370","0","5","0.021164021164021163","0.023255813953488372","UNKNOWN","245","0","0","true","","","","","","",""
"Biweekly Zone, 3 months","BIWEEKLY","IN_ZONE_ENTERED","2025-02-03","2025-05-02","378","215","8","9","0.5","4","0.5","false","135","243","0","82","0.35714285714285715","0.3813953488372093","PASS","20","129","6","false","0.013022030956937233","0.5116279069767442","-0.059586542359140626","0.0013054830287206887","0.06385404789053584","0.05135699373695202","-0.06765676567656764"
"Biweekly Zone, 3 months","BIWEEKLY","IN_ZONE_ENTERED","2025-02-03","2025-05-02","378","215","8","9","0.5","4","0.5","false","135","243","0","82","0.35714285714285715","0.3813953488372093","PASS","60","129","6","false","0.06377861052766312","0.5968992248062015","-0.06264501160092806","0.040590405904058935","0.14003472222222224","0.10321221695629279","-0.1326902465166131"
"Biweekly Zone, 3 months","BIWEEKLY","IN_ZONE_ENTERED","2025-02-03","2025-05-02","378","215","8","9","0.5","4","0.5","false","135","243","0","82","0.35714285714285715","0.3813953488372093","PASS","120","129","6","false","0.16344207930113033","0.6976744186046512","-0.02868852459016391","0.10932343234323438","0.2589641434262948","0.20965058236272882","-0.1349170775437024"
"Biweekly Zone, 3 months","BIWEEKLY","IN_ZONE_ENTERED","2025-02-03","2025-05-02","378","215","8","9","0.5","4","0.5","false","135","243","0","82","0.35714285714285715","0.3813953488372093","PASS","245","128","7","false","0.1463556796840334","0.7109375","-0.10445016726086714","0.12691572050838396","0.28208931212391475","0.2986099951791741","-0.1725882698798124"
"Biweekly Zone, 3 months","BIWEEKLY","IN_ZONE_ENTERED","2025-02-03","2025-05-02","378","215","8","9","0.5","4","0.5","false","135","243","0","82","0.35714285714285715","0.3813953488372093","FAIL","20","228","15","false","0.0025211663673462377","0.39473684210526316","-0.058961092647601854","-0.026708966847395488","0.04631875674474706","0.048153652835389305","-0.07295373665480431"
"Biweekly Zone, 3 months","BIWEEKLY","IN_ZONE_ENTERED","2025-02-03","2025-05-02","378","215","8","9","0.5","4","0.5","false","135","243","0","82","0.35714285714285715","0.3813953488372093","FAIL","60","223","20","false","0.07241182862517095","0.5336322869955157","-0.05791412601626017","0.008333333333333304","0.11301595239157836","0.08538350217076696","-0.1887893311106481"
"Biweekly Zone, 3 months","BIWEEKLY","IN_ZONE_ENTERED","2025-02-03","2025-05-02","378","215","8","9","0.5","4","0.5","false","135","243","0","82","0.35714285714285715","0.3813953488372093","FAIL","120","220","23","false","0.23375080591651334","0.8727272727272727","0.055396905094472315","0.11722052269208505","0.2634309935209452","0.15722463502804884","-0.19031541491757442"
"Biweekly Zone, 3 months","BIWEEKLY","IN_ZONE_ENTERED","2025-02-03","2025-05-02","378","215","8","9","0.5","4","0.5","false","135","243","0","82","0.35714285714285715","0.3813953488372093","FAIL","245","220","23","false","0.4961602081038372","0.8818181818181818","0.12670714801451566","0.26795557897342315","0.5740759383013037","0.3820762309089867","-0.19466112053052015"
"Biweekly Zone, 3 months","BIWEEKLY","IN_ZONE_ENTERED","2025-02-03","2025-05-02","378","215","8","9","0.5","4","0.5","false","135","243","0","82","0.35714285714285715","0.3813953488372093","UNKNOWN","20","0","0","true","","","","","","",""
"Biweekly Zone, 3 months","BIWEEKLY","IN_ZONE_ENTERED","2025-02-03","2025-05-02","378","215","8","9","0.5","4","0.5","false","135","243","0","82","0.35714285714285715","0.3813953488372093","UNKNOWN","60","0","0","true","","","","","","",""
"Biweekly Zone, 3 months","BIWEEKLY","IN_ZONE_ENTERED","2025-02-03","2025-05-02","378","215","8","9","0.5","4","0.5","false","135","243","0","82","0.35714285714285715","0.3813953488372093","UNKNOWN","120","0","0","true","","","","","","",""
"Biweekly Zone, 3 months","BIWEEKLY","IN_ZONE_ENTERED","2025-02-03","2025-05-02","378","215","8","9","0.5","4","0.5","false","135","243","0","82","0.35714285714285715","0.3813953488372093","UNKNOWN","245","0","0","true","","","","","","",""
"Biweekly Zone, 3 months","BIWEEKLY","IN_ZONE_ENTERED","2025-02-03","2025-05-02","378","215","8","9","0.75","6","0.75","false","65","313","0","41","0.17195767195767195","0.19069767441860466","PASS","20","60","5","false","0.03433182418617025","0.6166666666666667","-0.03398038742866333","0.023237821774477863","0.1195386784850927","0.07710396844318257","-0.04808451548094611"
"Biweekly Zone, 3 months","BIWEEKLY","IN_ZONE_ENTERED","2025-02-03","2025-05-02","378","215","8","9","0.75","6","0.75","false","65","313","0","41","0.17195767195767195","0.19069767441860466","PASS","60","60","5","false","0.0681267033445934","0.6166666666666667","-0.07325432348744548","0.044774554990407056","0.13921687175474784","0.15260703049093938","-0.11055097260413488"
"Biweekly Zone, 3 months","BIWEEKLY","IN_ZONE_ENTERED","2025-02-03","2025-05-02","378","215","8","9","0.75","6","0.75","false","65","313","0","41","0.17195767195767195","0.19069767441860466","PASS","120","60","5","false","0.17006663839619854","0.6833333333333333","-0.02843247235970503","0.12642119550079256","0.26615153213200815","0.26410778052521444","-0.11635754933147563"
"Biweekly Zone, 3 months","BIWEEKLY","IN_ZONE_ENTERED","2025-02-03","2025-05-02","378","215","8","9","0.75","6","0.75","false","65","313","0","41","0.17195767195767195","0.19069767441860466","PASS","245","59","6","false","0.1795022693758436","0.6779661016949152","-0.10550944623382086","0.16639141205615204","0.36022909248478685","0.3512623490669593","-0.16315049226441636"
"Biweekly Zone, 3 months","BIWEEKLY","IN_ZONE_ENTERED","2025-02-03","2025-05-02","378","215","8","9","0.75","6","0.75","false","65","313","0","41","0.17195767195767195","0.19069767441860466","FAIL","20","297","16","false","0.0006557524378101937","0.4006734006734007","-0.06188411509657077","-0.026452822328681513","0.04798689138576773","0.04426229508196711","-0.07543168736746442"
"Biweekly Zone, 3 months","BIWEEKLY","IN_ZONE_ENTERED","2025-02-03","2025-05-02","378","215","8","9","0.75","6","0.75","false","65","313","0","41","0.17195767195767195","0.19069767441860466","FAIL","60","292","21","false","0.06947834363289745","0.5445205479452054","-0.05857179636683052","0.00907239482681732","0.11618231802194062","0.08528951644851201","-0.1826555400284024"
"Biweekly Zone, 3 months","BIWEEKLY","IN_ZONE_ENTERED","2025-02-03","2025-05-02","378","215","8","9","0.75","6","0.75","false","65","313","0","41","0.17195767195767195","0.19069767441860466","FAIL","120","289","24","false","0.21558895234500633","0.8339100346020761","0.04681647940074907","0.11501597444089451","0.25901328273244784","0.17018469656992075","-0.18536585365853664"
"Biweekly Zone, 3 months","BIWEEKLY","IN_ZONE_ENTERED","2025-02-03","2025-05-02","378","215","8","9","0.75","6","0.75","false","65","313","0","41","0.17195767195767195","0.19069767441860466","FAIL","245","289","24","false","0.40587591311150767","0.8477508650519031","0.09119999999999995","0.23376623376623384","0.45558458523840617","0.3629402756508422","-0.19269406392694066"
"Biweekly Zone, 3 months","BIWEEKLY","IN_ZONE_ENTERED","2025-02-03","2025-05-02","378","215","8","9","0.75","6","0.75","false","65","313","0","41","0.17195767195767195","0.19069767441860466","UNKNOWN","20","0","0","true","","","","","","",""
"Biweekly Zone, 3 months","BIWEEKLY","IN_ZONE_ENTERED","2025-02-03","2025-05-02","378","215","8","9","0.75","6","0.75","false","65","313","0","41","0.17195767195767195","0.19069767441860466","UNKNOWN","60","0","0","true","","","","","","",""
"Biweekly Zone, 3 months","BIWEEKLY","IN_ZONE_ENTERED","2025-02-03","2025-05-02","378","215","8","9","0.75","6","0.75","false","65","313","0","41","0.17195767195767195","0.19069767441860466","UNKNOWN","120","0","0","true","","","","","","",""
"Biweekly Zone, 3 months","BIWEEKLY","IN_ZONE_ENTERED","2025-02-03","2025-05-02","378","215","8","9","0.75","6","0.75","false","65","313","0","41","0.17195767195767195","0.19069767441860466","UNKNOWN","245","0","0","true","","","","","","",""
"Biweekly Zone, 3 months","BIWEEKLY","IN_ZONE_ENTERED","2025-02-03","2025-05-02","378","215","8","9","0.875","7","0.875","false","29","349","0","19","0.07671957671957672","0.08837209302325581","PASS","20","26","3","true","0.08742716360040628","0.7692307692307693","0.01589589843502548","0.07224057377729476","0.1752398657576642","0.1420910556003223","-0.027689795458704647"
"Biweekly Zone, 3 months","BIWEEKLY","IN_ZONE_ENTERED","2025-02-03","2025-05-02","378","215","8","9","0.875","7","0.875","false","29","349","0","19","0.07671957671957672","0.08837209302325581","PASS","60","26","3","true","0.1159448255941636","0.8076923076923077","0.028219890632641298","0.09804487772826709","0.15637647915873965","0.2232475276280519","-0.051995163240628806"
"Biweekly Zone, 3 months","BIWEEKLY","IN_ZONE_ENTERED","2025-02-03","2025-05-02","378","215","8","9","0.875","7","0.875","false","29","349","0","19","0.07671957671957672","0.08837209302325581","PASS","120","26","3","true","0.22183243266277788","0.8076923076923077","0.034270956339148895","0.19077901272451214","0.2493150537276168","0.2951099686287111","-0.0722043883963816"
"Biweekly Zone, 3 months","BIWEEKLY","IN_ZONE_ENTERED","2025-02-03","2025-05-02","378","215","8","9","0.875","7","0.875","false","29","349","0","19","0.07671957671957672","0.08837209302325581","PASS","245","26","3","true","0.13369470424174962","0.7307692307692307","-0.04534378814562193","0.17518703224448762","0.2768099407401543","0.35229243871500315","-0.10427945346738854"
"Biweekly Zone, 3 months","BIWEEKLY","IN_ZONE_ENTERED","2025-02-03","2025-05-02","378","215","8","9","0.875","7","0.875","false","29","349","0","19","0.07671957671957672","0.08837209302325581","FAIL","20","331","18","false","-0.00005570491966984128","0.4108761329305136","-0.06236736800899206","-0.025531914893617058","0.048141172965611156","0.04480224011200562","-0.07457786116322707"
"Biweekly Zone, 3 months","BIWEEKLY","IN_ZONE_ENTERED","2025-02-03","2025-05-02","378","215","8","9","0.875","7","0.875","false","29","349","0","19","0.07671957671957672","0.08837209302325581","FAIL","60","326","23","false","0.06552365974243378","0.5368098159509203","-0.06189303279067404","0.008543894473970748","0.1137491796634077","0.08492580769117086","-0.18039989983208732"
"Biweekly Zone, 3 months","BIWEEKLY","IN_ZONE_ENTERED","2025-02-03","2025-05-02","378","215","8","9","0.875","7","0.875","false","29","349","0","19","0.07671957671957672","0.08837209302325581","FAIL","120","323","26","false","0.20663022378404505","0.8080495356037152","0.028143712022209","0.11024531024531026","0.26347595950491953","0.16404199475065617","-0.18214285714285716"
"Biweekly Zone, 3 months","BIWEEKLY","IN_ZONE_ENTERED","2025-02-03","2025-05-02","378","215","8","9","0.875","7","0.875","false","29","349","0","19","0.07671957671957672","0.08837209302325581","FAIL","245","322","27","false","0.386374877242593","0.8260869565217391","0.0784782149667061","0.2261502732815439","0.4542631281761717","0.3581662213520772","-0.19207873928054348"
"Biweekly Zone, 3 months","BIWEEKLY","IN_ZONE_ENTERED","2025-02-03","2025-05-02","378","215","8","9","0.875","7","0.875","false","29","349","0","19","0.07671957671957672","0.08837209302325581","UNKNOWN","20","0","0","true","","","","","","",""
"Biweekly Zone, 3 months","BIWEEKLY","IN_ZONE_ENTERED","2025-02-03","2025-05-02","378","215","8","9","0.875","7","0.875","false","29","349","0","19","0.07671957671957672","0.08837209302325581","UNKNOWN","60","0","0","true","","","","","","",""
"Biweekly Zone, 3 months","BIWEEKLY","IN_ZONE_ENTERED","2025-02-03","2025-05-02","378","215","8","9","0.875","7","0.875","false","29","349","0","19","0.07671957671957672","0.08837209302325581","UNKNOWN","120","0","0","true","","","","","","",""
"Biweekly Zone, 3 months","BIWEEKLY","IN_ZONE_ENTERED","2025-02-03","2025-05-02","378","215","8","9","0.875","7","0.875","false","29","349","0","19","0.07671957671957672","0.08837209302325581","UNKNOWN","245","0","0","true","","","","","","",""
"Biweekly Zone, 3 months","BIWEEKLY","IN_ZONE_ENTERED","2025-02-03","2025-05-02","378","215","8","9","1","8","1","false","3","375","0","2","0.007936507936507936","0.009302325581395349","PASS","20","1","2","true","0.013705851344227638","1","0.013705851344227638","0.013705851344227638","0.013705851344227638","0.24828676858197163","-0.0036900369003689537"
"Biweekly Zone, 3 months","BIWEEKLY","IN_ZONE_ENTERED","2025-02-03","2025-05-02","378","215","8","9","1","8","1","false","3","375","0","2","0.007936507936507936","0.009302325581395349","PASS","60","1","2","true","0.040590405904058935","1","0.040590405904058935","0.040590405904058935","0.040590405904058935","0.24828676858197163","-0.028465998945703785"
"Biweekly Zone, 3 months","BIWEEKLY","IN_ZONE_ENTERED","2025-02-03","2025-05-02","378","215","8","9","1","8","1","false","3","375","0","2","0.007936507936507936","0.009302325581395349","PASS","120","1","2","true","0.08697944122298362","1","0.08697944122298362","0.08697944122298362","0.08697944122298362","0.24828676858197163","-0.07749077490774903"
"Biweekly Zone, 3 months","BIWEEKLY","IN_ZONE_ENTERED","2025-02-03","2025-05-02","378","215","8","9","1","8","1","false","3","375","0","2","0.007936507936507936","0.009302325581395349","PASS","245","1","2","true","0.016341591987348414","1","0.016341591987348414","0.016341591987348414","0.016341591987348414","0.24828676858197163","-0.07749077490774903"
"Biweekly Zone, 3 months","BIWEEKLY","IN_ZONE_ENTERED","2025-02-03","2025-05-02","378","215","8","9","1","8","1","false","3","375","0","2","0.007936507936507936","0.009302325581395349","FAIL","20","356","19","false","0.006294837286111287","0.4353932584269663","-0.05961185350948403","-0.020550467645503","0.05539210884266338","0.048153652835389305","-0.07241889064108065"
"Biweekly Zone, 3 months","BIWEEKLY","IN_ZONE_ENTERED","2025-02-03","2025-05-02","378","215","8","9","1","8","1","false","3","375","0","2","0.007936507936507936","0.009302325581395349","FAIL","60","351","24","false","0.06932959582785642","0.5555555555555556","-0.06024068669028454","0.013162393162393204","0.12880125108385976","0.09703368526897949","-0.17585692995529056"
"Biweekly Zone, 3 months","BIWEEKLY","IN_ZONE_ENTERED","2025-02-03","2025-05-02","378","215","8","9","1","8","1","false","3","375","0","2","0.007936507936507936","0.009302325581395349","FAIL","120","348","27","false","0.2081098450869419","0.8074712643678161","0.02741933245977629","0.11667222445894354","0.2601064689335786","0.17892976588628762","-0.17592188603027686"
"Biweekly Zone, 3 months","BIWEEKLY","IN_ZONE_ENTERED","2025-02-03","2025-05-02","378","215","8","9","1","8","1","false","3","375","0","2","0.007936507936507936","0.009302325581395349","FAIL","245","347","28","false","0.36850844723461995","0.8184438040345822","0.06972756926764168","0.22161128376763095","0.44609814039618245","0.35752140236445173","-0.1893203883495146"
"Biweekly Zone, 3 months","BIWEEKLY","IN_ZONE_ENTERED","2025-02-03","2025-05-02","378","215","8","9","1","8","1","false","3","375","0","2","0.007936507936507936","0.009302325581395349","UNKNOWN","20","0","0","true","","","","","","",""
"Biweekly Zone, 3 months","BIWEEKLY","IN_ZONE_ENTERED","2025-02-03","2025-05-02","378","215","8","9","1","8","1","false","3","375","0","2","0.007936507936507936","0.009302325581395349","UNKNOWN","60","0","0","true","","","","","","",""
"Biweekly Zone, 3 months","BIWEEKLY","IN_ZONE_ENTERED","2025-02-03","2025-05-02","378","215","8","9","1","8","1","false","3","375","0","2","0.007936507936507936","0.009302325581395349","UNKNOWN","120","0","0","true","","","","","","",""
"Biweekly Zone, 3 months","BIWEEKLY","IN_ZONE_ENTERED","2025-02-03","2025-05-02","378","215","8","9","1","8","1","false","3","375","0","2","0.007936507936507936","0.009302325581395349","UNKNOWN","245","0","0","true","","","","","","",""
"Monthly NEAR, Prime 2 years","MONTHLY","NEAR_ENTERED","2023-05-08","2025-05-02","3025","915","3","4","0.6666666666666666","2","0.6666666666666666","false","317","2708","0","251","0.10479338842975207","0.2743169398907104","PASS","20","317","0","false","0.017602589399082547","0.5930599369085173","-0.02472406181015452","0.01618705035971213","0.06324324324324326","0.06083459024635496","-0.034178610804851184"
"Monthly NEAR, Prime 2 years","MONTHLY","NEAR_ENTERED","2023-05-08","2025-05-02","3025","915","3","4","0.6666666666666666","2","0.6666666666666666","false","317","2708","0","251","0.10479338842975207","0.2743169398907104","PASS","60","317","0","false","0.04165148450654015","0.5962145110410094","-0.038277511961722466","0.025146095271825653","0.10692190965332071","0.10366826156299846","-0.07588235294117651"
"Monthly NEAR, Prime 2 years","MONTHLY","NEAR_ENTERED","2023-05-08","2025-05-02","3025","915","3","4","0.6666666666666666","2","0.6666666666666666","false","317","2708","0","251","0.10479338842975207","0.2743169398907104","PASS","120","317","0","false","0.08266748312314334","0.6750788643533123","-0.03602811950790863","0.056194125159642505","0.15611192930780549","0.15154908547965662","-0.11605723370429244"
"Monthly NEAR, Prime 2 years","MONTHLY","NEAR_ENTERED","2023-05-08","2025-05-02","3025","915","3","4","0.6666666666666666","2","0.6666666666666666","false","317","2708","0","251","0.10479338842975207","0.2743169398907104","PASS","245","315","2","false","0.2686348079114191","0.7523809523809524","0.00772093004147989","0.18164794007490648","0.4198274441116385","0.30008453085376163","-0.1447841726618705"
"Monthly NEAR, Prime 2 years","MONTHLY","NEAR_ENTERED","2023-05-08","2025-05-02","3025","915","3","4","0.6666666666666666","2","0.6666666666666666","false","317","2708","0","251","0.10479338842975207","0.2743169398907104","FAIL","20","2708","0","false","0.014890294872972465","0.5745937961595273","-0.028256309644051486","0.01195925996153524","0.05334293513141908","0.05011540274427195","-0.03236521614484267"
"Monthly NEAR, Prime 2 years","MONTHLY","NEAR_ENTERED","2023-05-08","2025-05-02","3025","915","3","4","0.6666666666666666","2","0.6666666666666666","false","317","2708","0","251","0.10479338842975207","0.2743169398907104","FAIL","60","2708","0","false","0.030170440240459787","0.5649926144756278","-0.049416514138113904","0.017389590957608947","0.09415089369107582","0.08803955732176105","-0.07566848783964986"
"Monthly NEAR, Prime 2 years","MONTHLY","NEAR_ENTERED","2023-05-08","2025-05-02","3025","915","3","4","0.6666666666666666","2","0.6666666666666666","false","317","2708","0","251","0.10479338842975207","0.2743169398907104","FAIL","120","2708","0","false","0.07531491958820719","0.6233382570162481","-0.05081436283905988","0.04527277347339209","0.16867399040165798","0.13594994311717867","-0.1187902076142095"
"Monthly NEAR, Prime 2 years","MONTHLY","NEAR_ENTERED","2023-05-08","2025-05-02","3025","915","3","4","0.6666666666666666","2","0.6666666666666666","false","317","2708","0","251","0.10479338842975207","0.2743169398907104","FAIL","245","2708","0","false","0.2065296137374873","0.7001477104874446","-0.028641808270113978","0.134214217054894","0.3654623946394911","0.27317501977224057","-0.1465101561663531"
"Monthly NEAR, Prime 2 years","MONTHLY","NEAR_ENTERED","2023-05-08","2025-05-02","3025","915","3","4","0.6666666666666666","2","0.6666666666666666","false","317","2708","0","251","0.10479338842975207","0.2743169398907104","UNKNOWN","20","0","0","true","","","","","","",""
"Monthly NEAR, Prime 2 years","MONTHLY","NEAR_ENTERED","2023-05-08","2025-05-02","3025","915","3","4","0.6666666666666666","2","0.6666666666666666","false","317","2708","0","251","0.10479338842975207","0.2743169398907104","UNKNOWN","60","0","0","true","","","","","","",""
"Monthly NEAR, Prime 2 years","MONTHLY","NEAR_ENTERED","2023-05-08","2025-05-02","3025","915","3","4","0.6666666666666666","2","0.6666666666666666","false","317","2708","0","251","0.10479338842975207","0.2743169398907104","UNKNOWN","120","0","0","true","","","","","","",""
"Monthly NEAR, Prime 2 years","MONTHLY","NEAR_ENTERED","2023-05-08","2025-05-02","3025","915","3","4","0.6666666666666666","2","0.6666666666666666","false","317","2708","0","251","0.10479338842975207","0.2743169398907104","UNKNOWN","245","0","0","true","","","","","","",""
"Monthly NEAR, Prime 2 years","MONTHLY","NEAR_ENTERED","2023-05-08","2025-05-02","3025","915","3","4","1","3","1","false","27","2998","0","27","0.008925619834710744","0.029508196721311476","PASS","20","27","0","true","0.020767177002515135","0.6296296296296297","-0.04409761995890504","0.01646706586826352","0.07470945513545824","0.058737151248164476","-0.02631578947368418"
"Monthly NEAR, Prime 2 years","MONTHLY","NEAR_ENTERED","2023-05-08","2025-05-02","3025","915","3","4","1","3","1","false","27","2998","0","27","0.008925619834710744","0.029508196721311476","PASS","60","27","0","true","0.054721898466441564","0.5925925925925926","-0.052354869159655426","0.017658600392413293","0.1480035300680892","0.08876560332871009","-0.10117211597779152"
"Monthly NEAR, Prime 2 years","MONTHLY","NEAR_ENTERED","2023-05-08","2025-05-02","3025","915","3","4","1","3","1","false","27","2998","0","27","0.008925619834710744","0.029508196721311476","PASS","120","27","0","true","0.07129991457210434","0.5925925925925926","-0.05819999386801733","0.06893834941894816","0.13722913331879083","0.14643150123051685","-0.14708056171470807"
"Monthly NEAR, Prime 2 years","MONTHLY","NEAR_ENTERED","2023-05-08","2025-05-02","3025","915","3","4","1","3","1","false","27","2998","0","27","0.008925619834710744","0.029508196721311476","PASS","245","27","0","true","0.23805970220540107","0.7037037037037037","-0.049644020541128764","0.13510178901912395","0.357363532339795","0.23300970873786397","-0.15252260134149898"
"Monthly NEAR, Prime 2 years","MONTHLY","NEAR_ENTERED","2023-05-08","2025-05-02","3025","915","3","4","1","3","1","false","27","2998","0","27","0.008925619834710744","0.029508196721311476","FAIL","20","2998","0","false","0.01512415796412633","0.576050700466978","-0.027504525839205207","0.012116624228660555","0.05391181393662836","0.05123679310006868","-0.03243759026201776"
"Monthly NEAR, Prime 2 years","MONTHLY","NEAR_ENTERED","2023-05-08","2025-05-02","3025","915","3","4","1","3","1","false","27","2998","0","27","0.008925619834710744","0.029508196721311476","FAIL","60","2998","0","false","0.031163302702182937","0.5680453635757171","-0.048342080737725","0.01788228130243985","0.09609469153515071","0.08871368316146244","-0.07560040591740258"
"Monthly NEAR, Prime 2 years","MONTHLY","NEAR_ENTERED","2023-05-08","2025-05-02","3025","915","3","4","1","3","1","false","27","2998","0","27","0.008925619834710744","0.029508196721311476","FAIL","120","2998","0","false","0.07612851791242661","0.6290860573715811","-0.048059503901895256","0.04637847502935821","0.16758797268907566","0.13750582138208567","-0.11798187615140776"
"Monthly NEAR, Prime 2 years","MONTHLY","NEAR_ENTERED","2023-05-08","2025-05-02","3025","915","3","4","1","3","1","false","27","2998","0","27","0.008925619834710744","0.029508196721311476","FAIL","245","2996","2","false","0.21277521579895423","0.705607476635514","-0.02624837297040916","0.14366016404817405","0.3710815049908757","0.278252652389119","-0.14640489063361162"
"Monthly NEAR, Prime 2 years","MONTHLY","NEAR_ENTERED","2023-05-08","2025-05-02","3025","915","3","4","1","3","1","false","27","2998","0","27","0.008925619834710744","0.029508196721311476","UNKNOWN","20","0","0","true","","","","","","",""
"Monthly NEAR, Prime 2 years","MONTHLY","NEAR_ENTERED","2023-05-08","2025-05-02","3025","915","3","4","1","3","1","false","27","2998","0","27","0.008925619834710744","0.029508196721311476","UNKNOWN","60","0","0","true","","","","","","",""
"Monthly NEAR, Prime 2 years","MONTHLY","NEAR_ENTERED","2023-05-08","2025-05-02","3025","915","3","4","1","3","1","false","27","2998","0","27","0.008925619834710744","0.029508196721311476","UNKNOWN","120","0","0","true","","","","","","",""
"Monthly NEAR, Prime 2 years","MONTHLY","NEAR_ENTERED","2023-05-08","2025-05-02","3025","915","3","4","1","3","1","false","27","2998","0","27","0.008925619834710744","0.029508196721311476","UNKNOWN","245","0","0","true","","","","","","",""
"Monthly NEAR, Prime 2 years","MONTHLY","NEAR_ENTERED","2023-05-08","2025-05-02","3025","915","4","5","0.5","2","0.5","false","452","2573","0","332","0.14942148760330579","0.3628415300546448","PASS","20","452","0","false","0.015383890753917513","0.577433628318584","-0.024742999718727843","0.011655152749526887","0.05583193974237649","0.05566769962959972","-0.0343306847127704"
"Monthly NEAR, Prime 2 years","MONTHLY","NEAR_ENTERED","2023-05-08","2025-05-02","3025","915","4","5","0.5","2","0.5","false","452","2573","0","332","0.14942148760330579","0.3628415300546448","PASS","60","452","0","false","0.03324654330485713","0.588495575221239","-0.042429836892558026","0.02392399267399259","0.09745380380967011","0.0938290665934085","-0.0772860176679322"
"Monthly NEAR, Prime 2 years","MONTHLY","NEAR_ENTERED","2023-05-08","2025-05-02","3025","915","4","5","0.5","2","0.5","false","452","2573","0","332","0.14942148760330579","0.3628415300546448","PASS","120","452","0","false","0.07835216624941982","0.6504424778761062","-0.0407688761326373","0.04518654950446732","0.1587638481421666","0.13495023166267717","-0.11448292947525418"
"Monthly NEAR, Prime 2 years","MONTHLY","NEAR_ENTERED","2023-05-08","2025-05-02","3025","915","4","5","0.5","2","0.5","false","452","2573","0","332","0.14942148760330579","0.3628415300546448","PASS","245","450","2","false","0.24798478677634728","0.72","-0.017431700697854713","0.16963698694467932","0.38582026439084305","0.29114026765205236","-0.14278026949363154"
"Monthly NEAR, Prime 2 years","MONTHLY","NEAR_ENTERED","2023-05-08","2025-05-02","3025","915","4","5","0.5","2","0.5","false","452","2573","0","332","0.14942148760330579","0.3628415300546448","FAIL","20","2573","0","false","0.01513774610755846","0.5763699961134862","-0.028280902446774725","0.012335176520629432","0.0538231524989321","0.05016652789342224","-0.032352941176470584"
"Monthly NEAR, Prime 2 years","MONTHLY","NEAR_ENTERED","2023-05-08","2025-05-02","3025","915","4","5","0.5","2","0.5","false","452","2573","0","332","0.14942148760330579","0.3628415300546448","FAIL","60","2573","0","false","0.031044553123180288","0.5647104547221142","-0.04926358557643473","0.017316017316017396","0.0959810874704492","0.0882642998027614","-0.07543520309477758"
"Monthly NEAR, Prime 2 years","MONTHLY","NEAR_ENTERED","2023-05-08","2025-05-02","3025","915","4","5","0.5","2","0.5","false","452","2573","0","332","0.14942148760330579","0.3628415300546448","FAIL","120","2573","0","false","0.07568721929660462","0.624951418577536","-0.05107033639143732","0.04658981748318913","0.16939700243987454","0.13850207000376358","-0.11964066966108611"
"Monthly NEAR, Prime 2 years","MONTHLY","NEAR_ENTERED","2023-05-08","2025-05-02","3025","915","4","5","0.5","2","0.5","false","452","2573","0","332","0.14942148760330579","0.3628415300546448","FAIL","245","2573","0","false","0.20688262901043797","0.7030703458997279","-0.027675276752767486","0.1345776031434185","0.3661417322834646","0.27374824520355645","-0.14719242902208196"
"Monthly NEAR, Prime 2 years","MONTHLY","NEAR_ENTERED","2023-05-08","2025-05-02","3025","915","4","5","0.5","2","0.5","false","452","2573","0","332","0.14942148760330579","0.3628415300546448","UNKNOWN","20","0","0","true","","","","","","",""
"Monthly NEAR, Prime 2 years","MONTHLY","NEAR_ENTERED","2023-05-08","2025-05-02","3025","915","4","5","0.5","2","0.5","false","452","2573","0","332","0.14942148760330579","0.3628415300546448","UNKNOWN","60","0","0","true","","","","","","",""
"Monthly NEAR, Prime 2 years","MONTHLY","NEAR_ENTERED","2023-05-08","2025-05-02","3025","915","4","5","0.5","2","0.5","false","452","2573","0","332","0.14942148760330579","0.3628415300546448","UNKNOWN","120","0","0","true","","","","","","",""
"Monthly NEAR, Prime 2 years","MONTHLY","NEAR_ENTERED","2023-05-08","2025-05-02","3025","915","4","5","0.5","2","0.5","false","452","2573","0","332","0.14942148760330579","0.3628415300546448","UNKNOWN","245","0","0","true","","","","","","",""
"Monthly NEAR, Prime 2 years","MONTHLY","NEAR_ENTERED","2023-05-08","2025-05-02","3025","915","4","5","0.7","3","0.75","true","140","2885","0","120","0.04628099173553719","0.13114754098360656","PASS","20","140","0","false","0.0028849532015829842","0.5214285714285715","-0.03798368096523766","0.0027603591433378316","0.0463298322947478","0.049373094774896265","-0.038596085904020416"
"Monthly NEAR, Prime 2 years","MONTHLY","NEAR_ENTERED","2023-05-08","2025-05-02","3025","915","4","5","0.7","3","0.75","true","140","2885","0","120","0.04628099173553719","0.13114754098360656","PASS","60","140","0","false","0.023027708289539862","0.5357142857142857","-0.06175649337440964","0.00877634298776786","0.08048624142317468","0.0866255238764907","-0.09651015354135711"
"Monthly NEAR, Prime 2 years","MONTHLY","NEAR_ENTERED","2023-05-08","2025-05-02","3025","915","4","5","0.7","3","0.75","true","140","2885","0","120","0.04628099173553719","0.13114754098360656","PASS","120","140","0","false","0.06856017653978744","0.6285714285714286","-0.042184480098203136","0.04071976969762725","0.13483029636505023","0.12217563807366627","-0.1410986239437732"
"Monthly NEAR, Prime 2 years","MONTHLY","NEAR_ENTERED","2023-05-08","2025-05-02","3025","915","4","5","0.7","3","0.75","true","140","2885","0","120","0.04628099173553719","0.13114754098360656","PASS","245","140","0","false","0.3039984677538093","0.7357142857142858","-0.015999316093353255","0.16783763453557077","0.41896208399029666","0.2732789197652259","-0.16362265353461247"
"Monthly NEAR, Prime 2 years","MONTHLY","NEAR_ENTERED","2023-05-08","2025-05-02","3025","915","4","5","0.7","3","0.75","true","140","2885","0","120","0.04628099173553719","0.13114754098360656","FAIL","20","2885","0","false","0.015770899794557","0.5792027729636049","-0.027178729689807946","0.013157894736842035","0.054481546572934914","0.051355206847360835","-0.03235470341521873"
"Monthly NEAR, Prime 2 years","MONTHLY","NEAR_ENTERED","2023-05-08","2025-05-02","3025","915","4","5","0.7","3","0.75","true","140","2885","0","120","0.04628099173553719","0.13114754098360656","FAIL","60","2885","0","false","0.03177857663750529","0.5698440207972271","-0.04804138950480419","0.018234865061998562","0.09627831715210355","0.08901363271852447","-0.0751064653503678"
"Monthly NEAR, Prime 2 years","MONTHLY","NEAR_ENTERED","2023-05-08","2025-05-02","3025","915","4","5","0.7","3","0.75","true","140","2885","0","120","0.04628099173553719","0.13114754098360656","FAIL","120","2885","0","false","0.0764505960760247","0.6287694974003466","-0.04845360824742273","0.04658981748318913","0.16877880184331806","0.1387283236994219","-0.116945107398568"
"Monthly NEAR, Prime 2 years","MONTHLY","NEAR_ENTERED","2023-05-08","2025-05-02","3025","915","4","5","0.7","3","0.75","true","140","2885","0","120","0.04628099173553719","0.13114754098360656","FAIL","245","2883","2","false","0.20858216198670795","0.7041276448144295","-0.026798219000606804","0.14158504007123773","0.36815110543214","0.2773375594294769","-0.1453146220009054"
"Monthly NEAR, Prime 2 years","MONTHLY","NEAR_ENTERED","2023-05-08","2025-05-02","3025","915","4","5","0.7","3","0.75","true","140","2885","0","120","0.04628099173553719","0.13114754098360656","UNKNOWN","20","0","0","true","","","","","","",""
"Monthly NEAR, Prime 2 years","MONTHLY","NEAR_ENTERED","2023-05-08","2025-05-02","3025","915","4","5","0.7","3","0.75","true","140","2885","0","120","0.04628099173553719","0.13114754098360656","UNKNOWN","60","0","0","true","","","","","","",""
"Monthly NEAR, Prime 2 years","MONTHLY","NEAR_ENTERED","2023-05-08","2025-05-02","3025","915","4","5","0.7","3","0.75","true","140","2885","0","120","0.04628099173553719","0.13114754098360656","UNKNOWN","120","0","0","true","","","","","","",""
"Monthly NEAR, Prime 2 years","MONTHLY","NEAR_ENTERED","2023-05-08","2025-05-02","3025","915","4","5","0.7","3","0.75","true","140","2885","0","120","0.04628099173553719","0.13114754098360656","UNKNOWN","245","0","0","true","","","","","","",""
"Monthly NEAR, Prime 2 years","MONTHLY","NEAR_ENTERED","2023-05-08","2025-05-02","3025","915","4","5","1","4","1","false","3","3022","0","3","0.0009917355371900827","0.003278688524590164","PASS","20","3","0","true","0.07759659301932313","1","0.047681439236587075","0.07109737248840808","0.10426213653660166","0.14327485380116967","-0.015455950540958274"
"Monthly NEAR, Prime 2 years","MONTHLY","NEAR_ENTERED","2023-05-08","2025-05-02","3025","915","4","5","1","4","1","false","3","3022","0","3","0.0009917355371900827","0.003278688524590164","PASS","60","3","0","true","0.08216470424677502","0.6666666666666666","-0.00029095532574385796","0.020092735703245657","0.13358437954752922","0.24574961360123648","-0.03917301414581065"
"Monthly NEAR, Prime 2 years","MONTHLY","NEAR_ENTERED","2023-05-08","2025-05-02","3025","915","4","5","1","4","1","false","3","3022","0","3","0.0009917355371900827","0.003278688524590164","PASS","120","3","0","true","-0.017303030835622384","0.3333333333333333","-0.08589606672126987","-0.029597388465723684","0.045142826234974454","0.24574961360123648","-0.1715610510046368"
"Monthly NEAR, Prime 2 years","MONTHLY","NEAR_ENTERED","2023-05-08","2025-05-02","3025","915","4","5","1","4","1","false","3","3022","0","3","0.0009917355371900827","0.003278688524590164","PASS","245","3","0","true","0.20356540984974836","1","0.10432472296175699","0.17464635473340584","0.28834656917956847","0.24574961360123648","-0.17486398258977154"
"Monthly NEAR, Prime 2 years","MONTHLY","NEAR_ENTERED","2023-05-08","2025-05-02","3025","915","4","5","1","4","1","false","3","3022","0","3","0.0009917355371900827","0.003278688524590164","FAIL","20","3022","0","false","0.01511255776851775","0.5761085373924554","-0.027888066421496244","0.0121212121212122","0.053924894729413364","0.05120953985244581","-0.03243759026201776"
"Monthly NEAR, Prime 2 years","MONTHLY","NEAR_ENTERED","2023-05-08","2025-05-02","3025","915","4","5","1","4","1","false","3","3022","0","3","0.0009917355371900827","0.003278688524590164","FAIL","60","3022","0","false","0.031323156402050994","0.5681667769688947","-0.04850180913613747","0.01781500153593185","0.09621038904689777","0.08868553807845436","-0.07583316253330602"
"Monthly NEAR, Prime 2 years","MONTHLY","NEAR_ENTERED","2023-05-08","2025-05-02","3025","915","4","5","1","4","1","false","3","3022","0","3","0.0009917355371900827","0.003278688524590164","FAIL","120","3022","0","false","0.07617812822217365","0.629053606882859","-0.048059503901895256","0.04649078503025439","0.16758797268907566","0.13750582138208567","-0.11848189689098781"
"Monthly NEAR, Prime 2 years","MONTHLY","NEAR_ENTERED","2023-05-08","2025-05-02","3025","915","4","5","1","4","1","false","3","3022","0","3","0.0009917355371900827","0.003278688524590164","FAIL","245","3020","2","false","0.21301041796810044","0.7052980132450332","-0.026541319686614384","0.14331069018846143","0.3710815049908757","0.27753712291000476","-0.14644716643719635"
"Monthly NEAR, Prime 2 years","MONTHLY","NEAR_ENTERED","2023-05-08","2025-05-02","3025","915","4","5","1","4","1","false","3","3022","0","3","0.0009917355371900827","0.003278688524590164","UNKNOWN","20","0","0","true","","","","","","",""
"Monthly NEAR, Prime 2 years","MONTHLY","NEAR_ENTERED","2023-05-08","2025-05-02","3025","915","4","5","1","4","1","false","3","3022","0","3","0.0009917355371900827","0.003278688524590164","UNKNOWN","60","0","0","true","","","","","","",""
"Monthly NEAR, Prime 2 years","MONTHLY","NEAR_ENTERED","2023-05-08","2025-05-02","3025","915","4","5","1","4","1","false","3","3022","0","3","0.0009917355371900827","0.003278688524590164","UNKNOWN","120","0","0","true","","","","","","",""
"Monthly NEAR, Prime 2 years","MONTHLY","NEAR_ENTERED","2023-05-08","2025-05-02","3025","915","4","5","1","4","1","false","3","3022","0","3","0.0009917355371900827","0.003278688524590164","UNKNOWN","245","0","0","true","","","","","","",""
"Monthly NEAR, Prime 2 years","MONTHLY","NEAR_ENTERED","2023-05-08","2025-05-02","3025","915","6","7","0.5","3","0.5","false","407","2618","0","287","0.13454545454545455","0.31366120218579235","PASS","20","407","0","false","0.011225158958119388","0.5601965601965602","-0.03315031720358269","0.00990099009900991","0.048247262916516376","0.049429657794676896","-0.03597122302158273"
"Monthly NEAR, Prime 2 years","MONTHLY","NEAR_ENTERED","2023-05-08","2025-05-02","3025","915","6","7","0.5","3","0.5","false","407","2618","0","287","0.13454545454545455","0.31366120218579235","PASS","60","407","0","false","0.025232942006233054","0.5675675675675675","-0.047280000970561675","0.016145833333333304","0.08542096382356579","0.08977900552486195","-0.07696827262044659"
"Monthly NEAR, Prime 2 years","MONTHLY","NEAR_ENTERED","2023-05-08","2025-05-02","3025","915","6","7","0.5","3","0.5","false","407","2618","0","287","0.13454545454545455","0.31366120218579235","PASS","120","407","0","false","0.0715756477202015","0.6437346437346437","-0.04091879675270205","0.03791469194312791","0.15546899830014638","0.1272455089820359","-0.11239193083573484"
"Monthly NEAR, Prime 2 years","MONTHLY","NEAR_ENTERED","2023-05-08","2025-05-02","3025","915","6","7","0.5","3","0.5","false","407","2618","0","287","0.13454545454545455","0.31366120218579235","PASS","245","406","1","false","0.2466444281398518","0.7167487684729064","-0.017431700697854713","0.17048424527132833","0.3808069246501848","0.2802002531517218","-0.146350612664172"
"Monthly NEAR, Prime 2 years","MONTHLY","NEAR_ENTERED","2023-05-08","2025-05-02","3025","915","6","7","0.5","3","0.5","false","407","2618","0","287","0.13454545454545455","0.31366120218579235","FAIL","20","2618","0","false","0.015788502543760106","0.5790679908326967","-0.027030316539453675","0.013093605348877047","0.05491856682425661","0.051510921002392185","-0.0320262512369735"
"Monthly NEAR, Prime 2 years","MONTHLY","NEAR_ENTERED","2023-05-08","2025-05-02","3025","915","6","7","0.5","3","0.5","false","407","2618","0","287","0.13454545454545455","0.31366120218579235","FAIL","60","2618","0","false","0.03232821442444666","0.5683728036669213","-0.04891441330640611","0.018138345824642577","0.09656607067952006","0.08864676808144711","-0.07548050785714022"
"Monthly NEAR, Prime 2 years","MONTHLY","NEAR_ENTERED","2023-05-08","2025-05-02","3025","915","6","7","0.5","3","0.5","false","407","2618","0","287","0.13454545454545455","0.31366120218579235","FAIL","120","2618","0","false","0.07678651862978594","0.6264323911382735","-0.05020578202401002","0.04775450469013476","0.17000215773006805","0.1395160412973926","-0.11929159212880142"
"Monthly NEAR, Prime 2 years","MONTHLY","NEAR_ENTERED","2023-05-08","2025-05-02","3025","915","6","7","0.5","3","0.5","false","407","2618","0","287","0.13454545454545455","0.31366120218579235","FAIL","245","2617","1","false","0.20778162807353184","0.703859380970577","-0.027391659852820882","0.13538873994638068","0.3684387617765814","0.275808133472367","-0.146505376344086"
"Monthly NEAR, Prime 2 years","MONTHLY","NEAR_ENTERED","2023-05-08","2025-05-02","3025","915","6","7","0.5","3","0.5","false","407","2618","0","287","0.13454545454545455","0.31366120218579235","UNKNOWN","20","0","0","true","","","","","","",""
"Monthly NEAR, Prime 2 years","MONTHLY","NEAR_ENTERED","2023-05-08","2025-05-02","3025","915","6","7","0.5","3","0.5","false","407","2618","0","287","0.13454545454545455","0.31366120218579235","UNKNOWN","60","0","0","true","","","","","","",""
"Monthly NEAR, Prime 2 years","MONTHLY","NEAR_ENTERED","2023-05-08","2025-05-02","3025","915","6","7","0.5","3","0.5","false","407","2618","0","287","0.13454545454545455","0.31366120218579235","UNKNOWN","120","0","0","true","","","","","","",""
"Monthly NEAR, Prime 2 years","MONTHLY","NEAR_ENTERED","2023-05-08","2025-05-02","3025","915","6","7","0.5","3","0.5","false","407","2618","0","287","0.13454545454545455","0.31366120218579235","UNKNOWN","245","0","0","true","","","","","","",""
"Monthly NEAR, Prime 2 years","MONTHLY","NEAR_ENTERED","2023-05-08","2025-05-02","3025","915","6","7","0.6666666666666666","4","0.6666666666666666","false","153","2872","0","125","0.05057851239669422","0.1366120218579235","PASS","20","153","0","false","0.004496947137675225","0.49019607843137253","-0.03924221921515558","-0.0009074410163338875","0.04095563139931735","0.04798856442720023","-0.03853046594982079"
"Monthly NEAR, Prime 2 years","MONTHLY","NEAR_ENTERED","2023-05-08","2025-05-02","3025","915","6","7","0.6666666666666666","4","0.6666666666666666","false","153","2872","0","125","0.05057851239669422","0.1366120218579235","PASS","60","153","0","false","0.00842308622279464","0.49673202614379086","-0.06042065009560227","0","0.06849315068493156","0.079937967009728","-0.0963381245722108"
"Monthly NEAR, Prime 2 years","MONTHLY","NEAR_ENTERED","2023-05-08","2025-05-02","3025","915","6","7","0.6666666666666666","4","0.6666666666666666","false","153","2872","0","125","0.05057851239669422","0.1366120218579235","PASS","120","153","0","false","0.0533216510757603","0.5882352941176471","-0.04526143790849668","0.0253025302530252","0.13282138794084197","0.12303506650544138","-0.14169973544973546"
"Monthly NEAR, Prime 2 years","MONTHLY","NEAR_ENTERED","2023-05-08","2025-05-02","3025","915","6","7","0.6666666666666666","4","0.6666666666666666","false","153","2872","0","125","0.05057851239669422","0.1366120218579235","PASS","245","152","1","false","0.268959154686671","0.7105263157894737","-0.018795473152944525","0.16384410282048079","0.36943535500576224","0.26162068151927353","-0.17317128153094563"
"Monthly NEAR, Prime 2 years","MONTHLY","NEAR_ENTERED","2023-05-08","2025-05-02","3025","915","6","7","0.6666666666666666","4","0.6666666666666666","false","153","2872","0","125","0.05057851239669422","0.1366120218579235","FAIL","20","2872","0","false","0.015743351825715273","0.5811281337047354","-0.027048064539567263","0.013283435567076451","0.05481496809146019","0.051510921002392185","-0.032119140546010894"
"Monthly NEAR, Prime 2 years","MONTHLY","NEAR_ENTERED","2023-05-08","2025-05-02","3025","915","6","7","0.6666666666666666","4","0.6666666666666666","false","153","2872","0","125","0.05057851239669422","0.1366120218579235","FAIL","60","2872","0","false","0.032596218860602634","0.572075208913649","-0.04814733352388101","0.018533360048086478","0.09684370513479512","0.08972309765015041","-0.07507965973649466"
"Monthly NEAR, Prime 2 years","MONTHLY","NEAR_ENTERED","2023-05-08","2025-05-02","3025","915","6","7","0.6666666666666666","4","0.6666666666666666","false","153","2872","0","125","0.05057851239669422","0.1366120218579235","FAIL","120","2872","0","false","0.07729811343325571","0.6309192200557103","-0.04817109436954803","0.04826589924129543","0.16955484792665315","0.13874047579505078","-0.11696042816433394"
"Monthly NEAR, Prime 2 years","MONTHLY","NEAR_ENTERED","2023-05-08","2025-05-02","3025","915","6","7","0.6666666666666666","4","0.6666666666666666","false","153","2872","0","125","0.05057851239669422","0.1366120218579235","FAIL","245","2871","1","false","0.21003844199959532","0.7053291536050157","-0.026587190738638355","0.14158504007123773","0.37116806900367394","0.27824750192159886","-0.1452420701168614"
"Monthly NEAR, Prime 2 years","MONTHLY","NEAR_ENTERED","2023-05-08","2025-05-02","3025","915","6","7","0.6666666666666666","4","0.6666666666666666","false","153","2872","0","125","0.05057851239669422","0.1366120218579235","UNKNOWN","20","0","0","true","","","","","","",""
"Monthly NEAR, Prime 2 years","MONTHLY","NEAR_ENTERED","2023-05-08","2025-05-02","3025","915","6","7","0.6666666666666666","4","0.6666666666666666","false","153","2872","0","125","0.05057851239669422","0.1366120218579235","UNKNOWN","60","0","0","true","","","","","","",""
"Monthly NEAR, Prime 2 years","MONTHLY","NEAR_ENTERED","2023-05-08","2025-05-02","3025","915","6","7","0.6666666666666666","4","0.6666666666666666","false","153","2872","0","125","0.05057851239669422","0.1366120218579235","UNKNOWN","120","0","0","true","","","","","","",""
"Monthly NEAR, Prime 2 years","MONTHLY","NEAR_ENTERED","2023-05-08","2025-05-02","3025","915","6","7","0.6666666666666666","4","0.6666666666666666","false","153","2872","0","125","0.05057851239669422","0.1366120218579235","UNKNOWN","245","0","0","true","","","","","","",""
"Monthly NEAR, Prime 2 years","MONTHLY","NEAR_ENTERED","2023-05-08","2025-05-02","3025","915","6","7","0.8333333333333334","5","0.8333333333333334","false","19","3006","0","17","0.00628099173553719","0.018579234972677595","PASS","20","19","0","true","0.028556076657356308","0.631578947368421","-0.016206621161261314","0.024265505984766067","0.07776597667091645","0.07430930454112428","-0.015455950540958274"
"Monthly NEAR, Prime 2 years","MONTHLY","NEAR_ENTERED","2023-05-08","2025-05-02","3025","915","6","7","0.8333333333333334","5","0.8333333333333334","false","19","3006","0","17","0.00628099173553719","0.018579234972677595","PASS","60","19","0","true","0.016354375027791707","0.42105263157894735","-0.0515976854875842","-0.017985611510791366","0.028605755107819375","0.1101622544833476","-0.1220472440944882"
"Monthly NEAR, Prime 2 years","MONTHLY","NEAR_ENTERED","2023-05-08","2025-05-02","3025","915","6","7","0.8333333333333334","5","0.8333333333333334","false","19","3006","0","17","0.00628099173553719","0.018579234972677595","PASS","120","19","0","true","0.04441025477564987","0.5263157894736842","-0.11088565034425896","0.012252399428221317","0.1302292135608657","0.13034725717161555","-0.14448669201520914"
"Monthly NEAR, Prime 2 years","MONTHLY","NEAR_ENTERED","2023-05-08","2025-05-02","3025","915","6","7","0.8333333333333334","5","0.8333333333333334","false","19","3006","0","17","0.00628099173553719","0.018579234972677595","PASS","245","19","0","true","0.31536462963874107","0.7894736842105263","0.043276661514683123","0.23287671232876717","0.40148780940887074","0.3092979127134725","-0.1447841726618705"
"Monthly NEAR, Prime 2 years","MONTHLY","NEAR_ENTERED","2023-05-08","2025-05-02","3025","915","6","7","0.8333333333333334","5","0.8333333333333334","false","19","3006","0","17","0.00628099173553719","0.018579234972677595","FAIL","20","3006","0","false","0.015089944743522562","0.5761809713905522","-0.02793841017551124","0.012116624228660555","0.05391181393662836","0.05120953985244581","-0.03243759026201776"
"Monthly NEAR, Prime 2 years","MONTHLY","NEAR_ENTERED","2023-05-08","2025-05-02","3025","915","6","7","0.8333333333333334","5","0.8333333333333334","false","19","3006","0","17","0.00628099173553719","0.018579234972677595","FAIL","60","3006","0","false","0.031468509525685424","0.5691949434464405","-0.04837262685448132","0.01805689012660372","0.0962699080171589","0.08871368316146244","-0.07555818190030261"
"Monthly NEAR, Prime 2 years","MONTHLY","NEAR_ENTERED","2023-05-08","2025-05-02","3025","915","6","7","0.8333333333333334","5","0.8333333333333334","false","19","3006","0","17","0.00628099173553719","0.018579234972677595","FAIL","120","3006","0","false","0.07628562859419975","0.6294078509647372","-0.04797574744616831","0.046606040996589826","0.16758797268907566","0.13759479956663045","-0.11787328160442234"
"Monthly NEAR, Prime 2 years","MONTHLY","NEAR_ENTERED","2023-05-08","2025-05-02","3025","915","6","7","0.8333333333333334","5","0.8333333333333334","false","19","3006","0","17","0.00628099173553719","0.018579234972677595","FAIL","245","3004","2","false","0.2123536053695328","0.7050599201065246","-0.026541319686614384","0.14179549918159706","0.37066824957676453","0.27719691824287696","-0.14649724023015437"
"Monthly NEAR, Prime 2 years","MONTHLY","NEAR_ENTERED","2023-05-08","2025-05-02","3025","915","6","7","0.8333333333333334","5","0.8333333333333334","false","19","3006","0","17","0.00628099173553719","0.018579234972677595","UNKNOWN","20","0","0","true","","","","","","",""
"Monthly NEAR, Prime 2 years","MONTHLY","NEAR_ENTERED","2023-05-08","2025-05-02","3025","915","6","7","0.8333333333333334","5","0.8333333333333334","false","19","3006","0","17","0.00628099173553719","0.018579234972677595","UNKNOWN","60","0","0","true","","","","","","",""
"Monthly NEAR, Prime 2 years","MONTHLY","NEAR_ENTERED","2023-05-08","2025-05-02","3025","915","6","7","0.8333333333333334","5","0.8333333333333334","false","19","3006","0","17","0.00628099173553719","0.018579234972677595","UNKNOWN","120","0","0","true","","","","","","",""
"Monthly NEAR, Prime 2 years","MONTHLY","NEAR_ENTERED","2023-05-08","2025-05-02","3025","915","6","7","0.8333333333333334","5","0.8333333333333334","false","19","3006","0","17","0.00628099173553719","0.018579234972677595","UNKNOWN","245","0","0","true","","","","","","",""
"Monthly NEAR, Prime 2 years","MONTHLY","NEAR_ENTERED","2023-05-08","2025-05-02","3025","915","6","7","1","6","1","false","1","3024","0","1","0.00033057851239669424","0.001092896174863388","PASS","20","1","0","true","0.07109737248840808","1","0.07109737248840808","0.07109737248840808","0.07109737248840808","0.15146831530139093","-0.015455950540958274"
"Monthly NEAR, Prime 2 years","MONTHLY","NEAR_ENTERED","2023-05-08","2025-05-02","3025","915","6","7","1","6","1","false","1","3024","0","1","0.00033057851239669424","0.001092896174863388","PASS","60","1","0","true","0.020092735703245657","1","0.020092735703245657","0.020092735703245657","0.020092735703245657","0.24574961360123648","-0.015455950540958274"
"Monthly NEAR, Prime 2 years","MONTHLY","NEAR_ENTERED","2023-05-08","2025-05-02","3025","915","6","7","1","6","1","false","1","3024","0","1","0.00033057851239669424","0.001092896174863388","PASS","120","1","0","true","-0.14219474497681606","0","-0.14219474497681606","-0.14219474497681606","-0.14219474497681606","0.24574961360123648","-0.1715610510046368"
"Monthly NEAR, Prime 2 years","MONTHLY","NEAR_ENTERED","2023-05-08","2025-05-02","3025","915","6","7","1","6","1","false","1","3024","0","1","0.00033057851239669424","0.001092896174863388","PASS","245","1","0","true","0.03400309119010814","1","0.03400309119010814","0.03400309119010814","0.03400309119010814","0.24574961360123648","-0.2442040185471407"
"Monthly NEAR, Prime 2 years","MONTHLY","NEAR_ENTERED","2023-05-08","2025-05-02","3025","915","6","7","1","6","1","false","1","3024","0","1","0.00033057851239669424","0.001092896174863388","FAIL","20","3024","0","false","0.015156032401795699","0.5763888888888888","-0.027837262767628962","0.012195575385759438","0.053930806308876145","0.05123679310006868","-0.03240761302626938"
"Monthly NEAR, Prime 2 years","MONTHLY","NEAR_ENTERED","2023-05-08","2025-05-02","3025","915","6","7","1","6","1","false","1","3024","0","1","0.00033057851239669424","0.001092896174863388","FAIL","60","3024","0","false","0.03137730820900634","0.5681216931216931","-0.04849050203527813","0.01781500153593185","0.09623350128280433","0.08871368316146244","-0.07572723510486334"
"Monthly NEAR, Prime 2 years","MONTHLY","NEAR_ENTERED","2023-05-08","2025-05-02","3025","915","6","7","1","6","1","false","1","3024","0","1","0.00033057851239669424","0.001092896174863388","FAIL","120","3024","0","false","0.07615760222879588","0.628968253968254","-0.04802466555183951","0.04649078503025439","0.167469800420168","0.13750582138208567","-0.11848189689098781"
"Monthly NEAR, Prime 2 years","MONTHLY","NEAR_ENTERED","2023-05-08","2025-05-02","3025","915","6","7","1","6","1","false","1","3024","0","1","0.00033057851239669424","0.001092896174863388","FAIL","245","3022","2","false","0.21306027644011333","0.7054930509596293","-0.02643763900436305","0.14352048318692345","0.37125463301647216","0.27753712291000476","-0.14644716643719635"
"Monthly NEAR, Prime 2 years","MONTHLY","NEAR_ENTERED","2023-05-08","2025-05-02","3025","915","6","7","1","6","1","false","1","3024","0","1","0.00033057851239669424","0.001092896174863388","UNKNOWN","20","0","0","true","","","","","","",""
"Monthly NEAR, Prime 2 years","MONTHLY","NEAR_ENTERED","2023-05-08","2025-05-02","3025","915","6","7","1","6","1","false","1","3024","0","1","0.00033057851239669424","0.001092896174863388","UNKNOWN","60","0","0","true","","","","","","",""
"Monthly NEAR, Prime 2 years","MONTHLY","NEAR_ENTERED","2023-05-08","2025-05-02","3025","915","6","7","1","6","1","false","1","3024","0","1","0.00033057851239669424","0.001092896174863388","UNKNOWN","120","0","0","true","","","","","","",""
"Monthly NEAR, Prime 2 years","MONTHLY","NEAR_ENTERED","2023-05-08","2025-05-02","3025","915","6","7","1","6","1","false","1","3024","0","1","0.00033057851239669424","0.001092896174863388","UNKNOWN","245","0","0","true","","","","","","",""
"Monthly NEAR, Prime 2 years","MONTHLY","NEAR_ENTERED","2023-05-08","2025-05-02","3025","915","8","9","0.5","4","0.5","false","397","2628","0","274","0.1312396694214876","0.2994535519125683","PASS","20","397","0","false","0.006271234103452195","0.5289672544080605","-0.036120401337792596","0.0054555373704310295","0.04361948955916484","0.04726799653078917","-0.03391502744034036"
"Monthly NEAR, Prime 2 years","MONTHLY","NEAR_ENTERED","2023-05-08","2025-05-02","3025","915","8","9","0.5","4","0.5","false","397","2628","0","274","0.1312396694214876","0.2994535519125683","PASS","60","397","0","false","0.013834100064862152","0.5365239294710328","-0.051333668847508784","0.007692307692307665","0.07466401194624184","0.08406304728546399","-0.07764705882352951"
"Monthly NEAR, Prime 2 years","MONTHLY","NEAR_ENTERED","2023-05-08","2025-05-02","3025","915","8","9","0.5","4","0.5","false","397","2628","0","274","0.1312396694214876","0.2994535519125683","PASS","120","397","0","false","0.05726357588057948","0.6272040302267002","-0.037953795379537913","0.0303537284894837","0.13549337260677463","0.1206896551724137","-0.11549037580201649"
"Monthly NEAR, Prime 2 years","MONTHLY","NEAR_ENTERED","2023-05-08","2025-05-02","3025","915","8","9","0.5","4","0.5","false","397","2628","0","274","0.1312396694214876","0.2994535519125683","PASS","245","396","1","false","0.2146820366194653","0.6944444444444444","-0.027982061290196203","0.14142175883383723","0.36879438283318927","0.26054607508532424","-0.14933976797801735"
"Monthly NEAR, Prime 2 years","MONTHLY","NEAR_ENTERED","2023-05-08","2025-05-02","3025","915","8","9","0.5","4","0.5","false","397","2628","0","274","0.1312396694214876","0.2994535519125683","FAIL","20","2628","0","false","0.016519505105193323","0.5837138508371386","-0.026599581327584637","0.013511368334022333","0.05575928457507401","0.051912568306010876","-0.032358581481072124"
"Monthly NEAR, Prime 2 years","MONTHLY","NEAR_ENTERED","2023-05-08","2025-05-02","3025","915","8","9","0.5","4","0.5","false","397","2628","0","274","0.1312396694214876","0.2994535519125683","FAIL","60","2628","0","false","0.03402318684702738","0.5730593607305936","-0.04814733352388101","0.019854956160268222","0.09854783114059262","0.09030929534738019","-0.0752589638834939"
"Monthly NEAR, Prime 2 years","MONTHLY","NEAR_ENTERED","2023-05-08","2025-05-02","3025","915","8","9","0.5","4","0.5","false","397","2628","0","274","0.1312396694214876","0.2994535519125683","FAIL","120","2628","0","false","0.0789287499125995","0.6289954337899544","-0.05007761482867412","0.04922066248866097","0.17266283666337473","0.14099926227425286","-0.11906366760098802"
"Monthly NEAR, Prime 2 years","MONTHLY","NEAR_ENTERED","2023-05-08","2025-05-02","3025","915","8","9","0.5","4","0.5","false","397","2628","0","274","0.1312396694214876","0.2994535519125683","FAIL","245","2627","1","false","0.2127476482649046","0.7072706509326228","-0.026038818369163386","0.14363885088919282","0.37173601265586187","0.2789940057336462","-0.1454545454545455"
"Monthly NEAR, Prime 2 years","MONTHLY","NEAR_ENTERED","2023-05-08","2025-05-02","3025","915","8","9","0.5","4","0.5","false","397","2628","0","274","0.1312396694214876","0.2994535519125683","UNKNOWN","20","0","0","true","","","","","","",""
"Monthly NEAR, Prime 2 years","MONTHLY","NEAR_ENTERED","2023-05-08","2025-05-02","3025","915","8","9","0.5","4","0.5","false","397","2628","0","274","0.1312396694214876","0.2994535519125683","UNKNOWN","60","0","0","true","","","","","","",""
"Monthly NEAR, Prime 2 years","MONTHLY","NEAR_ENTERED","2023-05-08","2025-05-02","3025","915","8","9","0.5","4","0.5","false","397","2628","0","274","0.1312396694214876","0.2994535519125683","UNKNOWN","120","0","0","true","","","","","","",""
"Monthly NEAR, Prime 2 years","MONTHLY","NEAR_ENTERED","2023-05-08","2025-05-02","3025","915","8","9","0.5","4","0.5","false","397","2628","0","274","0.1312396694214876","0.2994535519125683","UNKNOWN","245","0","0","true","","","","","","",""
"Monthly NEAR, Prime 2 years","MONTHLY","NEAR_ENTERED","2023-05-08","2025-05-02","3025","915","8","9","0.75","6","0.75","false","30","2995","0","25","0.009917355371900827","0.0273224043715847","PASS","20","30","0","false","0.01440305446781415","0.5333333333333333","-0.03846924855381495","0.009936275601068578","0.06422790175609727","0.04817524945228968","-0.02626386762200883"
"Monthly NEAR, Prime 2 years","MONTHLY","NEAR_ENTERED","2023-05-08","2025-05-02","3025","915","8","9","0.75","6","0.75","false","30","2995","0","25","0.009917355371900827","0.0273224043715847","PASS","60","30","0","false","0.006290139968055711","0.43333333333333335","-0.0858991775588267","-0.008274509803921581","0.05663818658231512","0.08210938042619675","-0.10715676445413824"
"Monthly NEAR, Prime 2 years","MONTHLY","NEAR_ENTERED","2023-05-08","2025-05-02","3025","915","8","9","0.75","6","0.75","false","30","2995","0","25","0.009917355371900827","0.0273224043715847","PASS","120","30","0","false","0.05443118871327151","0.5333333333333333","-0.09195027249302537","0.024544745284132863","0.14702614779386003","0.13082726938164158","-0.1715610510046368"
"Monthly NEAR, Prime 2 years","MONTHLY","NEAR_ENTERED","2023-05-08","2025-05-02","3025","915","8","9","0.75","6","0.75","false","30","2995","0","25","0.009917355371900827","0.0273224043715847","PASS","245","30","0","false","0.5392771804651465","0.8","0.03670303523845925","0.2634691595940438","0.47974176313446126","0.38073656915914433","-0.19216222950568307"
"Monthly NEAR, Prime 2 years","MONTHLY","NEAR_ENTERED","2023-05-08","2025-05-02","3025","915","8","9","0.75","6","0.75","false","30","2995","0","25","0.009917355371900827","0.0273224043715847","FAIL","20","2995","0","false","0.015182252995487207","0.5769616026711185","-0.027500961063523732","0.012269938650306678","0.05393249089202046","0.051355206847360835","-0.032432432432432434"
"Monthly NEAR, Prime 2 years","MONTHLY","NEAR_ENTERED","2023-05-08","2025-05-02","3025","915","8","9","0.75","6","0.75","false","30","2995","0","25","0.009917355371900827","0.0273224043715847","FAIL","60","2995","0","false","0.031624830905074015","0.5696160267111853","-0.04821801761456934","0.018076644974692746","0.09627631650549462","0.08881578947368429","-0.0756102606537028"
"Monthly NEAR, Prime 2 years","MONTHLY","NEAR_ENTERED","2023-05-08","2025-05-02","3025","915","8","9","0.75","6","0.75","false","30","2995","0","25","0.009917355371900827","0.0273224043715847","FAIL","120","2995","0","false","0.07630232345025166","0.6297161936560934","-0.04778426851650125","0.04658981748318913","0.16779161065949777","0.13759479956663045","-0.11786766675596039"
"Monthly NEAR, Prime 2 years","MONTHLY","NEAR_ENTERED","2023-05-08","2025-05-02","3025","915","8","9","0.75","6","0.75","false","30","2995","0","25","0.009917355371900827","0.0273224043715847","FAIL","245","2993","2","false","0.20973065254903378","0.7046441697293685","-0.026678932842686298","0.1420059582919564","0.37037037037037046","0.277056277056277","-0.14621212121212124"
"Monthly NEAR, Prime 2 years","MONTHLY","NEAR_ENTERED","2023-05-08","2025-05-02","3025","915","8","9","0.75","6","0.75","false","30","2995","0","25","0.009917355371900827","0.0273224043715847","UNKNOWN","20","0","0","true","","","","","","",""
"Monthly NEAR, Prime 2 years","MONTHLY","NEAR_ENTERED","2023-05-08","2025-05-02","3025","915","8","9","0.75","6","0.75","false","30","2995","0","25","0.009917355371900827","0.0273224043715847","UNKNOWN","60","0","0","true","","","","","","",""
"Monthly NEAR, Prime 2 years","MONTHLY","NEAR_ENTERED","2023-05-08","2025-05-02","3025","915","8","9","0.75","6","0.75","false","30","2995","0","25","0.009917355371900827","0.0273224043715847","UNKNOWN","120","0","0","true","","","","","","",""
"Monthly NEAR, Prime 2 years","MONTHLY","NEAR_ENTERED","2023-05-08","2025-05-02","3025","915","8","9","0.75","6","0.75","false","30","2995","0","25","0.009917355371900827","0.0273224043715847","UNKNOWN","245","0","0","true","","","","","","",""
"Monthly NEAR, Prime 2 years","MONTHLY","NEAR_ENTERED","2023-05-08","2025-05-02","3025","915","8","9","0.875","7","0.875","false","4","3021","0","4","0.001322314049586777","0.004371584699453552","PASS","20","4","0","true","0.04734821005071596","0.75","0.022945615299720362","0.06094807040993855","0.08535066516093415","0.08646268101394639","-0.01883664265816426"
"Monthly NEAR, Prime 2 years","MONTHLY","NEAR_ENTERED","2023-05-08","2025-05-02","3025","915","8","9","0.875","7","0.875","false","4","3021","0","4","0.001322314049586777","0.004371584699453552","PASS","60","4","0","true","-0.02557831983958661","0.25","-0.08015289432280315","-0.04101705543321976","0.013557519049996775","0.10239782219370597","-0.14208459034091186"
"Monthly NEAR, Prime 2 years","MONTHLY","NEAR_ENTERED","2023-05-08","2025-05-02","3025","915","8","9","0.875","7","0.875","false","4","3021","0","4","0.001322314049586777","0.004371584699453552","PASS","120","4","0","true","0.028564047234899748","0.5","-0.15410450361732858","-0.012478832866169243","0.17018971798605909","0.2004537835968162","-0.1654952640126195"
"Monthly NEAR, Prime 2 years","MONTHLY","NEAR_ENTERED","2023-05-08","2025-05-02","3025","915","8","9","0.875","7","0.875","false","4","3021","0","4","0.001322314049586777","0.004371584699453552","PASS","245","4","0","true","0.17979955464946973","0.75","0.013941070933816635","0.14271347208401264","0.30857195579966573","0.24266792952916172","-0.20181674778387143"
"Monthly NEAR, Prime 2 years","MONTHLY","NEAR_ENTERED","2023-05-08","2025-05-02","3025","915","8","9","0.875","7","0.875","false","4","3021","0","4","0.001322314049586777","0.004371584699453552","FAIL","20","3021","0","false","0.015131925360912193","0.5762992386626945","-0.027913468248429885","0.0121212121212122","0.05392912172573183","0.0512631578947369","-0.032432432432432434"
"Monthly NEAR, Prime 2 years","MONTHLY","NEAR_ENTERED","2023-05-08","2025-05-02","3025","915","8","9","0.875","7","0.875","false","4","3021","0","4","0.001322314049586777","0.004371584699453552","FAIL","60","3021","0","false","0.03144898577924421","0.5686858656074147","-0.04837545126353793","0.017893544733861733","0.09625668449197855","0.0887337986041874","-0.0756102606537028"
"Monthly NEAR, Prime 2 years","MONTHLY","NEAR_ENTERED","2023-05-08","2025-05-02","3025","915","8","9","0.875","7","0.875","false","4","3021","0","4","0.001322314049586777","0.004371584699453552","FAIL","120","3021","0","false","0.07614834101488323","0.6289308176100629","-0.04800724637681164","0.046391752577319645","0.1674107142857142","0.13746223564954674","-0.11802519928002064"
"Monthly NEAR, Prime 2 years","MONTHLY","NEAR_ENTERED","2023-05-08","2025-05-02","3025","915","8","9","0.875","7","0.875","false","4","3021","0","4","0.001322314049586777","0.004371584699453552","FAIL","245","3019","2","false","0.21304503487069054","0.7055316329910566","-0.026379829374135688","0.1434021154846541","0.37116806900367394","0.2777366863905326","-0.14640522875816997"
"Monthly NEAR, Prime 2 years","MONTHLY","NEAR_ENTERED","2023-05-08","2025-05-02","3025","915","8","9","0.875","7","0.875","false","4","3021","0","4","0.001322314049586777","0.004371584699453552","UNKNOWN","20","0","0","true","","","","","","",""
"Monthly NEAR, Prime 2 years","MONTHLY","NEAR_ENTERED","2023-05-08","2025-05-02","3025","915","8","9","0.875","7","0.875","false","4","3021","0","4","0.001322314049586777","0.004371584699453552","UNKNOWN","60","0","0","true","","","","","","",""
"Monthly NEAR, Prime 2 years","MONTHLY","NEAR_ENTERED","2023-05-08","2025-05-02","3025","915","8","9","0.875","7","0.875","false","4","3021","0","4","0.001322314049586777","0.004371584699453552","UNKNOWN","120","0","0","true","","","","","","",""
"Monthly NEAR, Prime 2 years","MONTHLY","NEAR_ENTERED","2023-05-08","2025-05-02","3025","915","8","9","0.875","7","0.875","false","4","3021","0","4","0.001322314049586777","0.004371584699453552","UNKNOWN","245","0","0","true","","","","","","",""
"Monthly NEAR, Prime 2 years","MONTHLY","NEAR_ENTERED","2023-05-08","2025-05-02","3025","915","8","9","1","8","1","false","0","3025","0","0","0","0","PASS","20","0","0","true","","","","","","",""
"Monthly NEAR, Prime 2 years","MONTHLY","NEAR_ENTERED","2023-05-08","2025-05-02","3025","915","8","9","1","8","1","false","0","3025","0","0","0","0","PASS","60","0","0","true","","","","","","",""
"Monthly NEAR, Prime 2 years","MONTHLY","NEAR_ENTERED","2023-05-08","2025-05-02","3025","915","8","9","1","8","1","false","0","3025","0","0","0","0","PASS","120","0","0","true","","","","","","",""
"Monthly NEAR, Prime 2 years","MONTHLY","NEAR_ENTERED","2023-05-08","2025-05-02","3025","915","8","9","1","8","1","false","0","3025","0","0","0","0","PASS","245","0","0","true","","","","","","",""
"Monthly NEAR, Prime 2 years","MONTHLY","NEAR_ENTERED","2023-05-08","2025-05-02","3025","915","8","9","1","8","1","false","0","3025","0","0","0","0","FAIL","20","3025","0","false","0.01517452540678301","0.5765289256198347","-0.02781186094069532","0.012269938650306678","0.05393586005830908","0.0512631578947369","-0.03238279362010632"
"Monthly NEAR, Prime 2 years","MONTHLY","NEAR_ENTERED","2023-05-08","2025-05-02","3025","915","8","9","1","8","1","false","0","3025","0","0","0","0","FAIL","60","3025","0","false","0.031373577771814355","0.5682644628099174","-0.048484848484848464","0.01787101787101797","0.09622577354641293","0.0887337986041874","-0.07567049808429116"
"Monthly NEAR, Prime 2 years","MONTHLY","NEAR_ENTERED","2023-05-08","2025-05-02","3025","915","8","9","1","8","1","false","0","3025","0","0","0","0","FAIL","120","3025","0","false","0.07608541963467831","0.6287603305785124","-0.04807692307692313","0.046391752577319645","0.1674107142857142","0.1375494071146246","-0.11850649350649356"
"Monthly NEAR, Prime 2 years","MONTHLY","NEAR_ENTERED","2023-05-08","2025-05-02","3025","915","8","9","1","8","1","false","0","3025","0","0","0","0","FAIL","245","3023","2","false","0.21300104482077822","0.7055904730400264","-0.026379829374135688","0.1434021154846541","0.37116806900367394","0.2773375594294769","-0.14648910411622273"
"Monthly NEAR, Prime 2 years","MONTHLY","NEAR_ENTERED","2023-05-08","2025-05-02","3025","915","8","9","1","8","1","false","0","3025","0","0","0","0","UNKNOWN","20","0","0","true","","","","","","",""
"Monthly NEAR, Prime 2 years","MONTHLY","NEAR_ENTERED","2023-05-08","2025-05-02","3025","915","8","9","1","8","1","false","0","3025","0","0","0","0","UNKNOWN","60","0","0","true","","","","","","",""
"Monthly NEAR, Prime 2 years","MONTHLY","NEAR_ENTERED","2023-05-08","2025-05-02","3025","915","8","9","1","8","1","false","0","3025","0","0","0","0","UNKNOWN","120","0","0","true","","","","","","",""
"Monthly NEAR, Prime 2 years","MONTHLY","NEAR_ENTERED","2023-05-08","2025-05-02","3025","915","8","9","1","8","1","false","0","3025","0","0","0","0","UNKNOWN","245","0","0","true","","","","","","",""
"Monthly NEAR, 2026 stored MA","MONTHLY","NEAR_ENTERED","2026-06-01","2026-09-11","306","160","3","4","0.6666666666666666","2","0.6666666666666666","false","39","267","0","33","0.12745098039215685","0.20625","PASS","20","23","16","true","0.015617790016106003","0.6956521739130435","-0.010712253070770006","0.004911875180583669","0.03815959172151151","0.04852071005917158","-0.019936434556486526"
"Monthly NEAR, 2026 stored MA","MONTHLY","NEAR_ENTERED","2026-06-01","2026-09-11","306","160","3","4","0.6666666666666666","2","0.6666666666666666","false","39","267","0","33","0.12745098039215685","0.20625","PASS","60","0","39","true","","","","","","",""
"Monthly NEAR, 2026 stored MA","MONTHLY","NEAR_ENTERED","2026-06-01","2026-09-11","306","160","3","4","0.6666666666666666","2","0.6666666666666666","false","39","267","0","33","0.12745098039215685","0.20625","PASS","120","0","39","true","","","","","","",""
"Monthly NEAR, 2026 stored MA","MONTHLY","NEAR_ENTERED","2026-06-01","2026-09-11","306","160","3","4","0.6666666666666666","2","0.6666666666666666","false","39","267","0","33","0.12745098039215685","0.20625","PASS","245","0","39","true","","","","","","",""
"Monthly NEAR, 2026 stored MA","MONTHLY","NEAR_ENTERED","2026-06-01","2026-09-11","306","160","3","4","0.6666666666666666","2","0.6666666666666666","false","39","267","0","33","0.12745098039215685","0.20625","FAIL","20","143","124","false","0.040684872975411415","0.7622377622377622","0.0023238925199708937","0.031132398221005886","0.05992170022371368","0.06632852126414357","-0.025599999999999956"
"Monthly NEAR, 2026 stored MA","MONTHLY","NEAR_ENTERED","2026-06-01","2026-09-11","306","160","3","4","0.6666666666666666","2","0.6666666666666666","false","39","267","0","33","0.12745098039215685","0.20625","FAIL","60","0","267","true","","","","","","",""
"Monthly NEAR, 2026 stored MA","MONTHLY","NEAR_ENTERED","2026-06-01","2026-09-11","306","160","3","4","0.6666666666666666","2","0.6666666666666666","false","39","267","0","33","0.12745098039215685","0.20625","FAIL","120","0","267","true","","","","","","",""
"Monthly NEAR, 2026 stored MA","MONTHLY","NEAR_ENTERED","2026-06-01","2026-09-11","306","160","3","4","0.6666666666666666","2","0.6666666666666666","false","39","267","0","33","0.12745098039215685","0.20625","FAIL","245","0","267","true","","","","","","",""
"Monthly NEAR, 2026 stored MA","MONTHLY","NEAR_ENTERED","2026-06-01","2026-09-11","306","160","3","4","0.6666666666666666","2","0.6666666666666666","false","39","267","0","33","0.12745098039215685","0.20625","UNKNOWN","20","0","0","true","","","","","","",""
"Monthly NEAR, 2026 stored MA","MONTHLY","NEAR_ENTERED","2026-06-01","2026-09-11","306","160","3","4","0.6666666666666666","2","0.6666666666666666","false","39","267","0","33","0.12745098039215685","0.20625","UNKNOWN","60","0","0","true","","","","","","",""
"Monthly NEAR, 2026 stored MA","MONTHLY","NEAR_ENTERED","2026-06-01","2026-09-11","306","160","3","4","0.6666666666666666","2","0.6666666666666666","false","39","267","0","33","0.12745098039215685","0.20625","UNKNOWN","120","0","0","true","","","","","","",""
"Monthly NEAR, 2026 stored MA","MONTHLY","NEAR_ENTERED","2026-06-01","2026-09-11","306","160","3","4","0.6666666666666666","2","0.6666666666666666","false","39","267","0","33","0.12745098039215685","0.20625","UNKNOWN","245","0","0","true","","","","","","",""
"Monthly NEAR, 2026 stored MA","MONTHLY","NEAR_ENTERED","2026-06-01","2026-09-11","306","160","3","4","1","3","1","false","4","302","0","4","0.013071895424836602","0.025","PASS","20","4","0","true","0.06775682728342952","0.75","-0.01621998844644218","0.048845665555120044","0.13282248128499174","0.07905513067516479","-0.013361550966007774"
"Monthly NEAR, 2026 stored MA","MONTHLY","NEAR_ENTERED","2026-06-01","2026-09-11","306","160","3","4","1","3","1","false","4","302","0","4","0.013071895424836602","0.025","PASS","60","0","4","true","","","","","","",""
"Monthly NEAR, 2026 stored MA","MONTHLY","NEAR_ENTERED","2026-06-01","2026-09-11","306","160","3","4","1","3","1","false","4","302","0","4","0.013071895424836602","0.025","PASS","120","0","4","true","","","","","","",""
"Monthly NEAR, 2026 stored MA","MONTHLY","NEAR_ENTERED","2026-06-01","2026-09-11","306","160","3","4","1","3","1","false","4","302","0","4","0.013071895424836602","0.025","PASS","245","0","4","true","","","","","","",""
"Monthly NEAR, 2026 stored MA","MONTHLY","NEAR_ENTERED","2026-06-01","2026-09-11","306","160","3","4","1","3","1","false","4","302","0","4","0.013071895424836602","0.025","FAIL","20","162","140","false","0.03645752281926268","0.7530864197530864","0.0008543237461972053","0.02823139245341233","0.0571389956124666","0.06507790368271948","-0.025255123917331257"
"Monthly NEAR, 2026 stored MA","MONTHLY","NEAR_ENTERED","2026-06-01","2026-09-11","306","160","3","4","1","3","1","false","4","302","0","4","0.013071895424836602","0.025","FAIL","60","0","302","true","","","","","","",""
"Monthly NEAR, 2026 stored MA","MONTHLY","NEAR_ENTERED","2026-06-01","2026-09-11","306","160","3","4","1","3","1","false","4","302","0","4","0.013071895424836602","0.025","FAIL","120","0","302","true","","","","","","",""
"Monthly NEAR, 2026 stored MA","MONTHLY","NEAR_ENTERED","2026-06-01","2026-09-11","306","160","3","4","1","3","1","false","4","302","0","4","0.013071895424836602","0.025","FAIL","245","0","302","true","","","","","","",""
"Monthly NEAR, 2026 stored MA","MONTHLY","NEAR_ENTERED","2026-06-01","2026-09-11","306","160","3","4","1","3","1","false","4","302","0","4","0.013071895424836602","0.025","UNKNOWN","20","0","0","true","","","","","","",""
"Monthly NEAR, 2026 stored MA","MONTHLY","NEAR_ENTERED","2026-06-01","2026-09-11","306","160","3","4","1","3","1","false","4","302","0","4","0.013071895424836602","0.025","UNKNOWN","60","0","0","true","","","","","","",""
"Monthly NEAR, 2026 stored MA","MONTHLY","NEAR_ENTERED","2026-06-01","2026-09-11","306","160","3","4","1","3","1","false","4","302","0","4","0.013071895424836602","0.025","UNKNOWN","120","0","0","true","","","","","","",""
"Monthly NEAR, 2026 stored MA","MONTHLY","NEAR_ENTERED","2026-06-01","2026-09-11","306","160","3","4","1","3","1","false","4","302","0","4","0.013071895424836602","0.025","UNKNOWN","245","0","0","true","","","","","","",""
"Monthly NEAR, 2026 stored MA","MONTHLY","NEAR_ENTERED","2026-06-01","2026-09-11","306","160","4","5","0.5","2","0.5","false","56","250","0","44","0.1830065359477124","0.275","PASS","20","37","19","false","0.018936065886452847","0.7297297297297297","-0.002136752136752129","0.014193548387096744","0.044895911713067393","0.04950495049504955","-0.019936434556486526"
"Monthly NEAR, 2026 stored MA","MONTHLY","NEAR_ENTERED","2026-06-01","2026-09-11","306","160","4","5","0.5","2","0.5","false","56","250","0","44","0.1830065359477124","0.275","PASS","60","0","56","true","","","","","","",""
"Monthly NEAR, 2026 stored MA","MONTHLY","NEAR_ENTERED","2026-06-01","2026-09-11","306","160","4","5","0.5","2","0.5","false","56","250","0","44","0.1830065359477124","0.275","PASS","120","0","56","true","","","","","","",""
"Monthly NEAR, 2026 stored MA","MONTHLY","NEAR_ENTERED","2026-06-01","2026-09-11","306","160","4","5","0.5","2","0.5","false","56","250","0","44","0.1830065359477124","0.275","PASS","245","0","56","true","","","","","","",""
"Monthly NEAR, 2026 stored MA","MONTHLY","NEAR_ENTERED","2026-06-01","2026-09-11","306","160","4","5","0.5","2","0.5","false","56","250","0","44","0.1830065359477124","0.275","FAIL","20","129","121","false","0.04245357804694198","0.7596899224806202","0.002178649237472685","0.031746031746031855","0.06490233144297419","0.06767337807606255","-0.026853955794257423"
"Monthly NEAR, 2026 stored MA","MONTHLY","NEAR_ENTERED","2026-06-01","2026-09-11","306","160","4","5","0.5","2","0.5","false","56","250","0","44","0.1830065359477124","0.275","FAIL","60","0","250","true","","","","","","",""
"Monthly NEAR, 2026 stored MA","MONTHLY","NEAR_ENTERED","2026-06-01","2026-09-11","306","160","4","5","0.5","2","0.5","false","56","250","0","44","0.1830065359477124","0.275","FAIL","120","0","250","true","","","","","","",""
"Monthly NEAR, 2026 stored MA","MONTHLY","NEAR_ENTERED","2026-06-01","2026-09-11","306","160","4","5","0.5","2","0.5","false","56","250","0","44","0.1830065359477124","0.275","FAIL","245","0","250","true","","","","","","",""
"Monthly NEAR, 2026 stored MA","MONTHLY","NEAR_ENTERED","2026-06-01","2026-09-11","306","160","4","5","0.5","2","0.5","false","56","250","0","44","0.1830065359477124","0.275","UNKNOWN","20","0","0","true","","","","","","",""
"Monthly NEAR, 2026 stored MA","MONTHLY","NEAR_ENTERED","2026-06-01","2026-09-11","306","160","4","5","0.5","2","0.5","false","56","250","0","44","0.1830065359477124","0.275","UNKNOWN","60","0","0","true","","","","","","",""
"Monthly NEAR, 2026 stored MA","MONTHLY","NEAR_ENTERED","2026-06-01","2026-09-11","306","160","4","5","0.5","2","0.5","false","56","250","0","44","0.1830065359477124","0.275","UNKNOWN","120","0","0","true","","","","","","",""
"Monthly NEAR, 2026 stored MA","MONTHLY","NEAR_ENTERED","2026-06-01","2026-09-11","306","160","4","5","0.5","2","0.5","false","56","250","0","44","0.1830065359477124","0.275","UNKNOWN","245","0","0","true","","","","","","",""
"Monthly NEAR, 2026 stored MA","MONTHLY","NEAR_ENTERED","2026-06-01","2026-09-11","306","160","4","5","0.7","3","0.75","true","18","288","0","18","0.058823529411764705","0.1125","PASS","20","12","6","true","0.023378388052949683","0.6666666666666666","-0.0077539776843144614","0.009758359564608798","0.041392359593374395","0.08444589893613175","-0.019796493853070585"
"Monthly NEAR, 2026 stored MA","MONTHLY","NEAR_ENTERED","2026-06-01","2026-09-11","306","160","4","5","0.7","3","0.75","true","18","288","0","18","0.058823529411764705","0.1125","PASS","60","0","18","true","","","","","","",""
"Monthly NEAR, 2026 stored MA","MONTHLY","NEAR_ENTERED","2026-06-01","2026-09-11","306","160","4","5","0.7","3","0.75","true","18","288","0","18","0.058823529411764705","0.1125","PASS","120","0","18","true","","","","","","",""
"Monthly NEAR, 2026 stored MA","MONTHLY","NEAR_ENTERED","2026-06-01","2026-09-11","306","160","4","5","0.7","3","0.75","true","18","288","0","18","0.058823529411764705","0.1125","PASS","245","0","18","true","","","","","","",""
"Monthly NEAR, 2026 stored MA","MONTHLY","NEAR_ENTERED","2026-06-01","2026-09-11","306","160","4","5","0.7","3","0.75","true","18","288","0","18","0.058823529411764705","0.1125","FAIL","20","154","134","false","0.0382896451247979","0.7597402597402597","0.0021938973424382446","0.03068213620097293","0.059333351447146854","0.06443832599118937","-0.025255123917331257"
"Monthly NEAR, 2026 stored MA","MONTHLY","NEAR_ENTERED","2026-06-01","2026-09-11","306","160","4","5","0.7","3","0.75","true","18","288","0","18","0.058823529411764705","0.1125","FAIL","60","0","288","true","","","","","","",""
"Monthly NEAR, 2026 stored MA","MONTHLY","NEAR_ENTERED","2026-06-01","2026-09-11","306","160","4","5","0.7","3","0.75","true","18","288","0","18","0.058823529411764705","0.1125","FAIL","120","0","288","true","","","","","","",""
"Monthly NEAR, 2026 stored MA","MONTHLY","NEAR_ENTERED","2026-06-01","2026-09-11","306","160","4","5","0.7","3","0.75","true","18","288","0","18","0.058823529411764705","0.1125","FAIL","245","0","288","true","","","","","","",""
"Monthly NEAR, 2026 stored MA","MONTHLY","NEAR_ENTERED","2026-06-01","2026-09-11","306","160","4","5","0.7","3","0.75","true","18","288","0","18","0.058823529411764705","0.1125","UNKNOWN","20","0","0","true","","","","","","",""
"Monthly NEAR, 2026 stored MA","MONTHLY","NEAR_ENTERED","2026-06-01","2026-09-11","306","160","4","5","0.7","3","0.75","true","18","288","0","18","0.058823529411764705","0.1125","UNKNOWN","60","0","0","true","","","","","","",""
"Monthly NEAR, 2026 stored MA","MONTHLY","NEAR_ENTERED","2026-06-01","2026-09-11","306","160","4","5","0.7","3","0.75","true","18","288","0","18","0.058823529411764705","0.1125","UNKNOWN","120","0","0","true","","","","","","",""
"Monthly NEAR, 2026 stored MA","MONTHLY","NEAR_ENTERED","2026-06-01","2026-09-11","306","160","4","5","0.7","3","0.75","true","18","288","0","18","0.058823529411764705","0.1125","UNKNOWN","245","0","0","true","","","","","","",""
"Monthly NEAR, 2026 stored MA","MONTHLY","NEAR_ENTERED","2026-06-01","2026-09-11","306","160","4","5","1","4","1","false","0","306","0","0","0","0","PASS","20","0","0","true","","","","","","",""
"Monthly NEAR, 2026 stored MA","MONTHLY","NEAR_ENTERED","2026-06-01","2026-09-11","306","160","4","5","1","4","1","false","0","306","0","0","0","0","PASS","60","0","0","true","","","","","","",""
"Monthly NEAR, 2026 stored MA","MONTHLY","NEAR_ENTERED","2026-06-01","2026-09-11","306","160","4","5","1","4","1","false","0","306","0","0","0","0","PASS","120","0","0","true","","","","","","",""
"Monthly NEAR, 2026 stored MA","MONTHLY","NEAR_ENTERED","2026-06-01","2026-09-11","306","160","4","5","1","4","1","false","0","306","0","0","0","0","PASS","245","0","0","true","","","","","","",""
"Monthly NEAR, 2026 stored MA","MONTHLY","NEAR_ENTERED","2026-06-01","2026-09-11","306","160","4","5","1","4","1","false","0","306","0","0","0","0","FAIL","20","166","140","false","0.03721172292683296","0.7530120481927711","0.0008543237461972053","0.02823139245341233","0.05782481400403289","0.06507790368271948","-0.024983892439395305"
"Monthly NEAR, 2026 stored MA","MONTHLY","NEAR_ENTERED","2026-06-01","2026-09-11","306","160","4","5","1","4","1","false","0","306","0","0","0","0","FAIL","60","0","306","true","","","","","","",""
"Monthly NEAR, 2026 stored MA","MONTHLY","NEAR_ENTERED","2026-06-01","2026-09-11","306","160","4","5","1","4","1","false","0","306","0","0","0","0","FAIL","120","0","306","true","","","","","","",""
"Monthly NEAR, 2026 stored MA","MONTHLY","NEAR_ENTERED","2026-06-01","2026-09-11","306","160","4","5","1","4","1","false","0","306","0","0","0","0","FAIL","245","0","306","true","","","","","","",""
"Monthly NEAR, 2026 stored MA","MONTHLY","NEAR_ENTERED","2026-06-01","2026-09-11","306","160","4","5","1","4","1","false","0","306","0","0","0","0","UNKNOWN","20","0","0","true","","","","","","",""
"Monthly NEAR, 2026 stored MA","MONTHLY","NEAR_ENTERED","2026-06-01","2026-09-11","306","160","4","5","1","4","1","false","0","306","0","0","0","0","UNKNOWN","60","0","0","true","","","","","","",""
"Monthly NEAR, 2026 stored MA","MONTHLY","NEAR_ENTERED","2026-06-01","2026-09-11","306","160","4","5","1","4","1","false","0","306","0","0","0","0","UNKNOWN","120","0","0","true","","","","","","",""
"Monthly NEAR, 2026 stored MA","MONTHLY","NEAR_ENTERED","2026-06-01","2026-09-11","306","160","4","5","1","4","1","false","0","306","0","0","0","0","UNKNOWN","245","0","0","true","","","","","","",""
"Monthly NEAR, 2026 stored MA","MONTHLY","NEAR_ENTERED","2026-06-01","2026-09-11","306","160","6","7","0.5","3","0.5","false","64","242","0","51","0.20915032679738563","0.31875","PASS","20","42","22","false","0.04028907290771096","0.8333333333333334","0.006744563035409934","0.04534515211821599","0.059333351447146854","0.07531578625541058","-0.01765441116792471"
"Monthly NEAR, 2026 stored MA","MONTHLY","NEAR_ENTERED","2026-06-01","2026-09-11","306","160","6","7","0.5","3","0.5","false","64","242","0","51","0.20915032679738563","0.31875","PASS","60","0","64","true","","","","","","",""
"Monthly NEAR, 2026 stored MA","MONTHLY","NEAR_ENTERED","2026-06-01","2026-09-11","306","160","6","7","0.5","3","0.5","false","64","242","0","51","0.20915032679738563","0.31875","PASS","120","0","64","true","","","","","","",""
"Monthly NEAR, 2026 stored MA","MONTHLY","NEAR_ENTERED","2026-06-01","2026-09-11","306","160","6","7","0.5","3","0.5","false","64","242","0","51","0.20915032679738563","0.31875","PASS","245","0","64","true","","","","","","",""
"Monthly NEAR, 2026 stored MA","MONTHLY","NEAR_ENTERED","2026-06-01","2026-09-11","306","160","6","7","0.5","3","0.5","false","64","242","0","51","0.20915032679738563","0.31875","FAIL","20","124","118","false","0.036169394707503306","0.7258064516129032","-0.004425988149373339","0.02348105955357971","0.05649572145854209","0.06364869509150017","-0.028644667857038508"
"Monthly NEAR, 2026 stored MA","MONTHLY","NEAR_ENTERED","2026-06-01","2026-09-11","306","160","6","7","0.5","3","0.5","false","64","242","0","51","0.20915032679738563","0.31875","FAIL","60","0","242","true","","","","","","",""
"Monthly NEAR, 2026 stored MA","MONTHLY","NEAR_ENTERED","2026-06-01","2026-09-11","306","160","6","7","0.5","3","0.5","false","64","242","0","51","0.20915032679738563","0.31875","FAIL","120","0","242","true","","","","","","",""
"Monthly NEAR, 2026 stored MA","MONTHLY","NEAR_ENTERED","2026-06-01","2026-09-11","306","160","6","7","0.5","3","0.5","false","64","242","0","51","0.20915032679738563","0.31875","FAIL","245","0","242","true","","","","","","",""
"Monthly NEAR, 2026 stored MA","MONTHLY","NEAR_ENTERED","2026-06-01","2026-09-11","306","160","6","7","0.5","3","0.5","false","64","242","0","51","0.20915032679738563","0.31875","UNKNOWN","20","0","0","true","","","","","","",""
"Monthly NEAR, 2026 stored MA","MONTHLY","NEAR_ENTERED","2026-06-01","2026-09-11","306","160","6","7","0.5","3","0.5","false","64","242","0","51","0.20915032679738563","0.31875","UNKNOWN","60","0","0","true","","","","","","",""
"Monthly NEAR, 2026 stored MA","MONTHLY","NEAR_ENTERED","2026-06-01","2026-09-11","306","160","6","7","0.5","3","0.5","false","64","242","0","51","0.20915032679738563","0.31875","UNKNOWN","120","0","0","true","","","","","","",""
"Monthly NEAR, 2026 stored MA","MONTHLY","NEAR_ENTERED","2026-06-01","2026-09-11","306","160","6","7","0.5","3","0.5","false","64","242","0","51","0.20915032679738563","0.31875","UNKNOWN","245","0","0","true","","","","","","",""
"Monthly NEAR, 2026 stored MA","MONTHLY","NEAR_ENTERED","2026-06-01","2026-09-11","306","160","6","7","0.6666666666666666","4","0.6666666666666666","false","22","284","0","18","0.0718954248366013","0.1125","PASS","20","14","8","true","0.037808475108659055","0.8571428571428571","0.015565676051866817","0.044712106799929874","0.06715882847747956","0.08648925102506488","-0.019919860462923655"
"Monthly NEAR, 2026 stored MA","MONTHLY","NEAR_ENTERED","2026-06-01","2026-09-11","306","160","6","7","0.6666666666666666","4","0.6666666666666666","false","22","284","0","18","0.0718954248366013","0.1125","PASS","60","0","22","true","","","","","","",""
"Monthly NEAR, 2026 stored MA","MONTHLY","NEAR_ENTERED","2026-06-01","2026-09-11","306","160","6","7","0.6666666666666666","4","0.6666666666666666","false","22","284","0","18","0.0718954248366013","0.1125","PASS","120","0","22","true","","","","","","",""
"Monthly NEAR, 2026 stored MA","MONTHLY","NEAR_ENTERED","2026-06-01","2026-09-11","306","160","6","7","0.6666666666666666","4","0.6666666666666666","false","22","284","0","18","0.0718954248366013","0.1125","PASS","245","0","22","true","","","","","","",""
"Monthly NEAR, 2026 stored MA","MONTHLY","NEAR_ENTERED","2026-06-01","2026-09-11","306","160","6","7","0.6666666666666666","4","0.6666666666666666","false","22","284","0","18","0.0718954248366013","0.1125","FAIL","20","152","132","false","0.037156758910085796","0.743421052631579","-0.0020689765744336397","0.02556162869754719","0.05749457999457125","0.0638175569624897","-0.025255123917331257"
"Monthly NEAR, 2026 stored MA","MONTHLY","NEAR_ENTERED","2026-06-01","2026-09-11","306","160","6","7","0.6666666666666666","4","0.6666666666666666","false","22","284","0","18","0.0718954248366013","0.1125","FAIL","60","0","284","true","","","","","","",""
"Monthly NEAR, 2026 stored MA","MONTHLY","NEAR_ENTERED","2026-06-01","2026-09-11","306","160","6","7","0.6666666666666666","4","0.6666666666666666","false","22","284","0","18","0.0718954248366013","0.1125","FAIL","120","0","284","true","","","","","","",""
"Monthly NEAR, 2026 stored MA","MONTHLY","NEAR_ENTERED","2026-06-01","2026-09-11","306","160","6","7","0.6666666666666666","4","0.6666666666666666","false","22","284","0","18","0.0718954248366013","0.1125","FAIL","245","0","284","true","","","","","","",""
"Monthly NEAR, 2026 stored MA","MONTHLY","NEAR_ENTERED","2026-06-01","2026-09-11","306","160","6","7","0.6666666666666666","4","0.6666666666666666","false","22","284","0","18","0.0718954248366013","0.1125","UNKNOWN","20","0","0","true","","","","","","",""
"Monthly NEAR, 2026 stored MA","MONTHLY","NEAR_ENTERED","2026-06-01","2026-09-11","306","160","6","7","0.6666666666666666","4","0.6666666666666666","false","22","284","0","18","0.0718954248366013","0.1125","UNKNOWN","60","0","0","true","","","","","","",""
"Monthly NEAR, 2026 stored MA","MONTHLY","NEAR_ENTERED","2026-06-01","2026-09-11","306","160","6","7","0.6666666666666666","4","0.6666666666666666","false","22","284","0","18","0.0718954248366013","0.1125","UNKNOWN","120","0","0","true","","","","","","",""
"Monthly NEAR, 2026 stored MA","MONTHLY","NEAR_ENTERED","2026-06-01","2026-09-11","306","160","6","7","0.6666666666666666","4","0.6666666666666666","false","22","284","0","18","0.0718954248366013","0.1125","UNKNOWN","245","0","0","true","","","","","","",""
"Monthly NEAR, 2026 stored MA","MONTHLY","NEAR_ENTERED","2026-06-01","2026-09-11","306","160","6","7","0.8333333333333334","5","0.8333333333333334","false","4","302","0","4","0.013071895424836602","0.025","PASS","20","3","1","true","0.05431826623621153","1","0.04500114333229388","0.0497777777777777","0.06136514491091227","0.07501720578114246","-0.0454232622161046"
"Monthly NEAR, 2026 stored MA","MONTHLY","NEAR_ENTERED","2026-06-01","2026-09-11","306","160","6","7","0.8333333333333334","5","0.8333333333333334","false","4","302","0","4","0.013071895424836602","0.025","PASS","60","0","4","true","","","","","","",""
"Monthly NEAR, 2026 stored MA","MONTHLY","NEAR_ENTERED","2026-06-01","2026-09-11","306","160","6","7","0.8333333333333334","5","0.8333333333333334","false","4","302","0","4","0.013071895424836602","0.025","PASS","120","0","4","true","","","","","","",""
"Monthly NEAR, 2026 stored MA","MONTHLY","NEAR_ENTERED","2026-06-01","2026-09-11","306","160","6","7","0.8333333333333334","5","0.8333333333333334","false","4","302","0","4","0.013071895424836602","0.025","PASS","245","0","4","true","","","","","","",""
"Monthly NEAR, 2026 stored MA","MONTHLY","NEAR_ENTERED","2026-06-01","2026-09-11","306","160","6","7","0.8333333333333334","5","0.8333333333333334","false","4","302","0","4","0.013071895424836602","0.025","FAIL","20","163","139","false","0.036896878571445614","0.7484662576687117","-0.0008167514022777156","0.026018654884634174","0.05765969699930207","0.0638766519823788","-0.02481985588470781"
"Monthly NEAR, 2026 stored MA","MONTHLY","NEAR_ENTERED","2026-06-01","2026-09-11","306","160","6","7","0.8333333333333334","5","0.8333333333333334","false","4","302","0","4","0.013071895424836602","0.025","FAIL","60","0","302","true","","","","","","",""
"Monthly NEAR, 2026 stored MA","MONTHLY","NEAR_ENTERED","2026-06-01","2026-09-11","306","160","6","7","0.8333333333333334","5","0.8333333333333334","false","4","302","0","4","0.013071895424836602","0.025","FAIL","120","0","302","true","","","","","","",""
"Monthly NEAR, 2026 stored MA","MONTHLY","NEAR_ENTERED","2026-06-01","2026-09-11","306","160","6","7","0.8333333333333334","5","0.8333333333333334","false","4","302","0","4","0.013071895424836602","0.025","FAIL","245","0","302","true","","","","","","",""
"Monthly NEAR, 2026 stored MA","MONTHLY","NEAR_ENTERED","2026-06-01","2026-09-11","306","160","6","7","0.8333333333333334","5","0.8333333333333334","false","4","302","0","4","0.013071895424836602","0.025","UNKNOWN","20","0","0","true","","","","","","",""
"Monthly NEAR, 2026 stored MA","MONTHLY","NEAR_ENTERED","2026-06-01","2026-09-11","306","160","6","7","0.8333333333333334","5","0.8333333333333334","false","4","302","0","4","0.013071895424836602","0.025","UNKNOWN","60","0","0","true","","","","","","",""
"Monthly NEAR, 2026 stored MA","MONTHLY","NEAR_ENTERED","2026-06-01","2026-09-11","306","160","6","7","0.8333333333333334","5","0.8333333333333334","false","4","302","0","4","0.013071895424836602","0.025","UNKNOWN","120","0","0","true","","","","","","",""
"Monthly NEAR, 2026 stored MA","MONTHLY","NEAR_ENTERED","2026-06-01","2026-09-11","306","160","6","7","0.8333333333333334","5","0.8333333333333334","false","4","302","0","4","0.013071895424836602","0.025","UNKNOWN","245","0","0","true","","","","","","",""
"Monthly NEAR, 2026 stored MA","MONTHLY","NEAR_ENTERED","2026-06-01","2026-09-11","306","160","6","7","1","6","1","false","0","306","0","0","0","0","PASS","20","0","0","true","","","","","","",""
"Monthly NEAR, 2026 stored MA","MONTHLY","NEAR_ENTERED","2026-06-01","2026-09-11","306","160","6","7","1","6","1","false","0","306","0","0","0","0","PASS","60","0","0","true","","","","","","",""
"Monthly NEAR, 2026 stored MA","MONTHLY","NEAR_ENTERED","2026-06-01","2026-09-11","306","160","6","7","1","6","1","false","0","306","0","0","0","0","PASS","120","0","0","true","","","","","","",""
"Monthly NEAR, 2026 stored MA","MONTHLY","NEAR_ENTERED","2026-06-01","2026-09-11","306","160","6","7","1","6","1","false","0","306","0","0","0","0","PASS","245","0","0","true","","","","","","",""
"Monthly NEAR, 2026 stored MA","MONTHLY","NEAR_ENTERED","2026-06-01","2026-09-11","306","160","6","7","1","6","1","false","0","306","0","0","0","0","FAIL","20","166","140","false","0.03721172292683296","0.7530120481927711","0.0008543237461972053","0.02823139245341233","0.05782481400403289","0.06507790368271948","-0.024983892439395305"
"Monthly NEAR, 2026 stored MA","MONTHLY","NEAR_ENTERED","2026-06-01","2026-09-11","306","160","6","7","1","6","1","false","0","306","0","0","0","0","FAIL","60","0","306","true","","","","","","",""
"Monthly NEAR, 2026 stored MA","MONTHLY","NEAR_ENTERED","2026-06-01","2026-09-11","306","160","6","7","1","6","1","false","0","306","0","0","0","0","FAIL","120","0","306","true","","","","","","",""
"Monthly NEAR, 2026 stored MA","MONTHLY","NEAR_ENTERED","2026-06-01","2026-09-11","306","160","6","7","1","6","1","false","0","306","0","0","0","0","FAIL","245","0","306","true","","","","","","",""
"Monthly NEAR, 2026 stored MA","MONTHLY","NEAR_ENTERED","2026-06-01","2026-09-11","306","160","6","7","1","6","1","false","0","306","0","0","0","0","UNKNOWN","20","0","0","true","","","","","","",""
"Monthly NEAR, 2026 stored MA","MONTHLY","NEAR_ENTERED","2026-06-01","2026-09-11","306","160","6","7","1","6","1","false","0","306","0","0","0","0","UNKNOWN","60","0","0","true","","","","","","",""
"Monthly NEAR, 2026 stored MA","MONTHLY","NEAR_ENTERED","2026-06-01","2026-09-11","306","160","6","7","1","6","1","false","0","306","0","0","0","0","UNKNOWN","120","0","0","true","","","","","","",""
"Monthly NEAR, 2026 stored MA","MONTHLY","NEAR_ENTERED","2026-06-01","2026-09-11","306","160","6","7","1","6","1","false","0","306","0","0","0","0","UNKNOWN","245","0","0","true","","","","","","",""
"Monthly NEAR, 2026 stored MA","MONTHLY","NEAR_ENTERED","2026-06-01","2026-09-11","306","160","8","9","0.5","4","0.5","false","67","239","0","53","0.21895424836601307","0.33125","PASS","20","43","24","false","0.045479424383984536","0.8837209302325582","0.013386082369649","0.04667609618104662","0.06262919437975889","0.07764876632801165","-0.01671309192200554"
"Monthly NEAR, 2026 stored MA","MONTHLY","NEAR_ENTERED","2026-06-01","2026-09-11","306","160","8","9","0.5","4","0.5","false","67","239","0","53","0.21895424836601307","0.33125","PASS","60","0","67","true","","","","","","",""
"Monthly NEAR, 2026 stored MA","MONTHLY","NEAR_ENTERED","2026-06-01","2026-09-11","306","160","8","9","0.5","4","0.5","false","67","239","0","53","0.21895424836601307","0.33125","PASS","120","0","67","true","","","","","","",""
"Monthly NEAR, 2026 stored MA","MONTHLY","NEAR_ENTERED","2026-06-01","2026-09-11","306","160","8","9","0.5","4","0.5","false","67","239","0","53","0.21895424836601307","0.33125","PASS","245","0","67","true","","","","","","",""
"Monthly NEAR, 2026 stored MA","MONTHLY","NEAR_ENTERED","2026-06-01","2026-09-11","306","160","8","9","0.5","4","0.5","false","67","239","0","53","0.21895424836601307","0.33125","FAIL","20","123","116","false","0.03432138827108078","0.7073170731707317","-0.004850599952944845","0.020708082832331387","0.05443984806463631","0.062050051422694485","-0.03135634419056876"
"Monthly NEAR, 2026 stored MA","MONTHLY","NEAR_ENTERED","2026-06-01","2026-09-11","306","160","8","9","0.5","4","0.5","false","67","239","0","53","0.21895424836601307","0.33125","FAIL","60","0","239","true","","","","","","",""
"Monthly NEAR, 2026 stored MA","MONTHLY","NEAR_ENTERED","2026-06-01","2026-09-11","306","160","8","9","0.5","4","0.5","false","67","239","0","53","0.21895424836601307","0.33125","FAIL","120","0","239","true","","","","","","",""
"Monthly NEAR, 2026 stored MA","MONTHLY","NEAR_ENTERED","2026-06-01","2026-09-11","306","160","8","9","0.5","4","0.5","false","67","239","0","53","0.21895424836601307","0.33125","FAIL","245","0","239","true","","","","","","",""
"Monthly NEAR, 2026 stored MA","MONTHLY","NEAR_ENTERED","2026-06-01","2026-09-11","306","160","8","9","0.5","4","0.5","false","67","239","0","53","0.21895424836601307","0.33125","UNKNOWN","20","0","0","true","","","","","","",""
"Monthly NEAR, 2026 stored MA","MONTHLY","NEAR_ENTERED","2026-06-01","2026-09-11","306","160","8","9","0.5","4","0.5","false","67","239","0","53","0.21895424836601307","0.33125","UNKNOWN","60","0","0","true","","","","","","",""
"Monthly NEAR, 2026 stored MA","MONTHLY","NEAR_ENTERED","2026-06-01","2026-09-11","306","160","8","9","0.5","4","0.5","false","67","239","0","53","0.21895424836601307","0.33125","UNKNOWN","120","0","0","true","","","","","","",""
"Monthly NEAR, 2026 stored MA","MONTHLY","NEAR_ENTERED","2026-06-01","2026-09-11","306","160","8","9","0.5","4","0.5","false","67","239","0","53","0.21895424836601307","0.33125","UNKNOWN","245","0","0","true","","","","","","",""
"Monthly NEAR, 2026 stored MA","MONTHLY","NEAR_ENTERED","2026-06-01","2026-09-11","306","160","8","9","0.75","6","0.75","false","6","300","0","5","0.0196078431372549","0.03125","PASS","20","6","0","true","0.035250528909024526","0.8333333333333334","0.041616979795948694","0.047786085150571145","0.06715882847747956","0.08506986212639955","-0.046565700331625715"
"Monthly NEAR, 2026 stored MA","MONTHLY","NEAR_ENTERED","2026-06-01","2026-09-11","306","160","8","9","0.75","6","0.75","false","6","300","0","5","0.0196078431372549","0.03125","PASS","60","0","6","true","","","","","","",""
"Monthly NEAR, 2026 stored MA","MONTHLY","NEAR_ENTERED","2026-06-01","2026-09-11","306","160","8","9","0.75","6","0.75","false","6","300","0","5","0.0196078431372549","0.03125","PASS","120","0","6","true","","","","","","",""
"Monthly NEAR, 2026 stored MA","MONTHLY","NEAR_ENTERED","2026-06-01","2026-09-11","306","160","8","9","0.75","6","0.75","false","6","300","0","5","0.0196078431372549","0.03125","PASS","245","0","6","true","","","","","","",""
"Monthly NEAR, 2026 stored MA","MONTHLY","NEAR_ENTERED","2026-06-01","2026-09-11","306","160","8","9","0.75","6","0.75","false","6","300","0","5","0.0196078431372549","0.03125","FAIL","20","160","140","false","0.03728526770250078","0.75","-0.00020193474325283511","0.02556162869754719","0.05749457999457125","0.0638175569624897","-0.02438380312377625"
"Monthly NEAR, 2026 stored MA","MONTHLY","NEAR_ENTERED","2026-06-01","2026-09-11","306","160","8","9","0.75","6","0.75","false","6","300","0","5","0.0196078431372549","0.03125","FAIL","60","0","300","true","","","","","","",""
"Monthly NEAR, 2026 stored MA","MONTHLY","NEAR_ENTERED","2026-06-01","2026-09-11","306","160","8","9","0.75","6","0.75","false","6","300","0","5","0.0196078431372549","0.03125","FAIL","120","0","300","true","","","","","","",""
"Monthly NEAR, 2026 stored MA","MONTHLY","NEAR_ENTERED","2026-06-01","2026-09-11","306","160","8","9","0.75","6","0.75","false","6","300","0","5","0.0196078431372549","0.03125","FAIL","245","0","300","true","","","","","","",""
"Monthly NEAR, 2026 stored MA","MONTHLY","NEAR_ENTERED","2026-06-01","2026-09-11","306","160","8","9","0.75","6","0.75","false","6","300","0","5","0.0196078431372549","0.03125","UNKNOWN","20","0","0","true","","","","","","",""
"Monthly NEAR, 2026 stored MA","MONTHLY","NEAR_ENTERED","2026-06-01","2026-09-11","306","160","8","9","0.75","6","0.75","false","6","300","0","5","0.0196078431372549","0.03125","UNKNOWN","60","0","0","true","","","","","","",""
"Monthly NEAR, 2026 stored MA","MONTHLY","NEAR_ENTERED","2026-06-01","2026-09-11","306","160","8","9","0.75","6","0.75","false","6","300","0","5","0.0196078431372549","0.03125","UNKNOWN","120","0","0","true","","","","","","",""
"Monthly NEAR, 2026 stored MA","MONTHLY","NEAR_ENTERED","2026-06-01","2026-09-11","306","160","8","9","0.75","6","0.75","false","6","300","0","5","0.0196078431372549","0.03125","UNKNOWN","245","0","0","true","","","","","","",""
"Monthly NEAR, 2026 stored MA","MONTHLY","NEAR_ENTERED","2026-06-01","2026-09-11","306","160","8","9","0.875","7","0.875","false","1","305","0","1","0.0032679738562091504","0.00625","PASS","20","1","0","true","0.04022450888681006","1","0.04022450888681006","0.04022450888681006","0.04022450888681006","0.0869971936389149","-0.04770813844714683"
"Monthly NEAR, 2026 stored MA","MONTHLY","NEAR_ENTERED","2026-06-01","2026-09-11","306","160","8","9","0.875","7","0.875","false","1","305","0","1","0.0032679738562091504","0.00625","PASS","60","0","1","true","","","","","","",""
"Monthly NEAR, 2026 stored MA","MONTHLY","NEAR_ENTERED","2026-06-01","2026-09-11","306","160","8","9","0.875","7","0.875","false","1","305","0","1","0.0032679738562091504","0.00625","PASS","120","0","1","true","","","","","","",""
"Monthly NEAR, 2026 stored MA","MONTHLY","NEAR_ENTERED","2026-06-01","2026-09-11","306","160","8","9","0.875","7","0.875","false","1","305","0","1","0.0032679738562091504","0.00625","PASS","245","0","1","true","","","","","","",""
"Monthly NEAR, 2026 stored MA","MONTHLY","NEAR_ENTERED","2026-06-01","2026-09-11","306","160","8","9","0.875","7","0.875","false","1","305","0","1","0.0032679738562091504","0.00625","FAIL","20","165","140","false","0.03719346361798461","0.7515151515151515","0.00041288191577204536","0.028022417934347565","0.05798993100876371","0.06499999999999995","-0.02481985588470781"
"Monthly NEAR, 2026 stored MA","MONTHLY","NEAR_ENTERED","2026-06-01","2026-09-11","306","160","8","9","0.875","7","0.875","false","1","305","0","1","0.0032679738562091504","0.00625","FAIL","60","0","305","true","","","","","","",""
"Monthly NEAR, 2026 stored MA","MONTHLY","NEAR_ENTERED","2026-06-01","2026-09-11","306","160","8","9","0.875","7","0.875","false","1","305","0","1","0.0032679738562091504","0.00625","FAIL","120","0","305","true","","","","","","",""
"Monthly NEAR, 2026 stored MA","MONTHLY","NEAR_ENTERED","2026-06-01","2026-09-11","306","160","8","9","0.875","7","0.875","false","1","305","0","1","0.0032679738562091504","0.00625","FAIL","245","0","305","true","","","","","","",""
"Monthly NEAR, 2026 stored MA","MONTHLY","NEAR_ENTERED","2026-06-01","2026-09-11","306","160","8","9","0.875","7","0.875","false","1","305","0","1","0.0032679738562091504","0.00625","UNKNOWN","20","0","0","true","","","","","","",""
"Monthly NEAR, 2026 stored MA","MONTHLY","NEAR_ENTERED","2026-06-01","2026-09-11","306","160","8","9","0.875","7","0.875","false","1","305","0","1","0.0032679738562091504","0.00625","UNKNOWN","60","0","0","true","","","","","","",""
"Monthly NEAR, 2026 stored MA","MONTHLY","NEAR_ENTERED","2026-06-01","2026-09-11","306","160","8","9","0.875","7","0.875","false","1","305","0","1","0.0032679738562091504","0.00625","UNKNOWN","120","0","0","true","","","","","","",""
"Monthly NEAR, 2026 stored MA","MONTHLY","NEAR_ENTERED","2026-06-01","2026-09-11","306","160","8","9","0.875","7","0.875","false","1","305","0","1","0.0032679738562091504","0.00625","UNKNOWN","245","0","0","true","","","","","","",""
"Monthly NEAR, 2026 stored MA","MONTHLY","NEAR_ENTERED","2026-06-01","2026-09-11","306","160","8","9","1","8","1","false","0","306","0","0","0","0","PASS","20","0","0","true","","","","","","",""
"Monthly NEAR, 2026 stored MA","MONTHLY","NEAR_ENTERED","2026-06-01","2026-09-11","306","160","8","9","1","8","1","false","0","306","0","0","0","0","PASS","60","0","0","true","","","","","","",""
"Monthly NEAR, 2026 stored MA","MONTHLY","NEAR_ENTERED","2026-06-01","2026-09-11","306","160","8","9","1","8","1","false","0","306","0","0","0","0","PASS","120","0","0","true","","","","","","",""
"Monthly NEAR, 2026 stored MA","MONTHLY","NEAR_ENTERED","2026-06-01","2026-09-11","306","160","8","9","1","8","1","false","0","306","0","0","0","0","PASS","245","0","0","true","","","","","","",""
"Monthly NEAR, 2026 stored MA","MONTHLY","NEAR_ENTERED","2026-06-01","2026-09-11","306","160","8","9","1","8","1","false","0","306","0","0","0","0","FAIL","20","166","140","false","0.03721172292683296","0.7530120481927711","0.0008543237461972053","0.02823139245341233","0.05782481400403289","0.06507790368271948","-0.024983892439395305"
"Monthly NEAR, 2026 stored MA","MONTHLY","NEAR_ENTERED","2026-06-01","2026-09-11","306","160","8","9","1","8","1","false","0","306","0","0","0","0","FAIL","60","0","306","true","","","","","","",""
"Monthly NEAR, 2026 stored MA","MONTHLY","NEAR_ENTERED","2026-06-01","2026-09-11","306","160","8","9","1","8","1","false","0","306","0","0","0","0","FAIL","120","0","306","true","","","","","","",""
"Monthly NEAR, 2026 stored MA","MONTHLY","NEAR_ENTERED","2026-06-01","2026-09-11","306","160","8","9","1","8","1","false","0","306","0","0","0","0","FAIL","245","0","306","true","","","","","","",""
"Monthly NEAR, 2026 stored MA","MONTHLY","NEAR_ENTERED","2026-06-01","2026-09-11","306","160","8","9","1","8","1","false","0","306","0","0","0","0","UNKNOWN","20","0","0","true","","","","","","",""
"Monthly NEAR, 2026 stored MA","MONTHLY","NEAR_ENTERED","2026-06-01","2026-09-11","306","160","8","9","1","8","1","false","0","306","0","0","0","0","UNKNOWN","60","0","0","true","","","","","","",""
"Monthly NEAR, 2026 stored MA","MONTHLY","NEAR_ENTERED","2026-06-01","2026-09-11","306","160","8","9","1","8","1","false","0","306","0","0","0","0","UNKNOWN","120","0","0","true","","","","","","",""
"Monthly NEAR, 2026 stored MA","MONTHLY","NEAR_ENTERED","2026-06-01","2026-09-11","306","160","8","9","1","8","1","false","0","306","0","0","0","0","UNKNOWN","245","0","0","true","","","","","","",""
