"case","timeframe","eventSelector","sourceJobId","dimensions","cell","eventCount","uniqueTickerCount","horizonSessions","eligibleCount","unavailableCount","smallSample","meanReturn","medianReturn","positiveReturnRatio","q25Return","q75Return","medianMfe","medianMae"
"monthly1y_near_score","MONTHLY","NEAR_ENTERED","aedec268-9601-4f02-be5c-2dd22d52debe","scoreBand","{""scoreBand"":""LOW""}","14","8","20","14","0","true","0.03745704514647108","0.030321485743172394","1","0.014908690526503066","0.04044780154977068","0.04385433757415269","-0.010418685791820148"
"monthly1y_near_score","MONTHLY","NEAR_ENTERED","aedec268-9601-4f02-be5c-2dd22d52debe","scoreBand","{""scoreBand"":""LOW""}","14","8","60","14","0","true","0.013242789232050991","0.01484964185415416","0.6428571428571429","-0.01745638642938549","0.039663643388233194","0.05349349290767169","-0.034030250799170825"
"monthly1y_near_score","MONTHLY","NEAR_ENTERED","aedec268-9601-4f02-be5c-2dd22d52debe","scoreBand","{""scoreBand"":""LOW""}","14","8","120","14","0","true","0.055818840649064914","-0.0056190176605401265","0.5","-0.04762778011931007","0.12268648397873994","0.07147233135100639","-0.12537313432835817"
"monthly1y_near_score","MONTHLY","NEAR_ENTERED","aedec268-9601-4f02-be5c-2dd22d52debe","scoreBand","{""scoreBand"":""LOW""}","14","8","245","14","0","true","0.03391710220974063","0.03204445039496595","0.5714285714285714","-0.026119922279746216","0.11190848456303715","0.09903630602762714","-0.12537313432835817"
"monthly1y_near_score","MONTHLY","NEAR_ENTERED","aedec268-9601-4f02-be5c-2dd22d52debe","scoreBand","{""scoreBand"":""MID_LOW""}","971","429","20","971","0","false","0.0038380146018943844","0.0049586776859504855","0.5355303810504635","-0.030298521314736593","0.03931466264184691","0.04228329809725162","-0.03382663847780132"
"monthly1y_near_score","MONTHLY","NEAR_ENTERED","aedec268-9601-4f02-be5c-2dd22d52debe","scoreBand","{""scoreBand"":""MID_LOW""}","971","429","60","971","0","false","0.008050844751600828","0.0022962112514350874","0.5046343975283213","-0.056626218289490604","0.06448952743862923","0.0727367870225013","-0.08918205804749335"
"monthly1y_near_score","MONTHLY","NEAR_ENTERED","aedec268-9601-4f02-be5c-2dd22d52debe","scoreBand","{""scoreBand"":""MID_LOW""}","971","429","120","971","0","false","0.05740954596666963","0.03859649122807007","0.631307929969104","-0.044486721006584184","0.13465402610194532","0.11815561959654186","-0.1299810246679317"
"monthly1y_near_score","MONTHLY","NEAR_ENTERED","aedec268-9601-4f02-be5c-2dd22d52debe","scoreBand","{""scoreBand"":""MID_LOW""}","971","429","245","971","0","false","0.23470865172145175","0.16784378894889906","0.7744593202883625","0.015465202184565818","0.3840485015754913","0.27384615384615385","-0.1435246995994659"
"monthly1y_near_score","MONTHLY","NEAR_ENTERED","aedec268-9601-4f02-be5c-2dd22d52debe","scoreBand","{""scoreBand"":""MID_HIGH""}","1001","516","20","1001","0","false","0.016871669906052926","0.009227893937624021","0.5504495504495505","-0.0314083080040527","0.054524361948955935","0.055604589585172004","-0.03504560729716755"
"monthly1y_near_score","MONTHLY","NEAR_ENTERED","aedec268-9601-4f02-be5c-2dd22d52debe","scoreBand","{""scoreBand"":""MID_HIGH""}","1001","516","60","1001","0","false","0.02977646541796921","0.013623978201634968","0.5554445554445554","-0.05601659751037347","0.10409472126295016","0.09707370173528851","-0.09852303882550639"
"monthly1y_near_score","MONTHLY","NEAR_ENTERED","aedec268-9601-4f02-be5c-2dd22d52debe","scoreBand","{""scoreBand"":""MID_HIGH""}","1001","516","120","1001","0","false","0.08851823510422681","0.05252525252525242","0.6283716283716284","-0.052799121844127384","0.190576652601969","0.14842209072978307","-0.13832752613240418"
"monthly1y_near_score","MONTHLY","NEAR_ENTERED","aedec268-9601-4f02-be5c-2dd22d52debe","scoreBand","{""scoreBand"":""MID_HIGH""}","1001","516","245","999","2","false","0.28950706260520553","0.21662216288384517","0.7657657657657657","0.015101414520719003","0.4405855922027351","0.3125241272817516","-0.15602836879432624"
"monthly1y_near_score","MONTHLY","NEAR_ENTERED","aedec268-9601-4f02-be5c-2dd22d52debe","scoreBand","{""scoreBand"":""HIGH""}","80","60","20","80","0","false","0.029214726176184747","0.018342317839689093","0.5625","-0.047550236406619345","0.09534615529630802","0.08233808910856522","-0.047303590405343876"
"monthly1y_near_score","MONTHLY","NEAR_ENTERED","aedec268-9601-4f02-be5c-2dd22d52debe","scoreBand","{""scoreBand"":""HIGH""}","80","60","60","80","0","false","0.051329053762685595","0.01680306215632199","0.5375","-0.07339568326410437","0.1830518916448559","0.14489703989703995","-0.1202164107901813"
"monthly1y_near_score","MONTHLY","NEAR_ENTERED","aedec268-9601-4f02-be5c-2dd22d52debe","scoreBand","{""scoreBand"":""HIGH""}","80","60","120","80","0","false","0.13720887710951352","0.08748714195691432","0.6125","-0.07244869468099957","0.30107382287946594","0.23377386318824178","-0.16911292480599416"
"monthly1y_near_score","MONTHLY","NEAR_ENTERED","aedec268-9601-4f02-be5c-2dd22d52debe","scoreBand","{""scoreBand"":""HIGH""}","80","60","245","80","0","false","0.41214939535758643","0.25324129412368224","0.6875","-0.0270203333174783","0.6032168195564152","0.4837895965861394","-0.18866996053071505"
"monthly1y_near_score","MONTHLY","NEAR_ENTERED","aedec268-9601-4f02-be5c-2dd22d52debe","scoreBand","{""scoreBand"":""UNKNOWN""}","0","0","20","0","0","true","","","","","","",""
"monthly1y_near_score","MONTHLY","NEAR_ENTERED","aedec268-9601-4f02-be5c-2dd22d52debe","scoreBand","{""scoreBand"":""UNKNOWN""}","0","0","60","0","0","true","","","","","","",""
"monthly1y_near_score","MONTHLY","NEAR_ENTERED","aedec268-9601-4f02-be5c-2dd22d52debe","scoreBand","{""scoreBand"":""UNKNOWN""}","0","0","120","0","0","true","","","","","","",""
"monthly1y_near_score","MONTHLY","NEAR_ENTERED","aedec268-9601-4f02-be5c-2dd22d52debe","scoreBand","{""scoreBand"":""UNKNOWN""}","0","0","245","0","0","true","","","","","","",""
"monthly1y_near_monthA","MONTHLY","NEAR_ENTERED","aedec268-9601-4f02-be5c-2dd22d52debe","stage:monthA","{""stage:monthA"":""S1""}","234","146","20","234","0","false","0.013539640114030863","0.011118307652675408","0.5555555555555556","-0.02563038458475994","0.04875025540390959","0.05261685891963408","-0.030103447427045293"
"monthly1y_near_monthA","MONTHLY","NEAR_ENTERED","aedec268-9601-4f02-be5c-2dd22d52debe","stage:monthA","{""stage:monthA"":""S1""}","234","146","60","234","0","false","0.019139227013707686","0.007435021085416604","0.5299145299145299","-0.05488352233233376","0.08245345810000976","0.08563571372668466","-0.11567729259754062"
"monthly1y_near_monthA","MONTHLY","NEAR_ENTERED","aedec268-9601-4f02-be5c-2dd22d52debe","stage:monthA","{""stage:monthA"":""S1""}","234","146","120","234","0","false","0.08130389787588964","0.05392580775022737","0.6324786324786325","-0.05836689835988049","0.19996534183754144","0.12978360766883879","-0.1290726897559507"
"monthly1y_near_monthA","MONTHLY","NEAR_ENTERED","aedec268-9601-4f02-be5c-2dd22d52debe","stage:monthA","{""stage:monthA"":""S1""}","234","146","245","234","0","false","0.199242430071203","0.10669090711478568","0.6965811965811965","-0.02245694741354068","0.3591968605267495","0.2558375363255584","-0.14929755522336619"
"monthly1y_near_monthA","MONTHLY","NEAR_ENTERED","aedec268-9601-4f02-be5c-2dd22d52debe","stage:monthA","{""stage:monthA"":""S2""}","313","179","20","313","0","false","0.016870949299502877","0.012578616352201255","0.5654952076677316","-0.03337169159953968","0.0625","0.051948051948051965","-0.037387600567912904"
"monthly1y_near_monthA","MONTHLY","NEAR_ENTERED","aedec268-9601-4f02-be5c-2dd22d52debe","stage:monthA","{""stage:monthA"":""S2""}","313","179","60","313","0","false","0.020935068446526435","0.006932409012131657","0.5175718849840255","-0.07384403036576948","0.09134615384615374","0.08991883810337464","-0.1120243531202435"
"monthly1y_near_monthA","MONTHLY","NEAR_ENTERED","aedec268-9601-4f02-be5c-2dd22d52debe","stage:monthA","{""stage:monthA"":""S2""}","313","179","120","313","0","false","0.0726492600573301","0.04658981748318913","0.6325878594249201","-0.05745341614906829","0.15966029723991504","0.130718954248366","-0.13129573826947916"
"monthly1y_near_monthA","MONTHLY","NEAR_ENTERED","aedec268-9601-4f02-be5c-2dd22d52debe","stage:monthA","{""stage:monthA"":""S2""}","313","179","245","313","0","false","0.22766860248154616","0.11307420494699638","0.7188498402555911","-0.026678932842686298","0.34974093264248696","0.2154639175257731","-0.15139826422372227"
"monthly1y_near_monthA","MONTHLY","NEAR_ENTERED","aedec268-9601-4f02-be5c-2dd22d52debe","stage:monthA","{""stage:monthA"":""S3""}","445","241","20","445","0","false","0.0018738472882911333","0.006381039197812299","0.5415730337078651","-0.031712962962963","0.036513545347467646","0.04630969609261948","-0.03335170893054029"
"monthly1y_near_monthA","MONTHLY","NEAR_ENTERED","aedec268-9601-4f02-be5c-2dd22d52debe","stage:monthA","{""stage:monthA"":""S3""}","445","241","60","445","0","false","0.02664254580350791","0.008957362952346726","0.5280898876404494","-0.04947916666666663","0.09216589861751157","0.08971774193548376","-0.08938547486033521"
"monthly1y_near_monthA","MONTHLY","NEAR_ENTERED","aedec268-9601-4f02-be5c-2dd22d52debe","stage:monthA","{""stage:monthA"":""S3""}","445","241","120","445","0","false","0.076489329410654","0.04341534008683068","0.597752808988764","-0.05223478729133013","0.17193698288563986","0.13588850174216027","-0.13592233009708743"
"monthly1y_near_monthA","MONTHLY","NEAR_ENTERED","aedec268-9601-4f02-be5c-2dd22d52debe","stage:monthA","{""stage:monthA"":""S3""}","445","241","245","445","0","false","0.24277663278941328","0.19114391143911447","0.7078651685393258","-0.029772681553007496","0.41521739130434776","0.289922480620155","-0.15108564535585045"
"monthly1y_near_monthA","MONTHLY","NEAR_ENTERED","aedec268-9601-4f02-be5c-2dd22d52debe","stage:monthA","{""stage:monthA"":""S4""}","777","356","20","777","0","false","0.015458094699602427","0.00540540540540535","0.5366795366795367","-0.030267753201396963","0.0495537088334872","0.04950495049504955","-0.03504560729716755"
"monthly1y_near_monthA","MONTHLY","NEAR_ENTERED","aedec268-9601-4f02-be5c-2dd22d52debe","stage:monthA","{""stage:monthA"":""S4""}","777","356","60","777","0","false","0.02184342307728096","0.014173228346456623","0.5546975546975547","-0.04988878296790589","0.0786516853932584","0.08287895310796078","-0.07709170624771644"
"monthly1y_near_monthA","MONTHLY","NEAR_ENTERED","aedec268-9601-4f02-be5c-2dd22d52debe","stage:monthA","{""stage:monthA"":""S4""}","777","356","120","777","0","false","0.06976380373404432","0.03683709114004441","0.6267696267696268","-0.04633431085043993","0.14047109207708774","0.1296605453533668","-0.12911213300318358"
"monthly1y_near_monthA","MONTHLY","NEAR_ENTERED","aedec268-9601-4f02-be5c-2dd22d52debe","stage:monthA","{""stage:monthA"":""S4""}","777","356","245","775","2","false","0.28189448040990595","0.2127981825066263","0.8103225806451613","0.04405360778878564","0.42512738689860385","0.31137724550898205","-0.14648910411622273"
"monthly1y_near_monthA","MONTHLY","NEAR_ENTERED","aedec268-9601-4f02-be5c-2dd22d52debe","stage:monthA","{""stage:monthA"":""S5""}","217","120","20","217","0","false","0.004322561005610436","0.009320175438596534","0.5714285714285714","-0.032786885245901676","0.046391752577319645","0.05043859649122817","-0.03310980720871748"
"monthly1y_near_monthA","MONTHLY","NEAR_ENTERED","aedec268-9601-4f02-be5c-2dd22d52debe","stage:monthA","{""stage:monthA"":""S5""}","217","120","60","217","0","false","0.007154172769675553","0.002086811352253859","0.5069124423963134","-0.06500956022944548","0.07223942208462342","0.07786885245901631","-0.1085644007155635"
"monthly1y_near_monthA","MONTHLY","NEAR_ENTERED","aedec268-9601-4f02-be5c-2dd22d52debe","stage:monthA","{""stage:monthA"":""S5""}","217","120","120","217","0","false","0.08412074618690595","0.06172839506172845","0.6820276497695853","-0.03512396694214881","0.17732033224990973","0.11971830985915499","-0.15137067938021453"
"monthly1y_near_monthA","MONTHLY","NEAR_ENTERED","aedec268-9601-4f02-be5c-2dd22d52debe","stage:monthA","{""stage:monthA"":""S5""}","217","120","245","217","0","false","0.359185643874714","0.28606597735105854","0.8248847926267281","0.08164915117219085","0.57811080835604","0.3767326732673266","-0.1553459119496855"
"monthly1y_near_monthA","MONTHLY","NEAR_ENTERED","aedec268-9601-4f02-be5c-2dd22d52debe","stage:monthA","{""stage:monthA"":""S6""}","78","46","20","78","0","false","0.014385837977366176","0.0033238805502460167","0.5128205128205128","-0.02312349118129245","0.05196570549162399","0.0529664311739092","-0.032405880448079794"
"monthly1y_near_monthA","MONTHLY","NEAR_ENTERED","aedec268-9601-4f02-be5c-2dd22d52debe","stage:monthA","{""stage:monthA"":""S6""}","78","46","60","78","0","false","0.005727358713956667","-0.016230332671026693","0.44871794871794873","-0.07632554269722414","0.07787290477579184","0.075218624709812","-0.15344091432427015"
"monthly1y_near_monthA","MONTHLY","NEAR_ENTERED","aedec268-9601-4f02-be5c-2dd22d52debe","stage:monthA","{""stage:monthA"":""S6""}","78","46","120","78","0","false","0.09708633478596397","0.0654387028318042","0.6410256410256411","-0.03442450648084838","0.20968887278492798","0.12067128364011903","-0.17943716268311488"
"monthly1y_near_monthA","MONTHLY","NEAR_ENTERED","aedec268-9601-4f02-be5c-2dd22d52debe","stage:monthA","{""stage:monthA"":""S6""}","78","46","245","78","0","false","0.34809243355239095","0.31826089659164636","0.8717948717948718","0.10619211546015372","0.5102702702702703","0.3946052351564163","-0.17943716268311488"
"monthly1y_near_monthA","MONTHLY","NEAR_ENTERED","aedec268-9601-4f02-be5c-2dd22d52debe","stage:monthA","{""stage:monthA"":""UNKNOWN""}","2","2","20","2","0","true","0.061527418891759944","0.061527418891759944","0.5","0.01903531438415157","0.10401952339936832","0.10130634510479464","-0.02055699109962672"
"monthly1y_near_monthA","MONTHLY","NEAR_ENTERED","aedec268-9601-4f02-be5c-2dd22d52debe","stage:monthA","{""stage:monthA"":""UNKNOWN""}","2","2","60","2","0","true","0.028308929084122914","0.028308929084122914","0.5","-0.038931955211024966","0.09554981337927079","0.1629342520815389","-0.0995693367786391"
"monthly1y_near_monthA","MONTHLY","NEAR_ENTERED","aedec268-9601-4f02-be5c-2dd22d52debe","stage:monthA","{""stage:monthA"":""UNKNOWN""}","2","2","120","2","0","true","0.13705139247774906","0.13705139247774906","0.5","0.03580964685615848","0.23829313809933964","0.18153890324432953","-0.0995693367786391"
"monthly1y_near_monthA","MONTHLY","NEAR_ENTERED","aedec268-9601-4f02-be5c-2dd22d52debe","stage:monthA","{""stage:monthA"":""UNKNOWN""}","2","2","245","2","0","true","0.5425638817111685","0.5425638817111685","1","0.3533807062876831","0.731747057134654","0.5574217628481195","-0.0995693367786391"
"monthly1y_zone_monthA","MONTHLY","IN_ZONE_ENTERED","0d899c61-2b09-4116-9376-fbfb7ad6fc4b","stage:monthA","{""stage:monthA"":""S1""}","85","72","20","85","0","false","0.029328239851679015","0.018164881229622676","0.6588235294117647","-0.017022817819630554","0.06278613472858074","0.06453653906991441","-0.03658094893154651"
"monthly1y_zone_monthA","MONTHLY","IN_ZONE_ENTERED","0d899c61-2b09-4116-9376-fbfb7ad6fc4b","stage:monthA","{""stage:monthA"":""S1""}","85","72","60","85","0","false","0.029263830361289985","0.020246478873239493","0.5647058823529412","-0.04901574803149611","0.11755725190839694","0.1032608695652173","-0.11216730038022815"
"monthly1y_zone_monthA","MONTHLY","IN_ZONE_ENTERED","0d899c61-2b09-4116-9376-fbfb7ad6fc4b","stage:monthA","{""stage:monthA"":""S1""}","85","72","120","85","0","false","0.10220720709946594","0.08736349453978165","0.6470588235294118","-0.040500736377025004","0.25925192954680387","0.19085907744392716","-0.1388329979879276"
"monthly1y_zone_monthA","MONTHLY","IN_ZONE_ENTERED","0d899c61-2b09-4116-9376-fbfb7ad6fc4b","stage:monthA","{""stage:monthA"":""S1""}","85","72","245","85","0","false","0.22166608483012745","0.16899852724595","0.7176470588235294","-0.008403361344537785","0.4061399094111726","0.3187748156551333","-0.17039800995024879"
"monthly1y_zone_monthA","MONTHLY","IN_ZONE_ENTERED","0d899c61-2b09-4116-9376-fbfb7ad6fc4b","stage:monthA","{""stage:monthA"":""S2""}","158","123","20","158","0","false","0.03674397547881488","0.020304603402742094","0.6265822784810127","-0.01799255772907779","0.07363153594771249","0.06340837771997188","-0.03118577623810187"
"monthly1y_zone_monthA","MONTHLY","IN_ZONE_ENTERED","0d899c61-2b09-4116-9376-fbfb7ad6fc4b","stage:monthA","{""stage:monthA"":""S2""}","158","123","60","158","0","false","0.05606217193738685","0.045314159865267545","0.620253164556962","-0.05035540566259036","0.12858695159021827","0.10832837840608533","-0.09761947517946029"
"monthly1y_zone_monthA","MONTHLY","IN_ZONE_ENTERED","0d899c61-2b09-4116-9376-fbfb7ad6fc4b","stage:monthA","{""stage:monthA"":""S2""}","158","123","120","158","0","false","0.11795487403118567","0.08345096513471617","0.689873417721519","-0.03414766342758352","0.22729744960813614","0.1567393296674523","-0.11302253528332173"
"monthly1y_zone_monthA","MONTHLY","IN_ZONE_ENTERED","0d899c61-2b09-4116-9376-fbfb7ad6fc4b","stage:monthA","{""stage:monthA"":""S2""}","158","123","245","158","0","false","0.2876333710896045","0.19667524667524672","0.7215189873417721","-0.03004455107916762","0.5076867029082867","0.3132954966798126","-0.14142149783371155"
"monthly1y_zone_monthA","MONTHLY","IN_ZONE_ENTERED","0d899c61-2b09-4116-9376-fbfb7ad6fc4b","stage:monthA","{""stage:monthA"":""S3""}","299","215","20","299","0","false","0.01828233207029719","0.013883532587736225","0.5852842809364549","-0.027712028445791015","0.05735244360162728","0.05463917525773199","-0.045220966084275394"
"monthly1y_zone_monthA","MONTHLY","IN_ZONE_ENTERED","0d899c61-2b09-4116-9376-fbfb7ad6fc4b","stage:monthA","{""stage:monthA"":""S3""}","299","215","60","299","0","false","0.048281057050540595","0.022299115724721208","0.5585284280936454","-0.054235828921655294","0.13257286151755354","0.10083256244218308","-0.10939584524490187"
"monthly1y_zone_monthA","MONTHLY","IN_ZONE_ENTERED","0d899c61-2b09-4116-9376-fbfb7ad6fc4b","stage:monthA","{""stage:monthA"":""S3""}","299","215","120","299","0","false","0.10814140057422741","0.0618238021638331","0.6020066889632107","-0.0597599330823923","0.24390022085826002","0.16191904047976013","-0.13519503546099287"
"monthly1y_zone_monthA","MONTHLY","IN_ZONE_ENTERED","0d899c61-2b09-4116-9376-fbfb7ad6fc4b","stage:monthA","{""stage:monthA"":""S3""}","299","215","245","299","0","false","0.2985138039236689","0.18855598107681915","0.6956521739130435","-0.03955510676623869","0.46104955734667263","0.2822984959506363","-0.1433333333333333"
"monthly1y_zone_monthA","MONTHLY","IN_ZONE_ENTERED","0d899c61-2b09-4116-9376-fbfb7ad6fc4b","stage:monthA","{""stage:monthA"":""S4""}","572","374","20","571","1","false","0.020603548870561553","0.011934156378600846","0.5709281961471103","-0.025766782407407374","0.05869927127213315","0.05206738131699851","-0.04128086419753085"
"monthly1y_zone_monthA","MONTHLY","IN_ZONE_ENTERED","0d899c61-2b09-4116-9376-fbfb7ad6fc4b","stage:monthA","{""stage:monthA"":""S4""}","572","374","60","571","1","false","0.031162511139756797","0.02192476344334171","0.5901926444833625","-0.04822329181888868","0.09790200199186372","0.09326710816777051","-0.08356164383561648"
"monthly1y_zone_monthA","MONTHLY","IN_ZONE_ENTERED","0d899c61-2b09-4116-9376-fbfb7ad6fc4b","stage:monthA","{""stage:monthA"":""S4""}","572","374","120","571","1","false","0.09043205057529434","0.061564059900166335","0.6654991243432574","-0.03533088972661891","0.18300872668629253","0.1513353115727003","-0.13132508190753545"
"monthly1y_zone_monthA","MONTHLY","IN_ZONE_ENTERED","0d899c61-2b09-4116-9376-fbfb7ad6fc4b","stage:monthA","{""stage:monthA"":""S4""}","572","374","245","570","2","false","0.31451184823802636","0.23355913115987348","0.8035087719298246","0.05040127364814534","0.4754907792339067","0.3356297578675267","-0.14179751289529396"
"monthly1y_zone_monthA","MONTHLY","IN_ZONE_ENTERED","0d899c61-2b09-4116-9376-fbfb7ad6fc4b","stage:monthA","{""stage:monthA"":""S5""}","125","84","20","125","0","false","0.012653787913338498","0.017727051966974328","0.608","-0.02289281997918835","0.04664723032069973","0.055145118733509246","-0.03866231647634588"
"monthly1y_zone_monthA","MONTHLY","IN_ZONE_ENTERED","0d899c61-2b09-4116-9376-fbfb7ad6fc4b","stage:monthA","{""stage:monthA"":""S5""}","125","84","60","125","0","false","0.0032595857372196193","0.0059945504087193235","0.52","-0.06856478791400344","0.0745717164931139","0.09142857142857141","-0.11100432484382505"
"monthly1y_zone_monthA","MONTHLY","IN_ZONE_ENTERED","0d899c61-2b09-4116-9376-fbfb7ad6fc4b","stage:monthA","{""stage:monthA"":""S5""}","125","84","120","125","0","false","0.08532313001365557","0.07050423917893789","0.72","-0.011542497376705096","0.16683070866141736","0.13700281237444756","-0.14919354838709675"
"monthly1y_zone_monthA","MONTHLY","IN_ZONE_ENTERED","0d899c61-2b09-4116-9376-fbfb7ad6fc4b","stage:monthA","{""stage:monthA"":""S5""}","125","84","245","124","1","false","0.3610390205806962","0.3144096333768941","0.8145161290322581","0.0925983284582641","0.5900441529109779","0.40210437413622246","-0.16049382716049387"
"monthly1y_zone_monthA","MONTHLY","IN_ZONE_ENTERED","0d899c61-2b09-4116-9376-fbfb7ad6fc4b","stage:monthA","{""stage:monthA"":""S6""}","35","29","20","35","0","false","0.03723458935943564","0.027549540840986042","0.7428571428571429","0.005916717855269149","0.04296990734016903","0.06184971098265901","-0.026642984014209614"
"monthly1y_zone_monthA","MONTHLY","IN_ZONE_ENTERED","0d899c61-2b09-4116-9376-fbfb7ad6fc4b","stage:monthA","{""stage:monthA"":""S6""}","35","29","60","35","0","false","0.01791228799342567","-0.008111533586818709","0.45714285714285713","-0.07505904775800903","0.03957670931958579","0.08372490388722764","-0.1807677972418934"
"monthly1y_zone_monthA","MONTHLY","IN_ZONE_ENTERED","0d899c61-2b09-4116-9376-fbfb7ad6fc4b","stage:monthA","{""stage:monthA"":""S6""}","35","29","120","35","0","false","0.16227432916828438","0.06565349544072951","0.6571428571428571","-0.010887255741405921","0.34354272908375116","0.12095875139353396","-0.1807677972418934"
"monthly1y_zone_monthA","MONTHLY","IN_ZONE_ENTERED","0d899c61-2b09-4116-9376-fbfb7ad6fc4b","stage:monthA","{""stage:monthA"":""S6""}","35","29","245","35","0","false","0.414885055442614","0.3798936684388594","0.9428571428571428","0.11367909627746486","0.6265543983716888","0.4736027030832044","-0.18335644937586681"
"monthly1y_zone_monthA","MONTHLY","IN_ZONE_ENTERED","0d899c61-2b09-4116-9376-fbfb7ad6fc4b","stage:monthA","{""stage:monthA"":""UNKNOWN""}","2","2","20","2","0","true","0.031083025230883465","0.031083025230883465","1","0.025364695326640152","0.03680135513512678","0.07810899865414656","-0.0021595532385563776"
"monthly1y_zone_monthA","MONTHLY","IN_ZONE_ENTERED","0d899c61-2b09-4116-9376-fbfb7ad6fc4b","stage:monthA","{""stage:monthA"":""UNKNOWN""}","2","2","60","2","0","true","-0.04655879213526598","-0.04655879213526598","0.5","-0.07141299135250531","-0.02170459291802665","0.07810899865414656","-0.09815370573766685"
"monthly1y_zone_monthA","MONTHLY","IN_ZONE_ENTERED","0d899c61-2b09-4116-9376-fbfb7ad6fc4b","stage:monthA","{""stage:monthA"":""UNKNOWN""}","2","2","120","2","0","true","-0.10141237256934238","-0.10141237256934238","0","-0.13322092105873798","-0.06960382407994678","0.07810899865414656","-0.1625631545565645"
"monthly1y_zone_monthA","MONTHLY","IN_ZONE_ENTERED","0d899c61-2b09-4116-9376-fbfb7ad6fc4b","stage:monthA","{""stage:monthA"":""UNKNOWN""}","2","2","245","2","0","true","-0.09941757034791082","-0.09941757034791082","0.5","-0.19558304843525207","-0.003252092260569578","0.08913262070139072","-0.24753368500843093"
"biweekly1y_near_score","BIWEEKLY","NEAR_ENTERED","4a2eca50-9d21-4e17-b604-5b57aa1beea1","scoreBand","{""scoreBand"":""LOW""}","0","0","20","0","0","true","","","","","","",""
"biweekly1y_near_score","BIWEEKLY","NEAR_ENTERED","4a2eca50-9d21-4e17-b604-5b57aa1beea1","scoreBand","{""scoreBand"":""LOW""}","0","0","60","0","0","true","","","","","","",""
"biweekly1y_near_score","BIWEEKLY","NEAR_ENTERED","4a2eca50-9d21-4e17-b604-5b57aa1beea1","scoreBand","{""scoreBand"":""LOW""}","0","0","120","0","0","true","","","","","","",""
"biweekly1y_near_score","BIWEEKLY","NEAR_ENTERED","4a2eca50-9d21-4e17-b604-5b57aa1beea1","scoreBand","{""scoreBand"":""LOW""}","0","0","245","0","0","true","","","","","","",""
"biweekly1y_near_score","BIWEEKLY","NEAR_ENTERED","4a2eca50-9d21-4e17-b604-5b57aa1beea1","scoreBand","{""scoreBand"":""MID_LOW""}","4","4","20","4","0","true","0.02188741793709509","0.020579942744146207","0.5","-0.008793001159337233","0.05126036184057853","0.07112616253407655","-0.01680366900954594"
"biweekly1y_near_score","BIWEEKLY","NEAR_ENTERED","4a2eca50-9d21-4e17-b604-5b57aa1beea1","scoreBand","{""scoreBand"":""MID_LOW""}","4","4","60","4","0","true","0.0338275657026762","0.040926572108232584","0.75","0.00720685006812688","0.0675472877427819","0.09025940365901897","-0.06323649208874821"
"biweekly1y_near_score","BIWEEKLY","NEAR_ENTERED","4a2eca50-9d21-4e17-b604-5b57aa1beea1","scoreBand","{""scoreBand"":""MID_LOW""}","4","4","120","4","0","true","-0.007138799207862867","-0.016459320622332907","0.5","-0.06058239629734807","0.0369842764671523","0.09025940365901897","-0.11600197037746574"
"biweekly1y_near_score","BIWEEKLY","NEAR_ENTERED","4a2eca50-9d21-4e17-b604-5b57aa1beea1","scoreBand","{""scoreBand"":""MID_LOW""}","4","4","245","4","0","true","0.12449692932817857","0.1517572032823522","0.75","0.06861770184509608","0.2076364307654347","0.22379105511033726","-0.1313838546874373"
"biweekly1y_near_score","BIWEEKLY","NEAR_ENTERED","4a2eca50-9d21-4e17-b604-5b57aa1beea1","scoreBand","{""scoreBand"":""MID_HIGH""}","776","342","20","776","0","false","0.0019511742651062525","0.007232050628277031","0.5425257731958762","-0.03818914955235628","0.042773882509893224","0.046001328746459236","-0.0405545502745957"
"biweekly1y_near_score","BIWEEKLY","NEAR_ENTERED","4a2eca50-9d21-4e17-b604-5b57aa1beea1","scoreBand","{""scoreBand"":""MID_HIGH""}","776","342","60","776","0","false","0.0005840973673601134","-0.009635715670339828","0.45618556701030927","-0.06612665025732825","0.06356214498696167","0.08030617558601294","-0.09667686042840556"
"biweekly1y_near_score","BIWEEKLY","NEAR_ENTERED","4a2eca50-9d21-4e17-b604-5b57aa1beea1","scoreBand","{""scoreBand"":""MID_HIGH""}","776","342","120","775","1","false","0.03541370798189893","0.015223967990631415","0.5561290322580645","-0.06365210770043112","0.11617416553023319","0.11363636363636354","-0.1387006775607812"
"biweekly1y_near_score","BIWEEKLY","NEAR_ENTERED","4a2eca50-9d21-4e17-b604-5b57aa1beea1","scoreBand","{""scoreBand"":""MID_HIGH""}","776","342","245","775","1","false","0.17396283549177088","0.10139165009940365","0.7367741935483871","-0.004887960766848609","0.2724053078755819","0.21048573631457201","-0.16470588235294115"
"biweekly1y_near_score","BIWEEKLY","NEAR_ENTERED","4a2eca50-9d21-4e17-b604-5b57aa1beea1","scoreBand","{""scoreBand"":""HIGH""}","1434","439","20","1434","0","false","0.0008909409598245204","-0.0033468795882642954","0.4790794979079498","-0.04512228145891514","0.04328345552562152","0.04992898848156124","-0.04777267816574021"
"biweekly1y_near_score","BIWEEKLY","NEAR_ENTERED","4a2eca50-9d21-4e17-b604-5b57aa1beea1","scoreBand","{""scoreBand"":""HIGH""}","1434","439","60","1431","3","false","-0.006431608370335704","-0.022115384615384648","0.4171907756813417","-0.09574343605450736","0.05963329225714609","0.0791701947502117","-0.12172379032258063"
"biweekly1y_near_score","BIWEEKLY","NEAR_ENTERED","4a2eca50-9d21-4e17-b604-5b57aa1beea1","scoreBand","{""scoreBand"":""HIGH""}","1434","439","120","1426","8","false","0.027146614505048256","0.0065569030177702325","0.520336605890603","-0.08921726830418295","0.09157847879889702","0.10665112823050815","-0.16956697180462854"
"biweekly1y_near_score","BIWEEKLY","NEAR_ENTERED","4a2eca50-9d21-4e17-b604-5b57aa1beea1","scoreBand","{""scoreBand"":""HIGH""}","1434","439","245","1426","8","false","0.22434187324918084","0.13579325255690944","0.729312762973352","-0.010647068980402352","0.34300800872703535","0.22939098237417976","-0.18834304947231145"
"biweekly1y_near_score","BIWEEKLY","NEAR_ENTERED","4a2eca50-9d21-4e17-b604-5b57aa1beea1","scoreBand","{""scoreBand"":""UNKNOWN""}","0","0","20","0","0","true","","","","","","",""
"biweekly1y_near_score","BIWEEKLY","NEAR_ENTERED","4a2eca50-9d21-4e17-b604-5b57aa1beea1","scoreBand","{""scoreBand"":""UNKNOWN""}","0","0","60","0","0","true","","","","","","",""
"biweekly1y_near_score","BIWEEKLY","NEAR_ENTERED","4a2eca50-9d21-4e17-b604-5b57aa1beea1","scoreBand","{""scoreBand"":""UNKNOWN""}","0","0","120","0","0","true","","","","","","",""
"biweekly1y_near_score","BIWEEKLY","NEAR_ENTERED","4a2eca50-9d21-4e17-b604-5b57aa1beea1","scoreBand","{""scoreBand"":""UNKNOWN""}","0","0","245","0","0","true","","","","","","",""
"biweekly1y_near_weekA_monthA","BIWEEKLY","NEAR_ENTERED","4a2eca50-9d21-4e17-b604-5b57aa1beea1","stage:weekA x stage:monthA","{""stage:weekA"":""S1"",""stage:monthA"":""S1""}","203","130","20","203","0","false","-0.0024188502755646737","-0.008367071524966296","0.4433497536945813","-0.040963203463203424","0.03463295335111982","0.04896377619914283","-0.0535714285714286"
"biweekly1y_near_weekA_monthA","BIWEEKLY","NEAR_ENTERED","4a2eca50-9d21-4e17-b604-5b57aa1beea1","stage:weekA x stage:monthA","{""stage:weekA"":""S1"",""stage:monthA"":""S1""}","203","130","60","203","0","false","-0.015716118003009576","-0.030805316653635617","0.3891625615763547","-0.0978791344123856","0.058266352302361324","0.07230936174410574","-0.15102040816326534"
"biweekly1y_near_weekA_monthA","BIWEEKLY","NEAR_ENTERED","4a2eca50-9d21-4e17-b604-5b57aa1beea1","stage:weekA x stage:monthA","{""stage:weekA"":""S1"",""stage:monthA"":""S1""}","203","130","120","203","0","false","0.008731337720758668","-0.00499146197294098","0.4876847290640394","-0.09934161819143311","0.08221729735032246","0.09663865546218497","-0.1656976744186046"
"biweekly1y_near_weekA_monthA","BIWEEKLY","NEAR_ENTERED","4a2eca50-9d21-4e17-b604-5b57aa1beea1","stage:weekA x stage:monthA","{""stage:weekA"":""S1"",""stage:monthA"":""S1""}","203","130","245","203","0","false","0.15623012227005847","0.09603220241518118","0.6896551724137931","-0.031742206420978525","0.23379286558113788","0.19028174765210282","-0.18388429752066116"
"biweekly1y_near_weekA_monthA","BIWEEKLY","NEAR_ENTERED","4a2eca50-9d21-4e17-b604-5b57aa1beea1","stage:weekA x stage:monthA","{""stage:weekA"":""S1"",""stage:monthA"":""S2""}","91","64","20","91","0","false","0.012626398325558742","0.02316602316602312","0.5604395604395604","-0.02712683514028108","0.06267873918631528","0.05298823529411756","-0.04230118443316411"
"biweekly1y_near_weekA_monthA","BIWEEKLY","NEAR_ENTERED","4a2eca50-9d21-4e17-b604-5b57aa1beea1","stage:weekA x stage:monthA","{""stage:weekA"":""S1"",""stage:monthA"":""S2""}","91","64","60","91","0","false","-0.002606092121079076","-0.029874213836478036","0.3956043956043956","-0.08277613897082925","0.060950633300080326","0.08422459893048129","-0.10783055198973046"
"biweekly1y_near_weekA_monthA","BIWEEKLY","NEAR_ENTERED","4a2eca50-9d21-4e17-b604-5b57aa1beea1","stage:weekA x stage:monthA","{""stage:weekA"":""S1"",""stage:monthA"":""S2""}","91","64","120","91","0","false","0.05652831623350678","0.01412429378531077","0.5604395604395604","-0.06909164287928837","0.1016898742922221","0.10214007782101175","-0.13438256658595638"
"biweekly1y_near_weekA_monthA","BIWEEKLY","NEAR_ENTERED","4a2eca50-9d21-4e17-b604-5b57aa1beea1","stage:weekA x stage:monthA","{""stage:weekA"":""S1"",""stage:monthA"":""S2""}","91","64","245","91","0","false","0.20393235044261435","0.14205607476635507","0.7582417582417582","0.0026113848546814866","0.26997250513108473","0.22512896094325718","-0.17567567567567566"
"biweekly1y_near_weekA_monthA","BIWEEKLY","NEAR_ENTERED","4a2eca50-9d21-4e17-b604-5b57aa1beea1","stage:weekA x stage:monthA","{""stage:weekA"":""S1"",""stage:monthA"":""S3""}","11","6","20","11","0","true","0.0023396661190320145","-0.03380782918149461","0.45454545454545453","-0.041040699262496594","0.05186973305440201","0.06946526736631675","-0.050761421319796995"
"biweekly1y_near_weekA_monthA","BIWEEKLY","NEAR_ENTERED","4a2eca50-9d21-4e17-b604-5b57aa1beea1","stage:weekA x stage:monthA","{""stage:weekA"":""S1"",""stage:monthA"":""S3""}","11","6","60","11","0","true","0.055266369421852264","0.09018036072144286","0.7272727272727273","-0.028055456664510536","0.12653734351999635","0.11222444889779548","-0.0625"
"biweekly1y_near_weekA_monthA","BIWEEKLY","NEAR_ENTERED","4a2eca50-9d21-4e17-b604-5b57aa1beea1","stage:weekA x stage:monthA","{""stage:weekA"":""S1"",""stage:monthA"":""S3""}","11","6","120","11","0","true","0.06294844476641291","0.12693653173413288","0.7272727272727273","-0.012563440901255607","0.17049825174825173","0.2012987012987013","-0.0625"
"biweekly1y_near_weekA_monthA","BIWEEKLY","NEAR_ENTERED","4a2eca50-9d21-4e17-b604-5b57aa1beea1","stage:weekA x stage:monthA","{""stage:weekA"":""S1"",""stage:monthA"":""S3""}","11","6","245","11","0","true","0.14234272469071996","0.20714285714285707","0.8181818181818182","0.10864710002641031","0.22189289848318572","0.29335332333833075","-0.0625"
"biweekly1y_near_weekA_monthA","BIWEEKLY","NEAR_ENTERED","4a2eca50-9d21-4e17-b604-5b57aa1beea1","stage:weekA x stage:monthA","{""stage:weekA"":""S1"",""stage:monthA"":""S4""}","3","2","20","3","0","true","-0.010803426996848256","0.002005012531328232","0.6666666666666666","-0.02273780381185525","0.007535169582246981","0.045226130653266416","-0.010025062656641603"
"biweekly1y_near_weekA_monthA","BIWEEKLY","NEAR_ENTERED","4a2eca50-9d21-4e17-b604-5b57aa1beea1","stage:weekA x stage:monthA","{""stage:weekA"":""S1"",""stage:monthA"":""S4""}","3","2","60","3","0","true","0.02101500976936906","0.056140350877192935","0.6666666666666666","-0.017472460220318287","0.07706515031296834","0.11457286432160796","-0.010025062656641603"
"biweekly1y_near_weekA_monthA","BIWEEKLY","NEAR_ENTERED","4a2eca50-9d21-4e17-b604-5b57aa1beea1","stage:weekA x stage:monthA","{""stage:weekA"":""S1"",""stage:monthA"":""S4""}","3","2","120","3","0","true","0.06249411411743888","0.14673366834170865","0.6666666666666666","0.0060218729305442364","0.1610861324164684","0.20551378446115298","-0.010025062656641603"
"biweekly1y_near_weekA_monthA","BIWEEKLY","NEAR_ENTERED","4a2eca50-9d21-4e17-b604-5b57aa1beea1","stage:weekA x stage:monthA","{""stage:weekA"":""S1"",""stage:monthA"":""S4""}","3","2","245","3","0","true","0.12703498501229504","0.19348370927318292","0.6666666666666666","0.08075348254356823","0.2065408496114658","0.29724310776942353","-0.010025062656641603"
"biweekly1y_near_weekA_monthA","BIWEEKLY","NEAR_ENTERED","4a2eca50-9d21-4e17-b604-5b57aa1beea1","stage:weekA x stage:monthA","{""stage:weekA"":""S1"",""stage:monthA"":""S5""}","10","8","20","10","0","true","0.0400020483138389","0.03277898455234096","0.7","-0.019913187518571657","0.09472174283639734","0.054967845481679434","-0.0411871703916491"
"biweekly1y_near_weekA_monthA","BIWEEKLY","NEAR_ENTERED","4a2eca50-9d21-4e17-b604-5b57aa1beea1","stage:weekA x stage:monthA","{""stage:weekA"":""S1"",""stage:monthA"":""S5""}","10","8","60","10","0","true","0.0345961506820495","0.019046226066849137","0.5","-0.05170015132074193","0.10589279017272729","0.09119973318086516","-0.11695035495065281"
"biweekly1y_near_weekA_monthA","BIWEEKLY","NEAR_ENTERED","4a2eca50-9d21-4e17-b604-5b57aa1beea1","stage:weekA x stage:monthA","{""stage:weekA"":""S1"",""stage:monthA"":""S5""}","10","8","120","10","0","true","-0.02369710566285945","0.00765630079445534","0.5","-0.0776121343325416","0.04102908869626931","0.10868233833350105","-0.2085188617958174"
"biweekly1y_near_weekA_monthA","BIWEEKLY","NEAR_ENTERED","4a2eca50-9d21-4e17-b604-5b57aa1beea1","stage:weekA x stage:monthA","{""stage:weekA"":""S1"",""stage:monthA"":""S5""}","10","8","245","10","0","true","0.1853465118942252","0.16728017220223945","0.8","0.04275340404502348","0.3436926651583096","0.2947197331426208","-0.21296099628503423"
"biweekly1y_near_weekA_monthA","BIWEEKLY","NEAR_ENTERED","4a2eca50-9d21-4e17-b604-5b57aa1beea1","stage:weekA x stage:monthA","{""stage:weekA"":""S1"",""stage:monthA"":""S6""}","41","19","20","41","0","false","-0.014792718477559712","-0.0019863164864268867","0.43902439024390244","-0.03217821782178221","0.024697580645161255","0.03297244094488194","-0.04691629955947141"
"biweekly1y_near_weekA_monthA","BIWEEKLY","NEAR_ENTERED","4a2eca50-9d21-4e17-b604-5b57aa1beea1","stage:weekA x stage:monthA","{""stage:weekA"":""S1"",""stage:monthA"":""S6""}","41","19","60","41","0","false","-0.06636305719903673","-0.1124845488257108","0.17073170731707318","-0.13965087281795507","-0.04022988505747127","0.0402833111996459","-0.22512162759840781"
"biweekly1y_near_weekA_monthA","BIWEEKLY","NEAR_ENTERED","4a2eca50-9d21-4e17-b604-5b57aa1beea1","stage:weekA x stage:monthA","{""stage:weekA"":""S1"",""stage:monthA"":""S6""}","41","19","120","41","0","false","0.05816194909270821","0.02490421455938696","0.5609756097560976","-0.06907967336128895","0.14340344168260044","0.12944444444444447","-0.22819383259911896"
"biweekly1y_near_weekA_monthA","BIWEEKLY","NEAR_ENTERED","4a2eca50-9d21-4e17-b604-5b57aa1beea1","stage:weekA x stage:monthA","{""stage:weekA"":""S1"",""stage:monthA"":""S6""}","41","19","245","41","0","false","0.27609247796765285","0.2350325008552856","0.8048780487804879","0.04105054071948788","0.47132169576059857","0.4774652660115215","-0.23443303473891197"
"biweekly1y_near_weekA_monthA","BIWEEKLY","NEAR_ENTERED","4a2eca50-9d21-4e17-b604-5b57aa1beea1","stage:weekA x stage:monthA","{""stage:weekA"":""S1"",""stage:monthA"":""UNKNOWN""}","1","1","20","1","0","true","0.050515463917525816","0.050515463917525816","1","0.050515463917525816","0.050515463917525816","0.05309278350515467","-0.10360824742268038"
"biweekly1y_near_weekA_monthA","BIWEEKLY","NEAR_ENTERED","4a2eca50-9d21-4e17-b604-5b57aa1beea1","stage:weekA x stage:monthA","{""stage:weekA"":""S1"",""stage:monthA"":""UNKNOWN""}","1","1","60","1","0","true","-0.02989690721649485","-0.02989690721649485","0","-0.02989690721649485","-0.02989690721649485","0.06494845360824741","-0.10360824742268038"
"biweekly1y_near_weekA_monthA","BIWEEKLY","NEAR_ENTERED","4a2eca50-9d21-4e17-b604-5b57aa1beea1","stage:weekA x stage:monthA","{""stage:weekA"":""S1"",""stage:monthA"":""UNKNOWN""}","1","1","120","1","0","true","0.03247422680412382","0.03247422680412382","1","0.03247422680412382","0.03247422680412382","0.06494845360824741","-0.10360824742268038"
"biweekly1y_near_weekA_monthA","BIWEEKLY","NEAR_ENTERED","4a2eca50-9d21-4e17-b604-5b57aa1beea1","stage:weekA x stage:monthA","{""stage:weekA"":""S1"",""stage:monthA"":""UNKNOWN""}","1","1","245","1","0","true","0.1268041237113402","0.1268041237113402","1","0.1268041237113402","0.1268041237113402","0.1902061855670103","-0.10360824742268038"
"biweekly1y_near_weekA_monthA","BIWEEKLY","NEAR_ENTERED","4a2eca50-9d21-4e17-b604-5b57aa1beea1","stage:weekA x stage:monthA","{""stage:weekA"":""S2"",""stage:monthA"":""S1""}","221","131","20","221","0","false","0.012180014732651333","0.003005657708627929","0.5520361990950227","-0.022632168326751967","0.045360290305857864","0.048119692680954396","-0.03579952267303099"
"biweekly1y_near_weekA_monthA","BIWEEKLY","NEAR_ENTERED","4a2eca50-9d21-4e17-b604-5b57aa1beea1","stage:weekA x stage:monthA","{""stage:weekA"":""S2"",""stage:monthA"":""S1""}","221","131","60","221","0","false","-0.029882783040033042","-0.03562340966921118","0.29411764705882354","-0.09579100145137875","0.028309104820198883","0.07582515611061558","-0.14116034719049797"
"biweekly1y_near_weekA_monthA","BIWEEKLY","NEAR_ENTERED","4a2eca50-9d21-4e17-b604-5b57aa1beea1","stage:weekA x stage:monthA","{""stage:weekA"":""S2"",""stage:monthA"":""S1""}","221","131","120","221","0","false","0.018039611010993415","0.009218825812712383","0.5475113122171946","-0.07152145643693109","0.08894536213468873","0.10991636798088411","-0.16929698708751795"
"biweekly1y_near_weekA_monthA","BIWEEKLY","NEAR_ENTERED","4a2eca50-9d21-4e17-b604-5b57aa1beea1","stage:weekA x stage:monthA","{""stage:weekA"":""S2"",""stage:monthA"":""S1""}","221","131","245","221","0","false","0.16137983637560582","0.057172921781830865","0.6561085972850679","-0.0402449693788276","0.30243902439024395","0.1843033509700176","-0.18833658438151613"
"biweekly1y_near_weekA_monthA","BIWEEKLY","NEAR_ENTERED","4a2eca50-9d21-4e17-b604-5b57aa1beea1","stage:weekA x stage:monthA","{""stage:weekA"":""S2"",""stage:monthA"":""S2""}","133","89","20","133","0","false","-0.0028032865453247787","0.0025188916876575096","0.5112781954887218","-0.044690446904468994","0.03992740471869327","0.05103857566765568","-0.043055555555555514"
"biweekly1y_near_weekA_monthA","BIWEEKLY","NEAR_ENTERED","4a2eca50-9d21-4e17-b604-5b57aa1beea1","stage:weekA x stage:monthA","{""stage:weekA"":""S2"",""stage:monthA"":""S2""}","133","89","60","133","0","false","-0.00914296105888611","-0.002849002849002802","0.49624060150375937","-0.08475426278836506","0.07104755419362174","0.07669760625305333","-0.12096138691883374"
"biweekly1y_near_weekA_monthA","BIWEEKLY","NEAR_ENTERED","4a2eca50-9d21-4e17-b604-5b57aa1beea1","stage:weekA x stage:monthA","{""stage:weekA"":""S2"",""stage:monthA"":""S2""}","133","89","120","133","0","false","0.04372815578847061","0.021189055749845753","0.5413533834586466","-0.07961783439490444","0.10977894342450356","0.11228813559322037","-0.18701044386422971"
"biweekly1y_near_weekA_monthA","BIWEEKLY","NEAR_ENTERED","4a2eca50-9d21-4e17-b604-5b57aa1beea1","stage:weekA x stage:monthA","{""stage:weekA"":""S2"",""stage:monthA"":""S2""}","133","89","245","133","0","false","0.2105874916325867","0.033729398236872266","0.6165413533834586","-0.04429390307451797","0.31029692654974816","0.1714992927864214","-0.2003518029903254"
"biweekly1y_near_weekA_monthA","BIWEEKLY","NEAR_ENTERED","4a2eca50-9d21-4e17-b604-5b57aa1beea1","stage:weekA x stage:monthA","{""stage:weekA"":""S2"",""stage:monthA"":""S3""}","2","2","20","2","0","true","0.003029428208460694","0.003029428208460694","0.5","-0.011976751759223442","0.01803560817614483","0.07095473731661339","-0.09593036870514127"
"biweekly1y_near_weekA_monthA","BIWEEKLY","NEAR_ENTERED","4a2eca50-9d21-4e17-b604-5b57aa1beea1","stage:weekA x stage:monthA","{""stage:weekA"":""S2"",""stage:monthA"":""S3""}","2","2","60","2","0","true","-0.04584884728418043","-0.04584884728418043","0.5","-0.0889384798669898","-0.0027592147013710544","0.07095473731661339","-0.20411309962883606"
"biweekly1y_near_weekA_monthA","BIWEEKLY","NEAR_ENTERED","4a2eca50-9d21-4e17-b604-5b57aa1beea1","stage:weekA x stage:monthA","{""stage:weekA"":""S2"",""stage:monthA"":""S3""}","2","2","120","2","0","true","0.12062682215743448","0.12062682215743448","1","0.10198007774538398","0.13927356656948497","0.139284726369033","-0.20411309962883606"
"biweekly1y_near_weekA_monthA","BIWEEKLY","NEAR_ENTERED","4a2eca50-9d21-4e17-b604-5b57aa1beea1","stage:weekA x stage:monthA","{""stage:weekA"":""S2"",""stage:monthA"":""S3""}","2","2","245","2","0","true","0.5532884087369888","0.5532884087369888","1","0.4467122315793787","0.6598645858945988","0.7025864024611567","-0.20411309962883606"
"biweekly1y_near_weekA_monthA","BIWEEKLY","NEAR_ENTERED","4a2eca50-9d21-4e17-b604-5b57aa1beea1","stage:weekA x stage:monthA","{""stage:weekA"":""S2"",""stage:monthA"":""S4""}","0","0","20","0","0","true","","","","","","",""
"biweekly1y_near_weekA_monthA","BIWEEKLY","NEAR_ENTERED","4a2eca50-9d21-4e17-b604-5b57aa1beea1","stage:weekA x stage:monthA","{""stage:weekA"":""S2"",""stage:monthA"":""S4""}","0","0","60","0","0","true","","","","","","",""
"biweekly1y_near_weekA_monthA","BIWEEKLY","NEAR_ENTERED","4a2eca50-9d21-4e17-b604-5b57aa1beea1","stage:weekA x stage:monthA","{""stage:weekA"":""S2"",""stage:monthA"":""S4""}","0","0","120","0","0","true","","","","","","",""
"biweekly1y_near_weekA_monthA","BIWEEKLY","NEAR_ENTERED","4a2eca50-9d21-4e17-b604-5b57aa1beea1","stage:weekA x stage:monthA","{""stage:weekA"":""S2"",""stage:monthA"":""S4""}","0","0","245","0","0","true","","","","","","",""
"biweekly1y_near_weekA_monthA","BIWEEKLY","NEAR_ENTERED","4a2eca50-9d21-4e17-b604-5b57aa1beea1","stage:weekA x stage:monthA","{""stage:weekA"":""S2"",""stage:monthA"":""S5""}","4","3","20","4","0","true","0.11260458884024016","0.11797772006560958","1","0.07290511642642167","0.15767719247942807","0.15409148897393843","-0.012035633979433247"
"biweekly1y_near_weekA_monthA","BIWEEKLY","NEAR_ENTERED","4a2eca50-9d21-4e17-b604-5b57aa1beea1","stage:weekA x stage:monthA","{""stage:weekA"":""S2"",""stage:monthA"":""S5""}","4","3","60","4","0","true","0.049665083043414715","-0.014071450105517025","0.5","-0.0557306791981273","0.09132431213602499","0.2045197740112994","-0.10223876656634462"
"biweekly1y_near_weekA_monthA","BIWEEKLY","NEAR_ENTERED","4a2eca50-9d21-4e17-b604-5b57aa1beea1","stage:weekA x stage:monthA","{""stage:weekA"":""S2"",""stage:monthA"":""S5""}","4","3","120","4","0","true","0.12875901427404915","0.06012285055529154","0.75","0.019468834790473316","0.16941303003886737","0.2045197740112994","-0.10223876656634462"
"biweekly1y_near_weekA_monthA","BIWEEKLY","NEAR_ENTERED","4a2eca50-9d21-4e17-b604-5b57aa1beea1","stage:weekA x stage:monthA","{""stage:weekA"":""S2"",""stage:monthA"":""S5""}","4","3","245","4","0","true","0.03158075409933403","-0.03008254571695096","0.25","-0.0519437989794059","0.053442007361788973","0.2045197740112994","-0.253946828868234"
"biweekly1y_near_weekA_monthA","BIWEEKLY","NEAR_ENTERED","4a2eca50-9d21-4e17-b604-5b57aa1beea1","stage:weekA x stage:monthA","{""stage:weekA"":""S2"",""stage:monthA"":""S6""}","7","4","20","7","0","true","0.05050060475130737","0.049984281672430075","0.8571428571428571","0.033292569664065574","0.08913633638726648","0.0974710221285564","-0.036152153410877075"
"biweekly1y_near_weekA_monthA","BIWEEKLY","NEAR_ENTERED","4a2eca50-9d21-4e17-b604-5b57aa1beea1","stage:weekA x stage:monthA","{""stage:weekA"":""S2"",""stage:monthA"":""S6""}","7","4","60","7","0","true","0.0008556050485795584","0.02827537759044607","0.5714285714285714","-0.04207916447252941","0.06498331305837413","0.12417478780257785","-0.224952741020794"
"biweekly1y_near_weekA_monthA","BIWEEKLY","NEAR_ENTERED","4a2eca50-9d21-4e17-b604-5b57aa1beea1","stage:weekA x stage:monthA","{""stage:weekA"":""S2"",""stage:monthA"":""S6""}","7","4","120","7","0","true","0.23203794055564494","0.2657182999648753","1","0.17627237648122862","0.3108467484994757","0.3056080655324511","-0.224952741020794"
"biweekly1y_near_weekA_monthA","BIWEEKLY","NEAR_ENTERED","4a2eca50-9d21-4e17-b604-5b57aa1beea1","stage:weekA x stage:monthA","{""stage:weekA"":""S2"",""stage:monthA"":""S6""}","7","4","245","7","0","true","0.7941866361932312","0.8924866394215656","0.8571428571428571","0.7264996953875523","1.0620701919742492","1.0315955766192735","-0.22665828355862938"
"biweekly1y_near_weekA_monthA","BIWEEKLY","NEAR_ENTERED","4a2eca50-9d21-4e17-b604-5b57aa1beea1","stage:weekA x stage:monthA","{""stage:weekA"":""S2"",""stage:monthA"":""UNKNOWN""}","0","0","20","0","0","true","","","","","","",""
"biweekly1y_near_weekA_monthA","BIWEEKLY","NEAR_ENTERED","4a2eca50-9d21-4e17-b604-5b57aa1beea1","stage:weekA x stage:monthA","{""stage:weekA"":""S2"",""stage:monthA"":""UNKNOWN""}","0","0","60","0","0","true","","","","","","",""
"biweekly1y_near_weekA_monthA","BIWEEKLY","NEAR_ENTERED","4a2eca50-9d21-4e17-b604-5b57aa1beea1","stage:weekA x stage:monthA","{""stage:weekA"":""S2"",""stage:monthA"":""UNKNOWN""}","0","0","120","0","0","true","","","","","","",""
"biweekly1y_near_weekA_monthA","BIWEEKLY","NEAR_ENTERED","4a2eca50-9d21-4e17-b604-5b57aa1beea1","stage:weekA x stage:monthA","{""stage:weekA"":""S2"",""stage:monthA"":""UNKNOWN""}","0","0","245","0","0","true","","","","","","",""
"biweekly1y_near_weekA_monthA","BIWEEKLY","NEAR_ENTERED","4a2eca50-9d21-4e17-b604-5b57aa1beea1","stage:weekA x stage:monthA","{""stage:weekA"":""S3"",""stage:monthA"":""S1""}","148","89","20","148","0","false","0.0008572956897227246","0.0050827442593162075","0.5202702702702703","-0.033742157832795355","0.04057244460183773","0.05074107987085508","-0.039629747813616056"
"biweekly1y_near_weekA_monthA","BIWEEKLY","NEAR_ENTERED","4a2eca50-9d21-4e17-b604-5b57aa1beea1","stage:weekA x stage:monthA","{""stage:weekA"":""S3"",""stage:monthA"":""S1""}","148","89","60","148","0","false","0.00541378844940957","-0.00996207575223701","0.4391891891891892","-0.07420048923010883","0.07026526298892394","0.0834009586855371","-0.09162840817135398"
"biweekly1y_near_weekA_monthA","BIWEEKLY","NEAR_ENTERED","4a2eca50-9d21-4e17-b604-5b57aa1beea1","stage:weekA x stage:monthA","{""stage:weekA"":""S3"",""stage:monthA"":""S1""}","148","89","120","147","1","false","0.055116184951328126","0.02066115702479343","0.5578231292517006","-0.06751129673076828","0.1481381700136608","0.10400000000000009","-0.10858271749469528"
"biweekly1y_near_weekA_monthA","BIWEEKLY","NEAR_ENTERED","4a2eca50-9d21-4e17-b604-5b57aa1beea1","stage:weekA x stage:monthA","{""stage:weekA"":""S3"",""stage:monthA"":""S1""}","148","89","245","147","1","false","0.2572145042427011","0.1627463445645263","0.8095238095238095","0.018538474864881582","0.42685243876800183","0.2599366865986634","-0.15748031496062997"
"biweekly1y_near_weekA_monthA","BIWEEKLY","NEAR_ENTERED","4a2eca50-9d21-4e17-b604-5b57aa1beea1","stage:weekA x stage:monthA","{""stage:weekA"":""S3"",""stage:monthA"":""S2""}","410","223","20","410","0","false","0.003682821403954417","0.006756437853908448","0.5414634146341464","-0.033703704200742396","0.05004973003694224","0.05427303574889886","-0.038040936860919805"
"biweekly1y_near_weekA_monthA","BIWEEKLY","NEAR_ENTERED","4a2eca50-9d21-4e17-b604-5b57aa1beea1","stage:weekA x stage:monthA","{""stage:weekA"":""S3"",""stage:monthA"":""S2""}","410","223","60","410","0","false","-0.0054932635596672596","-0.017048904073043436","0.44146341463414634","-0.08654118445623865","0.0682535481499828","0.08649590770071236","-0.10519409778467292"
"biweekly1y_near_weekA_monthA","BIWEEKLY","NEAR_ENTERED","4a2eca50-9d21-4e17-b604-5b57aa1beea1","stage:weekA x stage:monthA","{""stage:weekA"":""S3"",""stage:monthA"":""S2""}","410","223","120","408","2","false","0.03201546263980167","0.016749903373040942","0.5588235294117647","-0.09089937207355589","0.09871394210628753","0.11226636832099968","-0.14342475426024298"
"biweekly1y_near_weekA_monthA","BIWEEKLY","NEAR_ENTERED","4a2eca50-9d21-4e17-b604-5b57aa1beea1","stage:weekA x stage:monthA","{""stage:weekA"":""S3"",""stage:monthA"":""S2""}","410","223","245","408","2","false","0.1879640365354893","0.11243617240811898","0.7009803921568627","-0.029304185977556213","0.28934714560218194","0.2058275462962963","-0.17726153119411547"
"biweekly1y_near_weekA_monthA","BIWEEKLY","NEAR_ENTERED","4a2eca50-9d21-4e17-b604-5b57aa1beea1","stage:weekA x stage:monthA","{""stage:weekA"":""S3"",""stage:monthA"":""S3""}","28","18","20","28","0","true","-0.005109339571772191","-0.00890518596123624","0.4642857142857143","-0.05660086453523386","0.05652971016359021","0.04736958724220752","-0.049638455739525356"
"biweekly1y_near_weekA_monthA","BIWEEKLY","NEAR_ENTERED","4a2eca50-9d21-4e17-b604-5b57aa1beea1","stage:weekA x stage:monthA","{""stage:weekA"":""S3"",""stage:monthA"":""S3""}","28","18","60","28","0","true","0.012176491327974905","0.0024871854341412813","0.5","-0.07044754964366398","0.026350554680574623","0.06518848365101182","-0.08316759564020759"
"biweekly1y_near_weekA_monthA","BIWEEKLY","NEAR_ENTERED","4a2eca50-9d21-4e17-b604-5b57aa1beea1","stage:weekA x stage:monthA","{""stage:weekA"":""S3"",""stage:monthA"":""S3""}","28","18","120","28","0","true","0.06336550442219804","0.06465150204400116","0.6428571428571429","-0.042422971263424814","0.13195246742728095","0.13359040529856647","-0.16347497399281258"
"biweekly1y_near_weekA_monthA","BIWEEKLY","NEAR_ENTERED","4a2eca50-9d21-4e17-b604-5b57aa1beea1","stage:weekA x stage:monthA","{""stage:weekA"":""S3"",""stage:monthA"":""S3""}","28","18","245","28","0","true","0.16664290668660056","0.14671749475988327","0.8928571428571429","0.09959285901369452","0.27710277781674286","0.30464834397613916","-0.17687822469395964"
"biweekly1y_near_weekA_monthA","BIWEEKLY","NEAR_ENTERED","4a2eca50-9d21-4e17-b604-5b57aa1beea1","stage:weekA x stage:monthA","{""stage:weekA"":""S3"",""stage:monthA"":""S4""}","1","1","20","1","0","true","-0.004780114722753304","-0.004780114722753304","0","-0.004780114722753304","-0.004780114722753304","0.012906309751434142","-0.050764818355640506"
"biweekly1y_near_weekA_monthA","BIWEEKLY","NEAR_ENTERED","4a2eca50-9d21-4e17-b604-5b57aa1beea1","stage:weekA x stage:monthA","{""stage:weekA"":""S3"",""stage:monthA"":""S4""}","1","1","60","1","0","true","0.08891013384321234","0.08891013384321234","1","0.08891013384321234","0.08891013384321234","0.09369024856596564","-0.050764818355640506"
"biweekly1y_near_weekA_monthA","BIWEEKLY","NEAR_ENTERED","4a2eca50-9d21-4e17-b604-5b57aa1beea1","stage:weekA x stage:monthA","{""stage:weekA"":""S3"",""stage:monthA"":""S4""}","1","1","120","1","0","true","-0.15267686424474192","-0.15267686424474192","0","-0.15267686424474192","-0.15267686424474192","0.1381453154875718","-0.23604206500956015"
"biweekly1y_near_weekA_monthA","BIWEEKLY","NEAR_ENTERED","4a2eca50-9d21-4e17-b604-5b57aa1beea1","stage:weekA x stage:monthA","{""stage:weekA"":""S3"",""stage:monthA"":""S4""}","1","1","245","1","0","true","0.12332695984703634","0.12332695984703634","1","0.12332695984703634","0.12332695984703634","0.1381453154875718","-0.23604206500956015"
"biweekly1y_near_weekA_monthA","BIWEEKLY","NEAR_ENTERED","4a2eca50-9d21-4e17-b604-5b57aa1beea1","stage:weekA x stage:monthA","{""stage:weekA"":""S3"",""stage:monthA"":""S5""}","1","1","20","1","0","true","-0.049004594180704464","-0.049004594180704464","0","-0.049004594180704464","-0.049004594180704464","0.013782542113323082","-0.06738131699846861"
"biweekly1y_near_weekA_monthA","BIWEEKLY","NEAR_ENTERED","4a2eca50-9d21-4e17-b604-5b57aa1beea1","stage:weekA x stage:monthA","{""stage:weekA"":""S3"",""stage:monthA"":""S5""}","1","1","60","1","0","true","-0.14701378254211328","-0.14701378254211328","0","-0.14701378254211328","-0.14701378254211328","0.013782542113323082","-0.16569678407350685"
"biweekly1y_near_weekA_monthA","BIWEEKLY","NEAR_ENTERED","4a2eca50-9d21-4e17-b604-5b57aa1beea1","stage:weekA x stage:monthA","{""stage:weekA"":""S3"",""stage:monthA"":""S5""}","1","1","120","1","0","true","-0.04287901990811638","-0.04287901990811638","0","-0.04287901990811638","-0.04287901990811638","0.013782542113323082","-0.1788667687595712"
"biweekly1y_near_weekA_monthA","BIWEEKLY","NEAR_ENTERED","4a2eca50-9d21-4e17-b604-5b57aa1beea1","stage:weekA x stage:monthA","{""stage:weekA"":""S3"",""stage:monthA"":""S5""}","1","1","245","1","0","true","0.07810107197549776","0.07810107197549776","1","0.07810107197549776","0.07810107197549776","0.11485451761102605","-0.1788667687595712"
"biweekly1y_near_weekA_monthA","BIWEEKLY","NEAR_ENTERED","4a2eca50-9d21-4e17-b604-5b57aa1beea1","stage:weekA x stage:monthA","{""stage:weekA"":""S3"",""stage:monthA"":""S6""}","3","3","20","3","0","true","0.03242099696125925","0.035308953341740335","0.6666666666666666","0.01325366421318569","0.05303230789957336","0.08385876418663307","-0.03858764186633046"
"biweekly1y_near_weekA_monthA","BIWEEKLY","NEAR_ENTERED","4a2eca50-9d21-4e17-b604-5b57aa1beea1","stage:weekA x stage:monthA","{""stage:weekA"":""S3"",""stage:monthA"":""S6""}","3","3","60","3","0","true","0.01529294020184587","0.027059530968129852","0.6666666666666666","-0.05525964182993259","0.09172881761676632","0.14231308879534987","-0.05484089370345291"
"biweekly1y_near_weekA_monthA","BIWEEKLY","NEAR_ENTERED","4a2eca50-9d21-4e17-b604-5b57aa1beea1","stage:weekA x stage:monthA","{""stage:weekA"":""S3"",""stage:monthA"":""S6""}","3","3","120","3","0","true","0.12633541979422622","0.05132408575031522","1","0.04630746279899001","0.1688577097675069","0.14231308879534987","-0.1308879534976949"
"biweekly1y_near_weekA_monthA","BIWEEKLY","NEAR_ENTERED","4a2eca50-9d21-4e17-b604-5b57aa1beea1","stage:weekA x stage:monthA","{""stage:weekA"":""S3"",""stage:monthA"":""S6""}","3","3","245","3","0","true","0.4517196541024224","0.6885578876100202","0.6666666666666666","0.2951709061221077","0.7266875188365359","0.8953341740226985","-0.13950691521346958"
"biweekly1y_near_weekA_monthA","BIWEEKLY","NEAR_ENTERED","4a2eca50-9d21-4e17-b604-5b57aa1beea1","stage:weekA x stage:monthA","{""stage:weekA"":""S3"",""stage:monthA"":""UNKNOWN""}","1","1","20","1","0","true","-0.20802238805970152","-0.20802238805970152","0","-0.20802238805970152","-0.20802238805970152","0.02332089552238803","-0.3050373134328358"
"biweekly1y_near_weekA_monthA","BIWEEKLY","NEAR_ENTERED","4a2eca50-9d21-4e17-b604-5b57aa1beea1","stage:weekA x stage:monthA","{""stage:weekA"":""S3"",""stage:monthA"":""UNKNOWN""}","1","1","60","1","0","true","0.19029850746268662","0.19029850746268662","1","0.19029850746268662","0.19029850746268662","0.24160447761194037","-0.3050373134328358"
"biweekly1y_near_weekA_monthA","BIWEEKLY","NEAR_ENTERED","4a2eca50-9d21-4e17-b604-5b57aa1beea1","stage:weekA x stage:monthA","{""stage:weekA"":""S3"",""stage:monthA"":""UNKNOWN""}","1","1","120","1","0","true","0.20522388059701502","0.20522388059701502","1","0.20522388059701502","0.20522388059701502","0.5466417910447761","-0.3050373134328358"
"biweekly1y_near_weekA_monthA","BIWEEKLY","NEAR_ENTERED","4a2eca50-9d21-4e17-b604-5b57aa1beea1","stage:weekA x stage:monthA","{""stage:weekA"":""S3"",""stage:monthA"":""UNKNOWN""}","1","1","245","1","0","true","-0.2290111940298507","-0.2290111940298507","0","-0.2290111940298507","-0.2290111940298507","0.5466417910447761","-0.3050373134328358"
"biweekly1y_near_weekA_monthA","BIWEEKLY","NEAR_ENTERED","4a2eca50-9d21-4e17-b604-5b57aa1beea1","stage:weekA x stage:monthA","{""stage:weekA"":""S4"",""stage:monthA"":""S1""}","59","33","20","59","0","false","0.007120238203457642","0.0072202166064982976","0.5084745762711864","-0.025798739481387556","0.04001292026351655","0.04486215538847116","-0.03978846638126421"
"biweekly1y_near_weekA_monthA","BIWEEKLY","NEAR_ENTERED","4a2eca50-9d21-4e17-b604-5b57aa1beea1","stage:weekA x stage:monthA","{""stage:weekA"":""S4"",""stage:monthA"":""S1""}","59","33","60","59","0","false","0.031868193685783565","0.004069175991861629","0.5254237288135594","-0.030984841066886537","0.0875452239364577","0.07899022801302924","-0.0894576786619361"
"biweekly1y_near_weekA_monthA","BIWEEKLY","NEAR_ENTERED","4a2eca50-9d21-4e17-b604-5b57aa1beea1","stage:weekA x stage:monthA","{""stage:weekA"":""S4"",""stage:monthA"":""S1""}","59","33","120","59","0","false","0.08398586240100661","0.055581196017669976","0.7457627118644068","-0.0038799134656949397","0.13024880088306956","0.1706398996235885","-0.11556006082108461"
"biweekly1y_near_weekA_monthA","BIWEEKLY","NEAR_ENTERED","4a2eca50-9d21-4e17-b604-5b57aa1beea1","stage:weekA x stage:monthA","{""stage:weekA"":""S4"",""stage:monthA"":""S1""}","59","33","245","59","0","false","0.23436211778806626","0.2027756360832691","0.864406779661017","0.10372217971267961","0.36947529220103736","0.29961587708066584","-0.12531328320802004"
"biweekly1y_near_weekA_monthA","BIWEEKLY","NEAR_ENTERED","4a2eca50-9d21-4e17-b604-5b57aa1beea1","stage:weekA x stage:monthA","{""stage:weekA"":""S4"",""stage:monthA"":""S2""}","341","180","20","341","0","false","-0.015959837993034205","-0.008171603677221695","0.4398826979472141","-0.06594885598923284","0.036039768019884066","0.0474299817576993","-0.052563651296491765"
"biweekly1y_near_weekA_monthA","BIWEEKLY","NEAR_ENTERED","4a2eca50-9d21-4e17-b604-5b57aa1beea1","stage:weekA x stage:monthA","{""stage:weekA"":""S4"",""stage:monthA"":""S2""}","341","180","60","341","0","false","-0.012310363860315626","-0.014608233731739695","0.41935483870967744","-0.08896321070234114","0.04925496688741715","0.07336139506915207","-0.1280566280566281"
"biweekly1y_near_weekA_monthA","BIWEEKLY","NEAR_ENTERED","4a2eca50-9d21-4e17-b604-5b57aa1beea1","stage:weekA x stage:monthA","{""stage:weekA"":""S4"",""stage:monthA"":""S2""}","341","180","120","338","3","false","0.015040332074700761","-0.006045481106349837","0.47633136094674555","-0.08326433041342032","0.08504075157598956","0.10502428426454447","-0.1596640234293158"
"biweekly1y_near_weekA_monthA","BIWEEKLY","NEAR_ENTERED","4a2eca50-9d21-4e17-b604-5b57aa1beea1","stage:weekA x stage:monthA","{""stage:weekA"":""S4"",""stage:monthA"":""S2""}","341","180","245","338","3","false","0.20503408581007473","0.13301375141312766","0.7337278106508875","-0.00938787386574122","0.3473648555824529","0.20948018326902085","-0.1839084787418631"
"biweekly1y_near_weekA_monthA","BIWEEKLY","NEAR_ENTERED","4a2eca50-9d21-4e17-b604-5b57aa1beea1","stage:weekA x stage:monthA","{""stage:weekA"":""S4"",""stage:monthA"":""S3""}","111","63","20","111","0","false","-0.010954460850618544","-0.017716535433070835","0.3963963963963964","-0.05735984598554361","0.031204541668980124","0.03676470588235303","-0.06206896551724139"
"biweekly1y_near_weekA_monthA","BIWEEKLY","NEAR_ENTERED","4a2eca50-9d21-4e17-b604-5b57aa1beea1","stage:weekA x stage:monthA","{""stage:weekA"":""S4"",""stage:monthA"":""S3""}","111","63","60","111","0","false","0.016590745145563118","-0.0073475385745774835","0.4774774774774775","-0.06531739229737704","0.05837353438721349","0.06743185078909608","-0.09071351738974542"
"biweekly1y_near_weekA_monthA","BIWEEKLY","NEAR_ENTERED","4a2eca50-9d21-4e17-b604-5b57aa1beea1","stage:weekA x stage:monthA","{""stage:weekA"":""S4"",""stage:monthA"":""S3""}","111","63","120","111","0","false","0.0033603004390007586","-0.0014419610670511895","0.4954954954954955","-0.09000888341684266","0.0739142801105025","0.10768012668250204","-0.1633415233415234"
"biweekly1y_near_weekA_monthA","BIWEEKLY","NEAR_ENTERED","4a2eca50-9d21-4e17-b604-5b57aa1beea1","stage:weekA x stage:monthA","{""stage:weekA"":""S4"",""stage:monthA"":""S3""}","111","63","245","111","0","false","0.29385720954712374","0.21078214759169245","0.8558558558558559","0.0797716231689648","0.3454897094642735","0.3287469287469287","-0.18261419981010651"
"biweekly1y_near_weekA_monthA","BIWEEKLY","NEAR_ENTERED","4a2eca50-9d21-4e17-b604-5b57aa1beea1","stage:weekA x stage:monthA","{""stage:weekA"":""S4"",""stage:monthA"":""S4""}","9","8","20","9","0","true","0.010154400464313361","-0.021983640081799538","0.3333333333333333","-0.03910614525139666","0.03578947368421059","0.03910614525139655","-0.05586592178770955"
"biweekly1y_near_weekA_monthA","BIWEEKLY","NEAR_ENTERED","4a2eca50-9d21-4e17-b604-5b57aa1beea1","stage:weekA x stage:monthA","{""stage:weekA"":""S4"",""stage:monthA"":""S4""}","9","8","60","9","0","true","0.056640317130596016","0.04894736842105263","0.7777777777777778","0.014040561622464809","0.11357340720221609","0.12569832402234637","-0.06708049659591508"
"biweekly1y_near_weekA_monthA","BIWEEKLY","NEAR_ENTERED","4a2eca50-9d21-4e17-b604-5b57aa1beea1","stage:weekA x stage:monthA","{""stage:weekA"":""S4"",""stage:monthA"":""S4""}","9","8","120","9","0","true","0.17194847303770935","0.1653666146645867","0.7777777777777778","0.007208650380456483","0.3545706371191135","0.25282296650717706","-0.1357340720221607"
"biweekly1y_near_weekA_monthA","BIWEEKLY","NEAR_ENTERED","4a2eca50-9d21-4e17-b604-5b57aa1beea1","stage:weekA x stage:monthA","{""stage:weekA"":""S4"",""stage:monthA"":""S4""}","9","8","245","9","0","true","0.3789811924159012","0.1955307262569832","1","0.1855828220858895","0.6047619047619048","0.5502793296089385","-0.1357340720221607"
"biweekly1y_near_weekA_monthA","BIWEEKLY","NEAR_ENTERED","4a2eca50-9d21-4e17-b604-5b57aa1beea1","stage:weekA x stage:monthA","{""stage:weekA"":""S4"",""stage:monthA"":""S5""}","4","3","20","4","0","true","-0.05065223564792454","-0.04452836741292032","0.5","-0.11065060418508693","0.015470001124242072","0.05596134824621468","-0.08502034648049178"
"biweekly1y_near_weekA_monthA","BIWEEKLY","NEAR_ENTERED","4a2eca50-9d21-4e17-b604-5b57aa1beea1","stage:weekA x stage:monthA","{""stage:weekA"":""S4"",""stage:monthA"":""S5""}","4","3","60","4","0","true","-0.0049711803028709145","0.007478759288848336","0.5","-0.018364279398762173","0.020871858384739594","0.0709186132034797","-0.1157453685848242"
"biweekly1y_near_weekA_monthA","BIWEEKLY","NEAR_ENTERED","4a2eca50-9d21-4e17-b604-5b57aa1beea1","stage:weekA x stage:monthA","{""stage:weekA"":""S4"",""stage:monthA"":""S5""}","4","3","120","4","0","true","-0.053798047698984885","-0.11117290434569854","0.25","-0.12240257695849632","-0.042568375086187105","0.09002660881113056","-0.20442375251543365"
"biweekly1y_near_weekA_monthA","BIWEEKLY","NEAR_ENTERED","4a2eca50-9d21-4e17-b604-5b57aa1beea1","stage:weekA x stage:monthA","{""stage:weekA"":""S4"",""stage:monthA"":""S5""}","4","3","245","4","0","true","0.04941095677281032","-0.04682205933973155","0.25","-0.08881678197650777","0.09140567940958655","0.09002660881113056","-0.21061296560119847"
"biweekly1y_near_weekA_monthA","BIWEEKLY","NEAR_ENTERED","4a2eca50-9d21-4e17-b604-5b57aa1beea1","stage:weekA x stage:monthA","{""stage:weekA"":""S4"",""stage:monthA"":""S6""}","2","1","20","2","0","true","-0.02277339247184701","-0.02277339247184701","0","-0.033820414794727055","-0.011726370148966964","0.0485899953447817","-0.04553200647297018"
"biweekly1y_near_weekA_monthA","BIWEEKLY","NEAR_ENTERED","4a2eca50-9d21-4e17-b604-5b57aa1beea1","stage:weekA x stage:monthA","{""stage:weekA"":""S4"",""stage:monthA"":""S6""}","2","1","60","2","0","true","0.21202949043832953","0.21202949043832953","1","0.21063431043655612","0.21342467044010294","0.21984383774716987","-0.051308079389944694"
"biweekly1y_near_weekA_monthA","BIWEEKLY","NEAR_ENTERED","4a2eca50-9d21-4e17-b604-5b57aa1beea1","stage:weekA x stage:monthA","{""stage:weekA"":""S4"",""stage:monthA"":""S6""}","2","1","120","2","0","true","0.2684317548695061","0.2684317548695061","1","0.2657590453477374","0.2711044643912748","0.2810059243194515","-0.051308079389944694"
"biweekly1y_near_weekA_monthA","BIWEEKLY","NEAR_ENTERED","4a2eca50-9d21-4e17-b604-5b57aa1beea1","stage:weekA x stage:monthA","{""stage:weekA"":""S4"",""stage:monthA"":""S6""}","2","1","245","2","0","true","0.6873953961369078","0.6873953961369078","1","0.6850699806771495","0.689720811596666","0.9857290773800726","-0.051308079389944694"
"biweekly1y_near_weekA_monthA","BIWEEKLY","NEAR_ENTERED","4a2eca50-9d21-4e17-b604-5b57aa1beea1","stage:weekA x stage:monthA","{""stage:weekA"":""S4"",""stage:monthA"":""UNKNOWN""}","0","0","20","0","0","true","","","","","","",""
"biweekly1y_near_weekA_monthA","BIWEEKLY","NEAR_ENTERED","4a2eca50-9d21-4e17-b604-5b57aa1beea1","stage:weekA x stage:monthA","{""stage:weekA"":""S4"",""stage:monthA"":""UNKNOWN""}","0","0","60","0","0","true","","","","","","",""
"biweekly1y_near_weekA_monthA","BIWEEKLY","NEAR_ENTERED","4a2eca50-9d21-4e17-b604-5b57aa1beea1","stage:weekA x stage:monthA","{""stage:weekA"":""S4"",""stage:monthA"":""UNKNOWN""}","0","0","120","0","0","true","","","","","","",""
"biweekly1y_near_weekA_monthA","BIWEEKLY","NEAR_ENTERED","4a2eca50-9d21-4e17-b604-5b57aa1beea1","stage:weekA x stage:monthA","{""stage:weekA"":""S4"",""stage:monthA"":""UNKNOWN""}","0","0","245","0","0","true","","","","","","",""
"biweekly1y_near_weekA_monthA","BIWEEKLY","NEAR_ENTERED","4a2eca50-9d21-4e17-b604-5b57aa1beea1","stage:weekA x stage:monthA","{""stage:weekA"":""S5"",""stage:monthA"":""S1""}","21","17","20","21","0","true","-0.01362703072965845","-0.026046511627906943","0.42857142857142855","-0.04693890391996469","0.020804438280166426","0.03884892086330938","-0.07972270363951472"
"biweekly1y_near_weekA_monthA","BIWEEKLY","NEAR_ENTERED","4a2eca50-9d21-4e17-b604-5b57aa1beea1","stage:weekA x stage:monthA","{""stage:weekA"":""S5"",""stage:monthA"":""S1""}","21","17","60","20","1","true","0.00011600359702507168","-0.006464572108758337","0.5","-0.07270220191336721","0.06903699949315772","0.07664568203093758","-0.12699553001277142"
"biweekly1y_near_weekA_monthA","BIWEEKLY","NEAR_ENTERED","4a2eca50-9d21-4e17-b604-5b57aa1beea1","stage:weekA x stage:monthA","{""stage:weekA"":""S5"",""stage:monthA"":""S1""}","21","17","120","20","1","true","0.05801289717074232","0.015336656455781306","0.5","-0.07593879279989957","0.09055293041943224","0.09994188205917631","-0.1316521443057263"
"biweekly1y_near_weekA_monthA","BIWEEKLY","NEAR_ENTERED","4a2eca50-9d21-4e17-b604-5b57aa1beea1","stage:weekA x stage:monthA","{""stage:weekA"":""S5"",""stage:monthA"":""S1""}","21","17","245","20","1","true","0.157860134801938","0.028565269436779728","0.6","-0.011946871517685642","0.13328765466929982","0.13073300520136588","-0.13540737263471425"
"biweekly1y_near_weekA_monthA","BIWEEKLY","NEAR_ENTERED","4a2eca50-9d21-4e17-b604-5b57aa1beea1","stage:weekA x stage:monthA","{""stage:weekA"":""S5"",""stage:monthA"":""S2""}","98","65","20","98","0","false","0.03189298860504333","0.014859648063267228","0.5408163265306123","-0.04736637922467088","0.058146804019119924","0.05343927893738143","-0.05871384665625923"
"biweekly1y_near_weekA_monthA","BIWEEKLY","NEAR_ENTERED","4a2eca50-9d21-4e17-b604-5b57aa1beea1","stage:weekA x stage:monthA","{""stage:weekA"":""S5"",""stage:monthA"":""S2""}","98","65","60","98","0","false","0.03428068102115923","-0.003776892836507395","0.4897959183673469","-0.08889552367090423","0.08723353757081587","0.08157175398633265","-0.12242521656766914"
"biweekly1y_near_weekA_monthA","BIWEEKLY","NEAR_ENTERED","4a2eca50-9d21-4e17-b604-5b57aa1beea1","stage:weekA x stage:monthA","{""stage:weekA"":""S5"",""stage:monthA"":""S2""}","98","65","120","98","0","false","0.023684988898420863","-0.00842838447177613","0.46938775510204084","-0.06784507453858524","0.08519080099107451","0.09451970207092364","-0.16689928261858905"
"biweekly1y_near_weekA_monthA","BIWEEKLY","NEAR_ENTERED","4a2eca50-9d21-4e17-b604-5b57aa1beea1","stage:weekA x stage:monthA","{""stage:weekA"":""S5"",""stage:monthA"":""S2""}","98","65","245","98","0","false","0.23785116209796178","0.12618088214030276","0.7448979591836735","-0.00508005573893755","0.41305060329736104","0.24547806631327063","-0.17932719763547078"
"biweekly1y_near_weekA_monthA","BIWEEKLY","NEAR_ENTERED","4a2eca50-9d21-4e17-b604-5b57aa1beea1","stage:weekA x stage:monthA","{""stage:weekA"":""S5"",""stage:monthA"":""S3""}","41","26","20","41","0","false","-0.0004889607539518972","-0.008244023083264662","0.4634146341463415","-0.046391752577319534","0.03504043126684642","0.05723660226029881","-0.04185623293903551"
"biweekly1y_near_weekA_monthA","BIWEEKLY","NEAR_ENTERED","4a2eca50-9d21-4e17-b604-5b57aa1beea1","stage:weekA x stage:monthA","{""stage:weekA"":""S5"",""stage:monthA"":""S3""}","41","26","60","41","0","false","-0.008090302745431046","0.020129403306973437","0.5365853658536586","-0.07090909090909092","0.059230009871668265","0.07924203273040487","-0.08818181818181814"
"biweekly1y_near_weekA_monthA","BIWEEKLY","NEAR_ENTERED","4a2eca50-9d21-4e17-b604-5b57aa1beea1","stage:weekA x stage:monthA","{""stage:weekA"":""S5"",""stage:monthA"":""S3""}","41","26","120","41","0","false","-0.030269371253350528","-0.02789400278940024","0.4146341463414634","-0.09792418772563172","0.07206317867719636","0.1335282651072125","-0.16570486397361917"
"biweekly1y_near_weekA_monthA","BIWEEKLY","NEAR_ENTERED","4a2eca50-9d21-4e17-b604-5b57aa1beea1","stage:weekA x stage:monthA","{""stage:weekA"":""S5"",""stage:monthA"":""S3""}","41","26","245","41","0","false","0.2815128323474842","0.17714285714285705","0.8292682926829268","0.06936416184971095","0.3339805825242719","0.30912311780336577","-0.16570486397361917"
"biweekly1y_near_weekA_monthA","BIWEEKLY","NEAR_ENTERED","4a2eca50-9d21-4e17-b604-5b57aa1beea1","stage:weekA x stage:monthA","{""stage:weekA"":""S5"",""stage:monthA"":""S4""}","18","13","20","18","0","true","-0.02279015835268483","-0.02006039306741203","0.2222222222222222","-0.04577402989167689","-0.0032375864625539263","0.03654375927103204","-0.04952311828653799"
"biweekly1y_near_weekA_monthA","BIWEEKLY","NEAR_ENTERED","4a2eca50-9d21-4e17-b604-5b57aa1beea1","stage:weekA x stage:monthA","{""stage:weekA"":""S5"",""stage:monthA"":""S4""}","18","13","60","18","0","true","-0.003677288749698329","0.00923828730995968","0.6111111111111112","-0.06429878733188213","0.028043869510373576","0.05315135531548809","-0.07931470622053582"
"biweekly1y_near_weekA_monthA","BIWEEKLY","NEAR_ENTERED","4a2eca50-9d21-4e17-b604-5b57aa1beea1","stage:weekA x stage:monthA","{""stage:weekA"":""S5"",""stage:monthA"":""S4""}","18","13","120","18","0","true","0.012509011621717556","-0.015578839764886276","0.4444444444444444","-0.07753125910060216","0.05651882847084089","0.10234738053803916","-0.21635118264331749"
"biweekly1y_near_weekA_monthA","BIWEEKLY","NEAR_ENTERED","4a2eca50-9d21-4e17-b604-5b57aa1beea1","stage:weekA x stage:monthA","{""stage:weekA"":""S5"",""stage:monthA"":""S4""}","18","13","245","18","0","true","0.2925702980258367","0.15477246671544376","1","0.07058147406425408","0.479618122193445","0.2793119163443537","-0.21635118264331749"
"biweekly1y_near_weekA_monthA","BIWEEKLY","NEAR_ENTERED","4a2eca50-9d21-4e17-b604-5b57aa1beea1","stage:weekA x stage:monthA","{""stage:weekA"":""S5"",""stage:monthA"":""S5""}","3","2","20","3","0","true","0.06532908636636099","0.04692082111436946","1","0.03191175820451231","0.08954228190221392","0.08702603928734587","-0.00799451804476925"
"biweekly1y_near_weekA_monthA","BIWEEKLY","NEAR_ENTERED","4a2eca50-9d21-4e17-b604-5b57aa1beea1","stage:weekA x stage:monthA","{""stage:weekA"":""S5"",""stage:monthA"":""S5""}","3","2","60","3","0","true","0.04009671726524237","0.03625730994152043","1","0.028167003718786332","0.05010672714983744","0.08702603928734587","-0.011649154865235323"
"biweekly1y_near_weekA_monthA","BIWEEKLY","NEAR_ENTERED","4a2eca50-9d21-4e17-b604-5b57aa1beea1","stage:weekA x stage:monthA","{""stage:weekA"":""S5"",""stage:monthA"":""S5""}","3","2","120","3","0","true","-0.11630735134331216","-0.11420740063956147","0","-0.13177096853543607","-0.0997937587993129","0.08702603928734587","-0.2095646289194676"
"biweekly1y_near_weekA_monthA","BIWEEKLY","NEAR_ENTERED","4a2eca50-9d21-4e17-b604-5b57aa1beea1","stage:weekA x stage:monthA","{""stage:weekA"":""S5"",""stage:monthA"":""S5""}","3","2","245","3","0","true","0.2281403742734164","-0.04431247144814987","0.3333333333333333","-0.05486546198168829","0.374919787667738","0.08702603928734587","-0.2095646289194676"
"biweekly1y_near_weekA_monthA","BIWEEKLY","NEAR_ENTERED","4a2eca50-9d21-4e17-b604-5b57aa1beea1","stage:weekA x stage:monthA","{""stage:weekA"":""S5"",""stage:monthA"":""S6""}","7","3","20","7","0","true","-0.012284868649569522","-0.006680621743196946","0.14285714285714285","-0.026364476564168293","-0.0031962497336458506","0.045697202647875246","-0.03132324738972936"
"biweekly1y_near_weekA_monthA","BIWEEKLY","NEAR_ENTERED","4a2eca50-9d21-4e17-b604-5b57aa1beea1","stage:weekA x stage:monthA","{""stage:weekA"":""S5"",""stage:monthA"":""S6""}","7","3","60","7","0","true","-0.0030536696729047846","-0.0319383259911894","0.42857142857142855","-0.06330455717375061","0.06634406106359014","0.18239931813339005","-0.1315391459074733"
"biweekly1y_near_weekA_monthA","BIWEEKLY","NEAR_ENTERED","4a2eca50-9d21-4e17-b604-5b57aa1beea1","stage:weekA x stage:monthA","{""stage:weekA"":""S5"",""stage:monthA"":""S6""}","7","3","120","7","0","true","0.009722159938016395","0.04687832942680581","0.7142857142857143","-0.04030141975583573","0.08019046302071142","0.18239931813339005","-0.2222222222222222"
"biweekly1y_near_weekA_monthA","BIWEEKLY","NEAR_ENTERED","4a2eca50-9d21-4e17-b604-5b57aa1beea1","stage:weekA x stage:monthA","{""stage:weekA"":""S5"",""stage:monthA"":""S6""}","7","3","245","7","0","true","0.5390775524495337","0.5330396475770924","1","0.3062075592568867","0.7352772815913877","0.6311111111111112","-0.2222222222222222"
"biweekly1y_near_weekA_monthA","BIWEEKLY","NEAR_ENTERED","4a2eca50-9d21-4e17-b604-5b57aa1beea1","stage:weekA x stage:monthA","{""stage:weekA"":""S5"",""stage:monthA"":""UNKNOWN""}","1","1","20","1","0","true","0.008999999999999897","0.008999999999999897","1","0.008999999999999897","0.008999999999999897","0.03200000000000003","-0.17200000000000004"
"biweekly1y_near_weekA_monthA","BIWEEKLY","NEAR_ENTERED","4a2eca50-9d21-4e17-b604-5b57aa1beea1","stage:weekA x stage:monthA","{""stage:weekA"":""S5"",""stage:monthA"":""UNKNOWN""}","1","1","60","1","0","true","-0.028000000000000025","-0.028000000000000025","0","-0.028000000000000025","-0.028000000000000025","0.08400000000000007","-0.17200000000000004"
"biweekly1y_near_weekA_monthA","BIWEEKLY","NEAR_ENTERED","4a2eca50-9d21-4e17-b604-5b57aa1beea1","stage:weekA x stage:monthA","{""stage:weekA"":""S5"",""stage:monthA"":""UNKNOWN""}","1","1","120","1","0","true","0.17900000000000005","0.17900000000000005","1","0.17900000000000005","0.17900000000000005","0.19799999999999995","-0.17200000000000004"
"biweekly1y_near_weekA_monthA","BIWEEKLY","NEAR_ENTERED","4a2eca50-9d21-4e17-b604-5b57aa1beea1","stage:weekA x stage:monthA","{""stage:weekA"":""S5"",""stage:monthA"":""UNKNOWN""}","1","1","245","1","0","true","0.8740000000000001","0.8740000000000001","1","0.8740000000000001","0.8740000000000001","0.8740000000000001","-0.17200000000000004"
"biweekly1y_near_weekA_monthA","BIWEEKLY","NEAR_ENTERED","4a2eca50-9d21-4e17-b604-5b57aa1beea1","stage:weekA x stage:monthA","{""stage:weekA"":""S6"",""stage:monthA"":""S1""}","41","24","20","41","0","false","-0.001943948277709506","-0.0020161290322581182","0.4634146341463415","-0.05292479108635095","0.034380557202134066","0.04852332964408457","-0.05647058823529416"
"biweekly1y_near_weekA_monthA","BIWEEKLY","NEAR_ENTERED","4a2eca50-9d21-4e17-b604-5b57aa1beea1","stage:weekA x stage:monthA","{""stage:weekA"":""S6"",""stage:monthA"":""S1""}","41","24","60","41","0","false","0.005293287679334138","-0.01519081141163392","0.4634146341463415","-0.07807061163600204","0.07339064793457739","0.08370702541106123","-0.11764705882352944"
"biweekly1y_near_weekA_monthA","BIWEEKLY","NEAR_ENTERED","4a2eca50-9d21-4e17-b604-5b57aa1beea1","stage:weekA x stage:monthA","{""stage:weekA"":""S6"",""stage:monthA"":""S1""}","41","24","120","41","0","false","0.026363563804730795","-0.0013736263736263687","0.4878048780487805","-0.06876111440426791","0.16024152345564335","0.10219922380336355","-0.1332417582417582"
"biweekly1y_near_weekA_monthA","BIWEEKLY","NEAR_ENTERED","4a2eca50-9d21-4e17-b604-5b57aa1beea1","stage:weekA x stage:monthA","{""stage:weekA"":""S6"",""stage:monthA"":""S1""}","41","24","245","41","0","false","0.12025282005485977","0.08870967741935476","0.6585365853658537","-0.06015258215962438","0.15982456140350876","0.21115646258503395","-0.14909560723514215"
"biweekly1y_near_weekA_monthA","BIWEEKLY","NEAR_ENTERED","4a2eca50-9d21-4e17-b604-5b57aa1beea1","stage:weekA x stage:monthA","{""stage:weekA"":""S6"",""stage:monthA"":""S2""}","77","51","20","77","0","false","0.0252779578465231","0.016877637130801704","0.6233766233766234","-0.027075471698113196","0.07317073170731692","0.07403032092931694","-0.030639601685178097"
"biweekly1y_near_weekA_monthA","BIWEEKLY","NEAR_ENTERED","4a2eca50-9d21-4e17-b604-5b57aa1beea1","stage:weekA x stage:monthA","{""stage:weekA"":""S6"",""stage:monthA"":""S2""}","77","51","60","75","2","false","0.012275087582703419","-0.01828410689170179","0.4","-0.07470959188367676","0.08240352943742779","0.09350819672131139","-0.10630630630630633"
"biweekly1y_near_weekA_monthA","BIWEEKLY","NEAR_ENTERED","4a2eca50-9d21-4e17-b604-5b57aa1beea1","stage:weekA x stage:monthA","{""stage:weekA"":""S6"",""stage:monthA"":""S2""}","77","51","120","75","2","false","0.034671578299728695","-0.005363984674329525","0.48","-0.10646368329788675","0.16014344886684417","0.1006849315068492","-0.1699846860643185"
"biweekly1y_near_weekA_monthA","BIWEEKLY","NEAR_ENTERED","4a2eca50-9d21-4e17-b604-5b57aa1beea1","stage:weekA x stage:monthA","{""stage:weekA"":""S6"",""stage:monthA"":""S2""}","77","51","245","75","2","false","0.179304899462303","0.09985935302391002","0.68","-0.06386753538268691","0.2642146885827379","0.23873873873873874","-0.17700334711557386"
"biweekly1y_near_weekA_monthA","BIWEEKLY","NEAR_ENTERED","4a2eca50-9d21-4e17-b604-5b57aa1beea1","stage:weekA x stage:monthA","{""stage:weekA"":""S6"",""stage:monthA"":""S3""}","16","9","20","16","0","true","0.015335945858097576","-0.005580362361921054","0.4375","-0.03137455939313524","0.024187319528127416","0.06614593475428587","-0.04634763272896192"
"biweekly1y_near_weekA_monthA","BIWEEKLY","NEAR_ENTERED","4a2eca50-9d21-4e17-b604-5b57aa1beea1","stage:weekA x stage:monthA","{""stage:weekA"":""S6"",""stage:monthA"":""S3""}","16","9","60","16","0","true","0.01886026766181005","-0.022335584365379024","0.3125","-0.043281655442040906","0.03636847717714259","0.06614593475428587","-0.06760630556479175"
"biweekly1y_near_weekA_monthA","BIWEEKLY","NEAR_ENTERED","4a2eca50-9d21-4e17-b604-5b57aa1beea1","stage:weekA x stage:monthA","{""stage:weekA"":""S6"",""stage:monthA"":""S3""}","16","9","120","16","0","true","-0.008347031916048055","-0.01583706103971977","0.375","-0.11087506213119558","0.05015270201466049","0.0768748856630993","-0.1392485818875357"
"biweekly1y_near_weekA_monthA","BIWEEKLY","NEAR_ENTERED","4a2eca50-9d21-4e17-b604-5b57aa1beea1","stage:weekA x stage:monthA","{""stage:weekA"":""S6"",""stage:monthA"":""S3""}","16","9","245","16","0","true","0.12328645111601301","0.10624056318374342","0.75","-0.004097879023285483","0.18144196816127023","0.15165760914001636","-0.1542807906539258"
"biweekly1y_near_weekA_monthA","BIWEEKLY","NEAR_ENTERED","4a2eca50-9d21-4e17-b604-5b57aa1beea1","stage:weekA x stage:monthA","{""stage:weekA"":""S6"",""stage:monthA"":""S4""}","11","6","20","11","0","true","0.010079826642166133","0.019713261648745428","0.7272727272727273","-0.010324832543548101","0.04390614015361016","0.026881720430107503","-0.03414839797639124"
"biweekly1y_near_weekA_monthA","BIWEEKLY","NEAR_ENTERED","4a2eca50-9d21-4e17-b604-5b57aa1beea1","stage:weekA x stage:monthA","{""stage:weekA"":""S6"",""stage:monthA"":""S4""}","11","6","60","11","0","true","0.012841545782555504","0.010638297872340496","0.5454545454545454","-0.03904049391457737","0.06831627267594576","0.06335174953959477","-0.1360360360360361"
"biweekly1y_near_weekA_monthA","BIWEEKLY","NEAR_ENTERED","4a2eca50-9d21-4e17-b604-5b57aa1beea1","stage:weekA x stage:monthA","{""stage:weekA"":""S6"",""stage:monthA"":""S4""}","11","6","120","11","0","true","0.1143673203864824","0.05757242390905759","0.9090909090909091","0.04746652730078138","0.19840994704975734","0.09369369369369362","-0.14520547945205475"
"biweekly1y_near_weekA_monthA","BIWEEKLY","NEAR_ENTERED","4a2eca50-9d21-4e17-b604-5b57aa1beea1","stage:weekA x stage:monthA","{""stage:weekA"":""S6"",""stage:monthA"":""S4""}","11","6","245","11","0","true","0.20569561564066205","0.19346049046321534","1","0.10830661614689585","0.2524895863605541","0.3171171171171172","-0.14520547945205475"
"biweekly1y_near_weekA_monthA","BIWEEKLY","NEAR_ENTERED","4a2eca50-9d21-4e17-b604-5b57aa1beea1","stage:weekA x stage:monthA","{""stage:weekA"":""S6"",""stage:monthA"":""S5""}","17","11","20","17","0","true","-0.0023409207168657836","0.00042992261392948983","0.5294117647058824","-0.03782148260211804","0.023067065356685124","0.04614733276883998","-0.0403780068728522"
"biweekly1y_near_weekA_monthA","BIWEEKLY","NEAR_ENTERED","4a2eca50-9d21-4e17-b604-5b57aa1beea1","stage:weekA x stage:monthA","{""stage:weekA"":""S6"",""stage:monthA"":""S5""}","17","11","60","17","0","true","0.00880837575703853","0.010468594217347915","0.5294117647058824","-0.037273173124080405","0.050303555941023426","0.0791701947502117","-0.07866868381240544"
"biweekly1y_near_weekA_monthA","BIWEEKLY","NEAR_ENTERED","4a2eca50-9d21-4e17-b604-5b57aa1beea1","stage:weekA x stage:monthA","{""stage:weekA"":""S6"",""stage:monthA"":""S5""}","17","11","120","17","0","true","0.007790352084772262","0.030407062285433994","0.5882352941176471","-0.07281001137656429","0.07867583834909708","0.11554982817869419","-0.20598232494901425"
"biweekly1y_near_weekA_monthA","BIWEEKLY","NEAR_ENTERED","4a2eca50-9d21-4e17-b604-5b57aa1beea1","stage:weekA x stage:monthA","{""stage:weekA"":""S6"",""stage:monthA"":""S5""}","17","11","245","17","0","true","0.2803681307725741","0.21755762628739572","0.8823529411764706","0.10160880609652834","0.33781439722463147","0.2700228832951945","-0.20598232494901425"
"biweekly1y_near_weekA_monthA","BIWEEKLY","NEAR_ENTERED","4a2eca50-9d21-4e17-b604-5b57aa1beea1","stage:weekA x stage:monthA","{""stage:weekA"":""S6"",""stage:monthA"":""S6""}","18","10","20","18","0","true","-0.02169606105155402","0.012879205736348598","0.6111111111111112","-0.09025353952443155","0.026965911468044335","0.04132516086876237","-0.06043654414939986"
"biweekly1y_near_weekA_monthA","BIWEEKLY","NEAR_ENTERED","4a2eca50-9d21-4e17-b604-5b57aa1beea1","stage:weekA x stage:monthA","{""stage:weekA"":""S6"",""stage:monthA"":""S6""}","18","10","60","18","0","true","-0.0009843175252788698","0.01871624694446028","0.6111111111111112","-0.11800993454164016","0.07966143834182426","0.06037045940508878","-0.08844782581014832"
"biweekly1y_near_weekA_monthA","BIWEEKLY","NEAR_ENTERED","4a2eca50-9d21-4e17-b604-5b57aa1beea1","stage:weekA x stage:monthA","{""stage:weekA"":""S6"",""stage:monthA"":""S6""}","18","10","120","18","0","true","0.0587921285365688","0.0037948805024057286","0.5555555555555556","-0.09501617203549106","0.1392279746149837","0.1332783809902791","-0.12516926371358145"
"biweekly1y_near_weekA_monthA","BIWEEKLY","NEAR_ENTERED","4a2eca50-9d21-4e17-b604-5b57aa1beea1","stage:weekA x stage:monthA","{""stage:weekA"":""S6"",""stage:monthA"":""S6""}","18","10","245","18","0","true","0.11308774152440274","0.15001796622349983","0.7777777777777778","0.04405123360272839","0.1888365581405141","0.20647196463795447","-0.1353485274742977"
"biweekly1y_near_weekA_monthA","BIWEEKLY","NEAR_ENTERED","4a2eca50-9d21-4e17-b604-5b57aa1beea1","stage:weekA x stage:monthA","{""stage:weekA"":""S6"",""stage:monthA"":""UNKNOWN""}","0","0","20","0","0","true","","","","","","",""
"biweekly1y_near_weekA_monthA","BIWEEKLY","NEAR_ENTERED","4a2eca50-9d21-4e17-b604-5b57aa1beea1","stage:weekA x stage:monthA","{""stage:weekA"":""S6"",""stage:monthA"":""UNKNOWN""}","0","0","60","0","0","true","","","","","","",""
"biweekly1y_near_weekA_monthA","BIWEEKLY","NEAR_ENTERED","4a2eca50-9d21-4e17-b604-5b57aa1beea1","stage:weekA x stage:monthA","{""stage:weekA"":""S6"",""stage:monthA"":""UNKNOWN""}","0","0","120","0","0","true","","","","","","",""
"biweekly1y_near_weekA_monthA","BIWEEKLY","NEAR_ENTERED","4a2eca50-9d21-4e17-b604-5b57aa1beea1","stage:weekA x stage:monthA","{""stage:weekA"":""S6"",""stage:monthA"":""UNKNOWN""}","0","0","245","0","0","true","","","","","","",""
"biweekly1y_near_weekA_monthA","BIWEEKLY","NEAR_ENTERED","4a2eca50-9d21-4e17-b604-5b57aa1beea1","stage:weekA x stage:monthA","{""stage:weekA"":""UNKNOWN"",""stage:monthA"":""S1""}","0","0","20","0","0","true","","","","","","",""
"biweekly1y_near_weekA_monthA","BIWEEKLY","NEAR_ENTERED","4a2eca50-9d21-4e17-b604-5b57aa1beea1","stage:weekA x stage:monthA","{""stage:weekA"":""UNKNOWN"",""stage:monthA"":""S1""}","0","0","60","0","0","true","","","","","","",""
"biweekly1y_near_weekA_monthA","BIWEEKLY","NEAR_ENTERED","4a2eca50-9d21-4e17-b604-5b57aa1beea1","stage:weekA x stage:monthA","{""stage:weekA"":""UNKNOWN"",""stage:monthA"":""S1""}","0","0","120","0","0","true","","","","","","",""
"biweekly1y_near_weekA_monthA","BIWEEKLY","NEAR_ENTERED","4a2eca50-9d21-4e17-b604-5b57aa1beea1","stage:weekA x stage:monthA","{""stage:weekA"":""UNKNOWN"",""stage:monthA"":""S1""}","0","0","245","0","0","true","","","","","","",""
"biweekly1y_near_weekA_monthA","BIWEEKLY","NEAR_ENTERED","4a2eca50-9d21-4e17-b604-5b57aa1beea1","stage:weekA x stage:monthA","{""stage:weekA"":""UNKNOWN"",""stage:monthA"":""S2""}","0","0","20","0","0","true","","","","","","",""
"biweekly1y_near_weekA_monthA","BIWEEKLY","NEAR_ENTERED","4a2eca50-9d21-4e17-b604-5b57aa1beea1","stage:weekA x stage:monthA","{""stage:weekA"":""UNKNOWN"",""stage:monthA"":""S2""}","0","0","60","0","0","true","","","","","","",""
"biweekly1y_near_weekA_monthA","BIWEEKLY","NEAR_ENTERED","4a2eca50-9d21-4e17-b604-5b57aa1beea1","stage:weekA x stage:monthA","{""stage:weekA"":""UNKNOWN"",""stage:monthA"":""S2""}","0","0","120","0","0","true","","","","","","",""
"biweekly1y_near_weekA_monthA","BIWEEKLY","NEAR_ENTERED","4a2eca50-9d21-4e17-b604-5b57aa1beea1","stage:weekA x stage:monthA","{""stage:weekA"":""UNKNOWN"",""stage:monthA"":""S2""}","0","0","245","0","0","true","","","","","","",""
"biweekly1y_near_weekA_monthA","BIWEEKLY","NEAR_ENTERED","4a2eca50-9d21-4e17-b604-5b57aa1beea1","stage:weekA x stage:monthA","{""stage:weekA"":""UNKNOWN"",""stage:monthA"":""S3""}","0","0","20","0","0","true","","","","","","",""
"biweekly1y_near_weekA_monthA","BIWEEKLY","NEAR_ENTERED","4a2eca50-9d21-4e17-b604-5b57aa1beea1","stage:weekA x stage:monthA","{""stage:weekA"":""UNKNOWN"",""stage:monthA"":""S3""}","0","0","60","0","0","true","","","","","","",""
"biweekly1y_near_weekA_monthA","BIWEEKLY","NEAR_ENTERED","4a2eca50-9d21-4e17-b604-5b57aa1beea1","stage:weekA x stage:monthA","{""stage:weekA"":""UNKNOWN"",""stage:monthA"":""S3""}","0","0","120","0","0","true","","","","","","",""
"biweekly1y_near_weekA_monthA","BIWEEKLY","NEAR_ENTERED","4a2eca50-9d21-4e17-b604-5b57aa1beea1","stage:weekA x stage:monthA","{""stage:weekA"":""UNKNOWN"",""stage:monthA"":""S3""}","0","0","245","0","0","true","","","","","","",""
"biweekly1y_near_weekA_monthA","BIWEEKLY","NEAR_ENTERED","4a2eca50-9d21-4e17-b604-5b57aa1beea1","stage:weekA x stage:monthA","{""stage:weekA"":""UNKNOWN"",""stage:monthA"":""S4""}","0","0","20","0","0","true","","","","","","",""
"biweekly1y_near_weekA_monthA","BIWEEKLY","NEAR_ENTERED","4a2eca50-9d21-4e17-b604-5b57aa1beea1","stage:weekA x stage:monthA","{""stage:weekA"":""UNKNOWN"",""stage:monthA"":""S4""}","0","0","60","0","0","true","","","","","","",""
"biweekly1y_near_weekA_monthA","BIWEEKLY","NEAR_ENTERED","4a2eca50-9d21-4e17-b604-5b57aa1beea1","stage:weekA x stage:monthA","{""stage:weekA"":""UNKNOWN"",""stage:monthA"":""S4""}","0","0","120","0","0","true","","","","","","",""
"biweekly1y_near_weekA_monthA","BIWEEKLY","NEAR_ENTERED","4a2eca50-9d21-4e17-b604-5b57aa1beea1","stage:weekA x stage:monthA","{""stage:weekA"":""UNKNOWN"",""stage:monthA"":""S4""}","0","0","245","0","0","true","","","","","","",""
"biweekly1y_near_weekA_monthA","BIWEEKLY","NEAR_ENTERED","4a2eca50-9d21-4e17-b604-5b57aa1beea1","stage:weekA x stage:monthA","{""stage:weekA"":""UNKNOWN"",""stage:monthA"":""S5""}","0","0","20","0","0","true","","","","","","",""
"biweekly1y_near_weekA_monthA","BIWEEKLY","NEAR_ENTERED","4a2eca50-9d21-4e17-b604-5b57aa1beea1","stage:weekA x stage:monthA","{""stage:weekA"":""UNKNOWN"",""stage:monthA"":""S5""}","0","0","60","0","0","true","","","","","","",""
"biweekly1y_near_weekA_monthA","BIWEEKLY","NEAR_ENTERED","4a2eca50-9d21-4e17-b604-5b57aa1beea1","stage:weekA x stage:monthA","{""stage:weekA"":""UNKNOWN"",""stage:monthA"":""S5""}","0","0","120","0","0","true","","","","","","",""
"biweekly1y_near_weekA_monthA","BIWEEKLY","NEAR_ENTERED","4a2eca50-9d21-4e17-b604-5b57aa1beea1","stage:weekA x stage:monthA","{""stage:weekA"":""UNKNOWN"",""stage:monthA"":""S5""}","0","0","245","0","0","true","","","","","","",""
"biweekly1y_near_weekA_monthA","BIWEEKLY","NEAR_ENTERED","4a2eca50-9d21-4e17-b604-5b57aa1beea1","stage:weekA x stage:monthA","{""stage:weekA"":""UNKNOWN"",""stage:monthA"":""S6""}","0","0","20","0","0","true","","","","","","",""
"biweekly1y_near_weekA_monthA","BIWEEKLY","NEAR_ENTERED","4a2eca50-9d21-4e17-b604-5b57aa1beea1","stage:weekA x stage:monthA","{""stage:weekA"":""UNKNOWN"",""stage:monthA"":""S6""}","0","0","60","0","0","true","","","","","","",""
"biweekly1y_near_weekA_monthA","BIWEEKLY","NEAR_ENTERED","4a2eca50-9d21-4e17-b604-5b57aa1beea1","stage:weekA x stage:monthA","{""stage:weekA"":""UNKNOWN"",""stage:monthA"":""S6""}","0","0","120","0","0","true","","","","","","",""
"biweekly1y_near_weekA_monthA","BIWEEKLY","NEAR_ENTERED","4a2eca50-9d21-4e17-b604-5b57aa1beea1","stage:weekA x stage:monthA","{""stage:weekA"":""UNKNOWN"",""stage:monthA"":""S6""}","0","0","245","0","0","true","","","","","","",""
"biweekly1y_near_weekA_monthA","BIWEEKLY","NEAR_ENTERED","4a2eca50-9d21-4e17-b604-5b57aa1beea1","stage:weekA x stage:monthA","{""stage:weekA"":""UNKNOWN"",""stage:monthA"":""UNKNOWN""}","0","0","20","0","0","true","","","","","","",""
"biweekly1y_near_weekA_monthA","BIWEEKLY","NEAR_ENTERED","4a2eca50-9d21-4e17-b604-5b57aa1beea1","stage:weekA x stage:monthA","{""stage:weekA"":""UNKNOWN"",""stage:monthA"":""UNKNOWN""}","0","0","60","0","0","true","","","","","","",""
"biweekly1y_near_weekA_monthA","BIWEEKLY","NEAR_ENTERED","4a2eca50-9d21-4e17-b604-5b57aa1beea1","stage:weekA x stage:monthA","{""stage:weekA"":""UNKNOWN"",""stage:monthA"":""UNKNOWN""}","0","0","120","0","0","true","","","","","","",""
"biweekly1y_near_weekA_monthA","BIWEEKLY","NEAR_ENTERED","4a2eca50-9d21-4e17-b604-5b57aa1beea1","stage:weekA x stage:monthA","{""stage:weekA"":""UNKNOWN"",""stage:monthA"":""UNKNOWN""}","0","0","245","0","0","true","","","","","","",""
"biweekly1y_near_spread","BIWEEKLY","NEAR_ENTERED","4a2eca50-9d21-4e17-b604-5b57aa1beea1","spreadExpansion","{""spreadExpansion"":""PASS""}","591","232","20","591","0","false","0.005930492572145814","0.0038398244651673963","0.5160744500846024","-0.03479592617473931","0.04342667692513369","0.051724137931034475","-0.045003813882532384"
"biweekly1y_near_spread","BIWEEKLY","NEAR_ENTERED","4a2eca50-9d21-4e17-b604-5b57aa1beea1","spreadExpansion","{""spreadExpansion"":""PASS""}","591","232","60","590","1","false","0.011050075927504786","-0.00372771250863857","0.47627118644067795","-0.06758821544812257","0.07455280726468594","0.08191016073478752","-0.08647929151848521"
"biweekly1y_near_spread","BIWEEKLY","NEAR_ENTERED","4a2eca50-9d21-4e17-b604-5b57aa1beea1","spreadExpansion","{""spreadExpansion"":""PASS""}","591","232","120","590","1","false","0.029766309710410166","0.010583103533274962","0.5389830508474577","-0.07789999657777852","0.12292056022787545","0.11330549804947898","-0.13045515307192285"
"biweekly1y_near_spread","BIWEEKLY","NEAR_ENTERED","4a2eca50-9d21-4e17-b604-5b57aa1beea1","spreadExpansion","{""spreadExpansion"":""PASS""}","591","232","245","590","1","false","0.1912636357427944","0.11908865941753621","0.7220338983050848","-0.017153189667336505","0.324200028475071","0.23861817504449934","-0.1661195967765119"
"biweekly1y_near_spread","BIWEEKLY","NEAR_ENTERED","4a2eca50-9d21-4e17-b604-5b57aa1beea1","spreadExpansion","{""spreadExpansion"":""FAIL""}","1623","468","20","1623","0","false","-0.000385490371089951","-0.000607348921955686","0.4959950708564387","-0.04578270131156731","0.04296708556133688","0.04763416957764366","-0.04421052631578948"
"biweekly1y_near_spread","BIWEEKLY","NEAR_ENTERED","4a2eca50-9d21-4e17-b604-5b57aa1beea1","spreadExpansion","{""spreadExpansion"":""FAIL""}","1623","468","60","1621","2","false","-0.009336586400552781","-0.021180030257186067","0.4151758173966687","-0.09072375127420995","0.056565656565656486","0.07890961262553797","-0.12899106002554284"
"biweekly1y_near_spread","BIWEEKLY","NEAR_ENTERED","4a2eca50-9d21-4e17-b604-5b57aa1beea1","spreadExpansion","{""spreadExpansion"":""FAIL""}","1623","468","120","1615","8","false","0.030071837798264445","0.009554140127388644","0.5306501547987617","-0.08316908765373243","0.09197809961973613","0.10766423357664223","-0.16625968045768502"
"biweekly1y_near_spread","BIWEEKLY","NEAR_ENTERED","4a2eca50-9d21-4e17-b604-5b57aa1beea1","spreadExpansion","{""spreadExpansion"":""FAIL""}","1623","468","245","1615","8","false","0.21200318971425275","0.12488563586459289","0.7356037151702787","-0.006737287865425212","0.320221376878876","0.22166172106824922","-0.18563099492194846"
"biweekly1y_near_spread","BIWEEKLY","NEAR_ENTERED","4a2eca50-9d21-4e17-b604-5b57aa1beea1","spreadExpansion","{""spreadExpansion"":""UNKNOWN""}","0","0","20","0","0","true","","","","","","",""
"biweekly1y_near_spread","BIWEEKLY","NEAR_ENTERED","4a2eca50-9d21-4e17-b604-5b57aa1beea1","spreadExpansion","{""spreadExpansion"":""UNKNOWN""}","0","0","60","0","0","true","","","","","","",""
"biweekly1y_near_spread","BIWEEKLY","NEAR_ENTERED","4a2eca50-9d21-4e17-b604-5b57aa1beea1","spreadExpansion","{""spreadExpansion"":""UNKNOWN""}","0","0","120","0","0","true","","","","","","",""
"biweekly1y_near_spread","BIWEEKLY","NEAR_ENTERED","4a2eca50-9d21-4e17-b604-5b57aa1beea1","spreadExpansion","{""spreadExpansion"":""UNKNOWN""}","0","0","245","0","0","true","","","","","","",""
"monthly2y_near_score","MONTHLY","NEAR_ENTERED","82ffccbe-1f3a-46d9-8b60-5a672af527fd","scoreBand","{""scoreBand"":""LOW""}","23","15","20","23","0","true","0.04261674531910239","0.03445065176908746","0.9130434782608695","0.014914251395778177","0.05820769345738519","0.05121042830540046","-0.010389610389610393"
"monthly2y_near_score","MONTHLY","NEAR_ENTERED","82ffccbe-1f3a-46d9-8b60-5a672af527fd","scoreBand","{""scoreBand"":""LOW""}","23","15","60","23","0","true","0.038830125931726585","0.03165735567970196","0.6521739130434783","-0.019424996515455317","0.08078472240165135","0.06371849738468849","-0.016200294550810068"
"monthly2y_near_score","MONTHLY","NEAR_ENTERED","82ffccbe-1f3a-46d9-8b60-5a672af527fd","scoreBand","{""scoreBand"":""LOW""}","23","15","120","23","0","true","0.05534376478750539","0.022410147991543283","0.6086956521739131","-0.038593443258765736","0.13361152020945832","0.11948051948051952","-0.11697574893009988"
"monthly2y_near_score","MONTHLY","NEAR_ENTERED","82ffccbe-1f3a-46d9-8b60-5a672af527fd","scoreBand","{""scoreBand"":""LOW""}","23","15","245","23","0","true","0.036931612721544216","0.032400589101620136","0.5652173913043478","-0.045489982170483445","0.14094356829859644","0.12896405919661724","-0.12073863636363635"
"monthly2y_near_score","MONTHLY","NEAR_ENTERED","82ffccbe-1f3a-46d9-8b60-5a672af527fd","scoreBand","{""scoreBand"":""MID_LOW""}","1453","560","20","1453","0","false","0.009009434684023345","0.009339975093399788","0.5636613902271164","-0.02622673434856171","0.04615384615384621","0.044075304540420746","-0.031383737517831634"
"monthly2y_near_score","MONTHLY","NEAR_ENTERED","82ffccbe-1f3a-46d9-8b60-5a672af527fd","scoreBand","{""scoreBand"":""MID_LOW""}","1453","560","60","1453","0","false","0.023839012244143105","0.014173228346456623","0.5540261527873366","-0.044795783926218746","0.07696677080374892","0.07795698924731176","-0.07059800664451832"
"monthly2y_near_score","MONTHLY","NEAR_ENTERED","82ffccbe-1f3a-46d9-8b60-5a672af527fd","scoreBand","{""scoreBand"":""MID_LOW""}","1453","560","120","1453","0","false","0.061906573066568694","0.03993855606758823","0.6324845147969718","-0.04163568773234205","0.1445012787723785","0.1235647895024603","-0.11423498076353955"
"monthly2y_near_score","MONTHLY","NEAR_ENTERED","82ffccbe-1f3a-46d9-8b60-5a672af527fd","scoreBand","{""scoreBand"":""MID_LOW""}","1453","560","245","1453","0","false","0.18583182641897406","0.12480620155038769","0.7088781830695113","-0.020627542126670506","0.3259995268511946","0.24661246612466114","-0.1345646437994723"
"monthly2y_near_score","MONTHLY","NEAR_ENTERED","82ffccbe-1f3a-46d9-8b60-5a672af527fd","scoreBand","{""scoreBand"":""MID_HIGH""}","1435","680","20","1435","0","false","0.020310030917661006","0.01398042740163774","0.5846689895470383","-0.02866893763421391","0.06462801370990479","0.05771969506576191","-0.03337403337403333"
"monthly2y_near_score","MONTHLY","NEAR_ENTERED","82ffccbe-1f3a-46d9-8b60-5a672af527fd","scoreBand","{""scoreBand"":""MID_HIGH""}","1435","680","60","1435","0","false","0.03881730008068962","0.0239520958083832","0.5874564459930314","-0.05159176444637109","0.11542445835787596","0.10349854227405242","-0.08021958562068354"
"monthly2y_near_score","MONTHLY","NEAR_ENTERED","82ffccbe-1f3a-46d9-8b60-5a672af527fd","scoreBand","{""scoreBand"":""MID_HIGH""}","1435","680","120","1435","0","false","0.0894906456421309","0.056097560975609806","0.6306620209059234","-0.052769778088557984","0.19424740069552726","0.16075339465615412","-0.12166172106824924"
"monthly2y_near_score","MONTHLY","NEAR_ENTERED","82ffccbe-1f3a-46d9-8b60-5a672af527fd","scoreBand","{""scoreBand"":""MID_HIGH""}","1435","680","245","1433","2","false","0.23852865729677045","0.17269076305220876","0.7145847871598046","-0.026495448634590413","0.408987052551409","0.2980106362024817","-0.15602836879432624"
"monthly2y_near_score","MONTHLY","NEAR_ENTERED","82ffccbe-1f3a-46d9-8b60-5a672af527fd","scoreBand","{""scoreBand"":""HIGH""}","114","80","20","114","0","false","0.023571502196927233","0.019223827493128565","0.5701754385964912","-0.04478775732509557","0.08234521163550751","0.08098370927318299","-0.04444098641762412"
"monthly2y_near_score","MONTHLY","NEAR_ENTERED","82ffccbe-1f3a-46d9-8b60-5a672af527fd","scoreBand","{""scoreBand"":""HIGH""}","114","80","60","114","0","false","0.03220236365595445","-0.006193929070939019","0.49122807017543857","-0.08511819033502988","0.16996799498108472","0.11722265097533591","-0.11818473125569379"
"monthly2y_near_score","MONTHLY","NEAR_ENTERED","82ffccbe-1f3a-46d9-8b60-5a672af527fd","scoreBand","{""scoreBand"":""HIGH""}","114","80","120","114","0","false","0.09224702318076589","0.043987361421572","0.5614035087719298","-0.10644831215405007","0.22752198992564732","0.19848163933574148","-0.1716050169963751"
"monthly2y_near_score","MONTHLY","NEAR_ENTERED","82ffccbe-1f3a-46d9-8b60-5a672af527fd","scoreBand","{""scoreBand"":""HIGH""}","114","80","245","114","0","false","0.27392562901382866","0.08029973714610072","0.5789473684210527","-0.09159029991306872","0.5068211365722073","0.3050615595075239","-0.22094549276459258"
"monthly2y_near_score","MONTHLY","NEAR_ENTERED","82ffccbe-1f3a-46d9-8b60-5a672af527fd","scoreBand","{""scoreBand"":""UNKNOWN""}","0","0","20","0","0","true","","","","","","",""
"monthly2y_near_score","MONTHLY","NEAR_ENTERED","82ffccbe-1f3a-46d9-8b60-5a672af527fd","scoreBand","{""scoreBand"":""UNKNOWN""}","0","0","60","0","0","true","","","","","","",""
"monthly2y_near_score","MONTHLY","NEAR_ENTERED","82ffccbe-1f3a-46d9-8b60-5a672af527fd","scoreBand","{""scoreBand"":""UNKNOWN""}","0","0","120","0","0","true","","","","","","",""
"monthly2y_near_score","MONTHLY","NEAR_ENTERED","82ffccbe-1f3a-46d9-8b60-5a672af527fd","scoreBand","{""scoreBand"":""UNKNOWN""}","0","0","245","0","0","true","","","","","","",""
"monthly2y_near_weekA_monthA","MONTHLY","NEAR_ENTERED","82ffccbe-1f3a-46d9-8b60-5a672af527fd","stage:weekA x stage:monthA","{""stage:weekA"":""S1"",""stage:monthA"":""S1""}","182","125","20","182","0","false","0.019825861928841962","0.01734851190807951","0.5934065934065934","-0.02340114840114843","0.05933677804343107","0.0534354604786077","-0.033433894035429845"
"monthly2y_near_weekA_monthA","MONTHLY","NEAR_ENTERED","82ffccbe-1f3a-46d9-8b60-5a672af527fd","stage:weekA x stage:monthA","{""stage:weekA"":""S1"",""stage:monthA"":""S1""}","182","125","60","182","0","false","0.03791849462920907","0.029351742767428912","0.6043956043956044","-0.04404679731659761","0.09627927026706856","0.0953928814035393","-0.06955648753944893"
"monthly2y_near_weekA_monthA","MONTHLY","NEAR_ENTERED","82ffccbe-1f3a-46d9-8b60-5a672af527fd","stage:weekA x stage:monthA","{""stage:weekA"":""S1"",""stage:monthA"":""S1""}","182","125","120","182","0","false","0.06982427354570396","0.04325989906832295","0.6208791208791209","-0.05481248597187657","0.1660937818839407","0.15575749621802248","-0.1108421100037959"
"monthly2y_near_weekA_monthA","MONTHLY","NEAR_ENTERED","82ffccbe-1f3a-46d9-8b60-5a672af527fd","stage:weekA x stage:monthA","{""stage:weekA"":""S1"",""stage:monthA"":""S1""}","182","125","245","182","0","false","0.16714824177277968","0.08195709829465037","0.6648351648351648","-0.02766579810972794","0.31198347982120267","0.2503498542274052","-0.13739669421487605"
"monthly2y_near_weekA_monthA","MONTHLY","NEAR_ENTERED","82ffccbe-1f3a-46d9-8b60-5a672af527fd","stage:weekA x stage:monthA","{""stage:weekA"":""S1"",""stage:monthA"":""S2""}","40","31","20","40","0","false","0.02532361405702056","0.02106886382566797","0.6","-0.034451481484961716","0.09765221659118922","0.056136512798074856","-0.03936145281628023"
"monthly2y_near_weekA_monthA","MONTHLY","NEAR_ENTERED","82ffccbe-1f3a-46d9-8b60-5a672af527fd","stage:weekA x stage:monthA","{""stage:weekA"":""S1"",""stage:monthA"":""S2""}","40","31","60","40","0","false","0.03414919298848452","0.050070272864390586","0.625","-0.07529867413327743","0.10386240742660185","0.10624620950707908","-0.0795670079633281"
"monthly2y_near_weekA_monthA","MONTHLY","NEAR_ENTERED","82ffccbe-1f3a-46d9-8b60-5a672af527fd","stage:weekA x stage:monthA","{""stage:weekA"":""S1"",""stage:monthA"":""S2""}","40","31","120","40","0","false","0.07614044580541615","0.07575225383444562","0.65","-0.0662859097127223","0.1845784879514526","0.17564663505461398","-0.08349546781962297"
"monthly2y_near_weekA_monthA","MONTHLY","NEAR_ENTERED","82ffccbe-1f3a-46d9-8b60-5a672af527fd","stage:weekA x stage:monthA","{""stage:weekA"":""S1"",""stage:monthA"":""S2""}","40","31","245","40","0","false","0.19628336064210752","0.18804575464167306","0.75","0.006033279705709327","0.3290557606406709","0.3163068087691203","-0.09301346801346805"
"monthly2y_near_weekA_monthA","MONTHLY","NEAR_ENTERED","82ffccbe-1f3a-46d9-8b60-5a672af527fd","stage:weekA x stage:monthA","{""stage:weekA"":""S1"",""stage:monthA"":""S3""}","3","3","20","3","0","true","-0.024167343087473887","0.06270903010033435","0.6666666666666666","-0.07822632327318613","0.07332982369214247","0.10200668896321075","-0.00836120401337792"
"monthly2y_near_weekA_monthA","MONTHLY","NEAR_ENTERED","82ffccbe-1f3a-46d9-8b60-5a672af527fd","stage:weekA x stage:monthA","{""stage:weekA"":""S1"",""stage:monthA"":""S3""}","3","3","60","3","0","true","0.05925136184544899","0.01881270903010024","0.6666666666666666","-0.036272657830628885","0.1345560551138525","0.12081939799331098","-0.11358024691358026"
"monthly2y_near_weekA_monthA","MONTHLY","NEAR_ENTERED","82ffccbe-1f3a-46d9-8b60-5a672af527fd","stage:weekA x stage:monthA","{""stage:weekA"":""S1"",""stage:monthA"":""S3""}","3","3","120","3","0","true","0.05567316994896617","0.11137724550898209","0.6666666666666666","0.014947882013750302","0.12425049566419","0.1902173913043479","-0.16666666666666663"
"monthly2y_near_weekA_monthA","MONTHLY","NEAR_ENTERED","82ffccbe-1f3a-46d9-8b60-5a672af527fd","stage:weekA x stage:monthA","{""stage:weekA"":""S1"",""stage:monthA"":""S3""}","3","3","245","3","0","true","-0.05384318690749309","-0.05555555555555558","0.3333333333333333","-0.10083166999334664","-0.00771088814567078","0.1902173913043479","-0.16666666666666663"
"monthly2y_near_weekA_monthA","MONTHLY","NEAR_ENTERED","82ffccbe-1f3a-46d9-8b60-5a672af527fd","stage:weekA x stage:monthA","{""stage:weekA"":""S1"",""stage:monthA"":""S4""}","17","15","20","17","0","true","0.023194341497634205","0.014376321353065435","0.5882352941176471","-0.029166666666666674","0.05095130603031284","0.04942559444296024","-0.02080386119663813"
"monthly2y_near_weekA_monthA","MONTHLY","NEAR_ENTERED","82ffccbe-1f3a-46d9-8b60-5a672af527fd","stage:weekA x stage:monthA","{""stage:weekA"":""S1"",""stage:monthA"":""S4""}","17","15","60","17","0","true","0.02824636498018691","0.02139917695473259","0.7058823529411765","-0.011037344398340254","0.06747536012130406","0.0678600053433076","-0.04116951521014722"
"monthly2y_near_weekA_monthA","MONTHLY","NEAR_ENTERED","82ffccbe-1f3a-46d9-8b60-5a672af527fd","stage:weekA x stage:monthA","{""stage:weekA"":""S1"",""stage:monthA"":""S4""}","17","15","120","17","0","true","0.03410008275079515","0.028124999999999956","0.6470588235294118","-0.03994293865905851","0.11523881728582253","0.1045267489711934","-0.12826899128268987"
"monthly2y_near_weekA_monthA","MONTHLY","NEAR_ENTERED","82ffccbe-1f3a-46d9-8b60-5a672af527fd","stage:weekA x stage:monthA","{""stage:weekA"":""S1"",""stage:monthA"":""S4""}","17","15","245","17","0","true","0.09634443367385824","0.06502057613168732","0.5882352941176471","-0.07703281027104136","0.25116279069767433","0.19062500000000004","-0.13713405238828968"
"monthly2y_near_weekA_monthA","MONTHLY","NEAR_ENTERED","82ffccbe-1f3a-46d9-8b60-5a672af527fd","stage:weekA x stage:monthA","{""stage:weekA"":""S1"",""stage:monthA"":""S5""}","104","70","20","104","0","false","0.015495838288192962","0.021339629145886607","0.625","-0.0206915803478096","0.06280307841745425","0.0516297381110421","-0.029331442416926756"
"monthly2y_near_weekA_monthA","MONTHLY","NEAR_ENTERED","82ffccbe-1f3a-46d9-8b60-5a672af527fd","stage:weekA x stage:monthA","{""stage:weekA"":""S1"",""stage:monthA"":""S5""}","104","70","60","104","0","false","0.0102048189292668","0.011789025402370368","0.5673076923076923","-0.061397588993265834","0.08226080984233153","0.07450435347283879","-0.08160580021482278"
"monthly2y_near_weekA_monthA","MONTHLY","NEAR_ENTERED","82ffccbe-1f3a-46d9-8b60-5a672af527fd","stage:weekA x stage:monthA","{""stage:weekA"":""S1"",""stage:monthA"":""S5""}","104","70","120","104","0","false","0.07591916142704587","0.0557819305258187","0.7211538461538461","-0.038197698391873175","0.17739179358897672","0.1302978310535885","-0.11795891502385009"
"monthly2y_near_weekA_monthA","MONTHLY","NEAR_ENTERED","82ffccbe-1f3a-46d9-8b60-5a672af527fd","stage:weekA x stage:monthA","{""stage:weekA"":""S1"",""stage:monthA"":""S5""}","104","70","245","104","0","false","0.2990415724438476","0.20645984764313952","0.7596153846153846","0.008712237981944149","0.5713716402981315","0.31080180580606076","-0.140841784989858"
"monthly2y_near_weekA_monthA","MONTHLY","NEAR_ENTERED","82ffccbe-1f3a-46d9-8b60-5a672af527fd","stage:weekA x stage:monthA","{""stage:weekA"":""S1"",""stage:monthA"":""S6""}","67","52","20","67","0","false","0.001110910018343108","-0.006249999999999978","0.43283582089552236","-0.026213473752837058","0.04939001995875303","0.043824701195219085","-0.03658536585365857"
"monthly2y_near_weekA_monthA","MONTHLY","NEAR_ENTERED","82ffccbe-1f3a-46d9-8b60-5a672af527fd","stage:weekA x stage:monthA","{""stage:weekA"":""S1"",""stage:monthA"":""S6""}","67","52","60","67","0","false","0.005557912980350351","-0.013550135501354976","0.47761194029850745","-0.0762978090411719","0.06173607373296386","0.08023774145616636","-0.0841799709724238"
"monthly2y_near_weekA_monthA","MONTHLY","NEAR_ENTERED","82ffccbe-1f3a-46d9-8b60-5a672af527fd","stage:weekA x stage:monthA","{""stage:weekA"":""S1"",""stage:monthA"":""S6""}","67","52","120","67","0","false","0.058154519808855436","0.03743895822029297","0.5671641791044776","-0.057022362474676624","0.16521292007394472","0.13076505697232776","-0.15625"
"monthly2y_near_weekA_monthA","MONTHLY","NEAR_ENTERED","82ffccbe-1f3a-46d9-8b60-5a672af527fd","stage:weekA x stage:monthA","{""stage:weekA"":""S1"",""stage:monthA"":""S6""}","67","52","245","67","0","false","0.2178155108395386","0.15572436245252308","0.6716417910447762","-0.04059973821472973","0.45793295633563247","0.3041722745625841","-0.16578715919085307"
"monthly2y_near_weekA_monthA","MONTHLY","NEAR_ENTERED","82ffccbe-1f3a-46d9-8b60-5a672af527fd","stage:weekA x stage:monthA","{""stage:weekA"":""S1"",""stage:monthA"":""UNKNOWN""}","1","1","20","1","0","true","0.1465116279069767","0.1465116279069767","1","0.1465116279069767","0.1465116279069767","0.19767441860465107","-0.013953488372092981"
"monthly2y_near_weekA_monthA","MONTHLY","NEAR_ENTERED","82ffccbe-1f3a-46d9-8b60-5a672af527fd","stage:weekA x stage:monthA","{""stage:weekA"":""S1"",""stage:monthA"":""UNKNOWN""}","1","1","60","1","0","true","0.16279069767441867","0.16279069767441867","1","0.16279069767441867","0.16279069767441867","0.32093023255813957","-0.013953488372092981"
"monthly2y_near_weekA_monthA","MONTHLY","NEAR_ENTERED","82ffccbe-1f3a-46d9-8b60-5a672af527fd","stage:weekA x stage:monthA","{""stage:weekA"":""S1"",""stage:monthA"":""UNKNOWN""}","1","1","120","1","0","true","0.3395348837209302","0.3395348837209302","1","0.3395348837209302","0.3395348837209302","0.35813953488372086","-0.013953488372092981"
"monthly2y_near_weekA_monthA","MONTHLY","NEAR_ENTERED","82ffccbe-1f3a-46d9-8b60-5a672af527fd","stage:weekA x stage:monthA","{""stage:weekA"":""S1"",""stage:monthA"":""UNKNOWN""}","1","1","245","1","0","true","0.9209302325581394","0.9209302325581394","1","0.9209302325581394","0.9209302325581394","0.9395348837209303","-0.013953488372092981"
"monthly2y_near_weekA_monthA","MONTHLY","NEAR_ENTERED","82ffccbe-1f3a-46d9-8b60-5a672af527fd","stage:weekA x stage:monthA","{""stage:weekA"":""S2"",""stage:monthA"":""S1""}","128","93","20","128","0","false","0.017192625921502454","0.01995610171482265","0.6484375","-0.012502290816625183","0.04908050685275134","0.05753269970679298","-0.023945298880409083"
"monthly2y_near_weekA_monthA","MONTHLY","NEAR_ENTERED","82ffccbe-1f3a-46d9-8b60-5a672af527fd","stage:weekA x stage:monthA","{""stage:weekA"":""S2"",""stage:monthA"":""S1""}","128","93","60","128","0","false","0.03094815983381112","0.012384883778072564","0.546875","-0.033591942447959156","0.09421627218186118","0.0926692723798006","-0.07285872464952087"
"monthly2y_near_weekA_monthA","MONTHLY","NEAR_ENTERED","82ffccbe-1f3a-46d9-8b60-5a672af527fd","stage:weekA x stage:monthA","{""stage:weekA"":""S2"",""stage:monthA"":""S1""}","128","93","120","128","0","false","0.09736618032769918","0.06331098709772942","0.6875","-0.03550564624329161","0.20529160121249124","0.14597254328874043","-0.10505686023820743"
"monthly2y_near_weekA_monthA","MONTHLY","NEAR_ENTERED","82ffccbe-1f3a-46d9-8b60-5a672af527fd","stage:weekA x stage:monthA","{""stage:weekA"":""S2"",""stage:monthA"":""S1""}","128","93","245","128","0","false","0.17607265528786473","0.08016956590680446","0.6328125","-0.041854896195313185","0.406050451656667","0.25468004175153147","-0.1433645263905618"
"monthly2y_near_weekA_monthA","MONTHLY","NEAR_ENTERED","82ffccbe-1f3a-46d9-8b60-5a672af527fd","stage:weekA x stage:monthA","{""stage:weekA"":""S2"",""stage:monthA"":""S2""}","70","55","20","70","0","false","-0.006784925531095125","-0.001019441867656179","0.5","-0.04747876739739429","0.042142019653093166","0.052289815447710164","-0.05492111583084047"
"monthly2y_near_weekA_monthA","MONTHLY","NEAR_ENTERED","82ffccbe-1f3a-46d9-8b60-5a672af527fd","stage:weekA x stage:monthA","{""stage:weekA"":""S2"",""stage:monthA"":""S2""}","70","55","60","70","0","false","0.025467539583621003","0.028945424460006475","0.6","-0.04800716713166292","0.08383848074706024","0.08574547861006987","-0.10499323089419887"
"monthly2y_near_weekA_monthA","MONTHLY","NEAR_ENTERED","82ffccbe-1f3a-46d9-8b60-5a672af527fd","stage:weekA x stage:monthA","{""stage:weekA"":""S2"",""stage:monthA"":""S2""}","70","55","120","70","0","false","0.08035285613734189","0.03505291005291011","0.7428571428571429","-0.00352043862017995","0.15658459162663002","0.12632552439743683","-0.1534994740674812"
"monthly2y_near_weekA_monthA","MONTHLY","NEAR_ENTERED","82ffccbe-1f3a-46d9-8b60-5a672af527fd","stage:weekA x stage:monthA","{""stage:weekA"":""S2"",""stage:monthA"":""S2""}","70","55","245","70","0","false","0.1814838581968772","0.09858871949734549","0.7142857142857143","-0.04125707374325685","0.3251593160726411","0.2263927395650318","-0.1565797697308971"
"monthly2y_near_weekA_monthA","MONTHLY","NEAR_ENTERED","82ffccbe-1f3a-46d9-8b60-5a672af527fd","stage:weekA x stage:monthA","{""stage:weekA"":""S2"",""stage:monthA"":""S3""}","16","13","20","16","0","true","-0.007134477631885981","-0.009073903911787862","0.4375","-0.023402553516705005","0.026808979683401624","0.03155296408137309","-0.0321753852424323"
"monthly2y_near_weekA_monthA","MONTHLY","NEAR_ENTERED","82ffccbe-1f3a-46d9-8b60-5a672af527fd","stage:weekA x stage:monthA","{""stage:weekA"":""S2"",""stage:monthA"":""S3""}","16","13","60","16","0","true","0.0013282694649243282","0.011654727525034714","0.5625","-0.05816543900054752","0.053257849448864414","0.08824730071980802","-0.10106763303558663"
"monthly2y_near_weekA_monthA","MONTHLY","NEAR_ENTERED","82ffccbe-1f3a-46d9-8b60-5a672af527fd","stage:weekA x stage:monthA","{""stage:weekA"":""S2"",""stage:monthA"":""S3""}","16","13","120","16","0","true","0.04555205529393168","0.016079182913860346","0.625","-0.08362401847846529","0.15737326925930578","0.09375862646896438","-0.15101149755318088"
"monthly2y_near_weekA_monthA","MONTHLY","NEAR_ENTERED","82ffccbe-1f3a-46d9-8b60-5a672af527fd","stage:weekA x stage:monthA","{""stage:weekA"":""S2"",""stage:monthA"":""S3""}","16","13","245","16","0","true","0.11412056651226175","0.11681490540284745","0.6875","-0.06045614303178487","0.20191449863163563","0.2228663874382164","-0.15101149755318088"
"monthly2y_near_weekA_monthA","MONTHLY","NEAR_ENTERED","82ffccbe-1f3a-46d9-8b60-5a672af527fd","stage:weekA x stage:monthA","{""stage:weekA"":""S2"",""stage:monthA"":""S4""}","16","13","20","16","0","true","0.024197752838013592","0.03417074255224539","0.6875","-0.04246786184198431","0.07918741303290922","0.070833049982999","-0.014076067800954828"
"monthly2y_near_weekA_monthA","MONTHLY","NEAR_ENTERED","82ffccbe-1f3a-46d9-8b60-5a672af527fd","stage:weekA x stage:monthA","{""stage:weekA"":""S2"",""stage:monthA"":""S4""}","16","13","60","16","0","true","0.027640742402663357","0.022093610093610105","0.5625","-0.06448409238852468","0.09185705871239486","0.11935597318386637","-0.04767997337330182"
"monthly2y_near_weekA_monthA","MONTHLY","NEAR_ENTERED","82ffccbe-1f3a-46d9-8b60-5a672af527fd","stage:weekA x stage:monthA","{""stage:weekA"":""S2"",""stage:monthA"":""S4""}","16","13","120","16","0","true","0.12885466122492747","0.023938822646357938","0.6875","-0.04011583197154664","0.24728758169934634","0.13464606095950327","-0.1177472766884532"
"monthly2y_near_weekA_monthA","MONTHLY","NEAR_ENTERED","82ffccbe-1f3a-46d9-8b60-5a672af527fd","stage:weekA x stage:monthA","{""stage:weekA"":""S2"",""stage:monthA"":""S4""}","16","13","245","16","0","true","0.29003712060261133","0.12005549919241132","0.6875","-0.017504709462396795","0.653658998375289","0.26813261775268205","-0.11991984486102136"
"monthly2y_near_weekA_monthA","MONTHLY","NEAR_ENTERED","82ffccbe-1f3a-46d9-8b60-5a672af527fd","stage:weekA x stage:monthA","{""stage:weekA"":""S2"",""stage:monthA"":""S5""}","31","21","20","31","0","false","0.003826525822064911","-0.002888086642599319","0.4838709677419355","-0.023989401999225335","0.029577554234050618","0.048661800486617945","-0.02382671480144405"
"monthly2y_near_weekA_monthA","MONTHLY","NEAR_ENTERED","82ffccbe-1f3a-46d9-8b60-5a672af527fd","stage:weekA x stage:monthA","{""stage:weekA"":""S2"",""stage:monthA"":""S5""}","31","21","60","31","0","false","-0.008467951331656945","-0.007942238267148016","0.4838709677419355","-0.039615346553236175","0.017954259493596858","0.06569343065693434","-0.1132075471698113"
"monthly2y_near_weekA_monthA","MONTHLY","NEAR_ENTERED","82ffccbe-1f3a-46d9-8b60-5a672af527fd","stage:weekA x stage:monthA","{""stage:weekA"":""S2"",""stage:monthA"":""S5""}","31","21","120","31","0","false","0.021922205542679672","0.04136429608127723","0.6451612903225806","-0.047239195797835754","0.0782847627281249","0.11469265367316339","-0.16256157635467983"
"monthly2y_near_weekA_monthA","MONTHLY","NEAR_ENTERED","82ffccbe-1f3a-46d9-8b60-5a672af527fd","stage:weekA x stage:monthA","{""stage:weekA"":""S2"",""stage:monthA"":""S5""}","31","21","245","31","0","false","0.2932458052987966","0.29010494752623694","0.6774193548387096","-0.05193805781015848","0.4679098451665038","0.38553226469379376","-0.16870415647921755"
"monthly2y_near_weekA_monthA","MONTHLY","NEAR_ENTERED","82ffccbe-1f3a-46d9-8b60-5a672af527fd","stage:weekA x stage:monthA","{""stage:weekA"":""S2"",""stage:monthA"":""S6""}","30","21","20","30","0","false","0.016116167262991962","0.005516288188781693","0.6","-0.012664828578278553","0.05089947089947089","0.050000000000000044","-0.0332458995158757"
"monthly2y_near_weekA_monthA","MONTHLY","NEAR_ENTERED","82ffccbe-1f3a-46d9-8b60-5a672af527fd","stage:weekA x stage:monthA","{""stage:weekA"":""S2"",""stage:monthA"":""S6""}","30","21","60","30","0","false","0.010882066593112694","-0.03642350557244173","0.43333333333333335","-0.09869964773315293","0.1053961105883407","0.09647078577934265","-0.10672530778913758"
"monthly2y_near_weekA_monthA","MONTHLY","NEAR_ENTERED","82ffccbe-1f3a-46d9-8b60-5a672af527fd","stage:weekA x stage:monthA","{""stage:weekA"":""S2"",""stage:monthA"":""S6""}","30","21","120","30","0","false","0.06527856596680771","0.021769139935724935","0.5666666666666667","-0.06346991882065839","0.10649900616018104","0.12441230493771904","-0.16675971758566438"
"monthly2y_near_weekA_monthA","MONTHLY","NEAR_ENTERED","82ffccbe-1f3a-46d9-8b60-5a672af527fd","stage:weekA x stage:monthA","{""stage:weekA"":""S2"",""stage:monthA"":""S6""}","30","21","245","30","0","false","0.2920029280510246","0.28116425527929956","0.8","0.0404882793055652","0.45653964120564566","0.34461647607790014","-0.19914891492733328"
"monthly2y_near_weekA_monthA","MONTHLY","NEAR_ENTERED","82ffccbe-1f3a-46d9-8b60-5a672af527fd","stage:weekA x stage:monthA","{""stage:weekA"":""S2"",""stage:monthA"":""UNKNOWN""}","1","1","20","1","0","true","-0.044315992292870865","-0.044315992292870865","0","-0.044315992292870865","-0.044315992292870865","0.01734104046242768","-0.050096339113680166"
"monthly2y_near_weekA_monthA","MONTHLY","NEAR_ENTERED","82ffccbe-1f3a-46d9-8b60-5a672af527fd","stage:weekA x stage:monthA","{""stage:weekA"":""S2"",""stage:monthA"":""UNKNOWN""}","1","1","60","1","0","true","-0.0077071290944122905","-0.0077071290944122905","0","-0.0077071290944122905","-0.0077071290944122905","0.01734104046242768","-0.07899807321772645"
"monthly2y_near_weekA_monthA","MONTHLY","NEAR_ENTERED","82ffccbe-1f3a-46d9-8b60-5a672af527fd","stage:weekA x stage:monthA","{""stage:weekA"":""S2"",""stage:monthA"":""UNKNOWN""}","1","1","120","1","0","true","-0.11753371868978801","-0.11753371868978801","0","-0.11753371868978801","-0.11753371868978801","0.01734104046242768","-0.16763005780346818"
"monthly2y_near_weekA_monthA","MONTHLY","NEAR_ENTERED","82ffccbe-1f3a-46d9-8b60-5a672af527fd","stage:weekA x stage:monthA","{""stage:weekA"":""S2"",""stage:monthA"":""UNKNOWN""}","1","1","245","1","0","true","-0.030828516377649273","-0.030828516377649273","0","-0.030828516377649273","-0.030828516377649273","0.026974951830443183","-0.16763005780346818"
"monthly2y_near_weekA_monthA","MONTHLY","NEAR_ENTERED","82ffccbe-1f3a-46d9-8b60-5a672af527fd","stage:weekA x stage:monthA","{""stage:weekA"":""S3"",""stage:monthA"":""S1""}","73","50","20","73","0","false","0.0172029958111073","0.019812304483837417","0.5753424657534246","-0.019267822736030782","0.049006622516556186","0.050913838120104415","-0.025936599423631135"
"monthly2y_near_weekA_monthA","MONTHLY","NEAR_ENTERED","82ffccbe-1f3a-46d9-8b60-5a672af527fd","stage:weekA x stage:monthA","{""stage:weekA"":""S3"",""stage:monthA"":""S1""}","73","50","60","73","0","false","0.012227772953658794","0.0032098912203530894","0.5068493150684932","-0.04290296712109065","0.06110283159463492","0.07155635062611809","-0.08812260536398464"
"monthly2y_near_weekA_monthA","MONTHLY","NEAR_ENTERED","82ffccbe-1f3a-46d9-8b60-5a672af527fd","stage:weekA x stage:monthA","{""stage:weekA"":""S3"",""stage:monthA"":""S1""}","73","50","120","73","0","false","0.04075093580827896","0.02867072111207647","0.5616438356164384","-0.0741780272654371","0.10344827586206895","0.11006289308176109","-0.13509933774834437"
"monthly2y_near_weekA_monthA","MONTHLY","NEAR_ENTERED","82ffccbe-1f3a-46d9-8b60-5a672af527fd","stage:weekA x stage:monthA","{""stage:weekA"":""S3"",""stage:monthA"":""S1""}","73","50","245","73","0","false","0.12490235751992296","0.01610017889087656","0.547945205479452","-0.037449281719486804","0.21052631578947367","0.19215686274509802","-0.16864608076009502"
"monthly2y_near_weekA_monthA","MONTHLY","NEAR_ENTERED","82ffccbe-1f3a-46d9-8b60-5a672af527fd","stage:weekA x stage:monthA","{""stage:weekA"":""S3"",""stage:monthA"":""S2""}","226","147","20","226","0","false","0.019456218231498033","0.02208959028058033","0.6061946902654868","-0.027379291342275708","0.06218487394957983","0.05192538325871665","-0.032534561874638546"
"monthly2y_near_weekA_monthA","MONTHLY","NEAR_ENTERED","82ffccbe-1f3a-46d9-8b60-5a672af527fd","stage:weekA x stage:monthA","{""stage:weekA"":""S3"",""stage:monthA"":""S2""}","226","147","60","226","0","false","0.03299865043899803","0.022961588593257698","0.5663716814159292","-0.06403765232436559","0.11590256462537973","0.09084441584441583","-0.07273796110321856"
"monthly2y_near_weekA_monthA","MONTHLY","NEAR_ENTERED","82ffccbe-1f3a-46d9-8b60-5a672af527fd","stage:weekA x stage:monthA","{""stage:weekA"":""S3"",""stage:monthA"":""S2""}","226","147","120","226","0","false","0.08174843953217563","0.06238020034005587","0.6238938053097345","-0.042716700574429334","0.17939454434396562","0.14660345375074713","-0.10486455125630384"
"monthly2y_near_weekA_monthA","MONTHLY","NEAR_ENTERED","82ffccbe-1f3a-46d9-8b60-5a672af527fd","stage:weekA x stage:monthA","{""stage:weekA"":""S3"",""stage:monthA"":""S2""}","226","147","245","226","0","false","0.15785895680596862","0.07405647154351036","0.6194690265486725","-0.06810344827586212","0.28776152677697103","0.22236218198619662","-0.14981195957765397"
"monthly2y_near_weekA_monthA","MONTHLY","NEAR_ENTERED","82ffccbe-1f3a-46d9-8b60-5a672af527fd","stage:weekA x stage:monthA","{""stage:weekA"":""S3"",""stage:monthA"":""S3""}","105","81","20","105","0","false","0.008070374089681068","0.011102299762093537","0.5333333333333333","-0.030472103004291817","0.04981549815498165","0.04621171413218694","-0.03246753246753242"
"monthly2y_near_weekA_monthA","MONTHLY","NEAR_ENTERED","82ffccbe-1f3a-46d9-8b60-5a672af527fd","stage:weekA x stage:monthA","{""stage:weekA"":""S3"",""stage:monthA"":""S3""}","105","81","60","105","0","false","0.03606214386504953","0.02323780015491872","0.5714285714285714","-0.023062730627306238","0.14194669756662814","0.10077519379844957","-0.06791907514450868"
"monthly2y_near_weekA_monthA","MONTHLY","NEAR_ENTERED","82ffccbe-1f3a-46d9-8b60-5a672af527fd","stage:weekA x stage:monthA","{""stage:weekA"":""S3"",""stage:monthA"":""S3""}","105","81","120","105","0","false","0.07638470510202436","0.06300025819777955","0.6666666666666666","-0.050738007380073835","0.1704204929917834","0.15156209656596964","-0.12818696883852687"
"monthly2y_near_weekA_monthA","MONTHLY","NEAR_ENTERED","82ffccbe-1f3a-46d9-8b60-5a672af527fd","stage:weekA x stage:monthA","{""stage:weekA"":""S3"",""stage:monthA"":""S3""}","105","81","245","105","0","false","0.1613544159058661","0.13984962406015033","0.638095238095238","-0.07601351351351349","0.3510352087963504","0.30009319664492073","-0.14312499999999995"
"monthly2y_near_weekA_monthA","MONTHLY","NEAR_ENTERED","82ffccbe-1f3a-46d9-8b60-5a672af527fd","stage:weekA x stage:monthA","{""stage:weekA"":""S3"",""stage:monthA"":""S4""}","93","57","20","93","0","false","0.016824749171162806","0.008356039963669293","0.5483870967741935","-0.03994845360824739","0.05192878338278928","0.05866018743491841","-0.03928375662342409"
"monthly2y_near_weekA_monthA","MONTHLY","NEAR_ENTERED","82ffccbe-1f3a-46d9-8b60-5a672af527fd","stage:weekA x stage:monthA","{""stage:weekA"":""S3"",""stage:monthA"":""S4""}","93","57","60","93","0","false","0.024893552943864604","0.018867924528301883","0.5806451612903226","-0.045883940620782715","0.0965937976614133","0.08673305493093486","-0.07999999999999996"
"monthly2y_near_weekA_monthA","MONTHLY","NEAR_ENTERED","82ffccbe-1f3a-46d9-8b60-5a672af527fd","stage:weekA x stage:monthA","{""stage:weekA"":""S3"",""stage:monthA"":""S4""}","93","57","120","93","0","false","0.06779006777407676","0.03683709114004441","0.6236559139784946","-0.05294117647058827","0.1452755905511811","0.15712988192552224","-0.13043478260869568"
"monthly2y_near_weekA_monthA","MONTHLY","NEAR_ENTERED","82ffccbe-1f3a-46d9-8b60-5a672af527fd","stage:weekA x stage:monthA","{""stage:weekA"":""S3"",""stage:monthA"":""S4""}","93","57","245","93","0","false","0.16157541287243118","0.12594113620807668","0.6881720430107527","-0.029753265602322165","0.3267583701012198","0.28321775312066566","-0.13972888425443175"
"monthly2y_near_weekA_monthA","MONTHLY","NEAR_ENTERED","82ffccbe-1f3a-46d9-8b60-5a672af527fd","stage:weekA x stage:monthA","{""stage:weekA"":""S3"",""stage:monthA"":""S5""}","28","24","20","28","0","true","-0.00915367897889898","-0.01873726050629665","0.4642857142857143","-0.0633226569053611","0.057574846068336016","0.04588999494389745","-0.04438011137258557"
"monthly2y_near_weekA_monthA","MONTHLY","NEAR_ENTERED","82ffccbe-1f3a-46d9-8b60-5a672af527fd","stage:weekA x stage:monthA","{""stage:weekA"":""S3"",""stage:monthA"":""S5""}","28","24","60","28","0","true","0.02265151163640728","-0.00956431963658888","0.42857142857142855","-0.0758236101578586","0.12074554782006658","0.0846319055005369","-0.14140933478190498"
"monthly2y_near_weekA_monthA","MONTHLY","NEAR_ENTERED","82ffccbe-1f3a-46d9-8b60-5a672af527fd","stage:weekA x stage:monthA","{""stage:weekA"":""S3"",""stage:monthA"":""S5""}","28","24","120","28","0","true","0.0953678223825606","0.030268784256394676","0.5357142857142857","-0.07049913182607431","0.23554063503750577","0.11192185875583283","-0.16197595437374002"
"monthly2y_near_weekA_monthA","MONTHLY","NEAR_ENTERED","82ffccbe-1f3a-46d9-8b60-5a672af527fd","stage:weekA x stage:monthA","{""stage:weekA"":""S3"",""stage:monthA"":""S5""}","28","24","245","28","0","true","0.24565614202120317","0.17759166785424507","0.7142857142857143","-0.06390850223941724","0.4490220824656319","0.36908045977011494","-0.16407349958238876"
"monthly2y_near_weekA_monthA","MONTHLY","NEAR_ENTERED","82ffccbe-1f3a-46d9-8b60-5a672af527fd","stage:weekA x stage:monthA","{""stage:weekA"":""S3"",""stage:monthA"":""S6""}","20","16","20","20","0","true","0.04013040958163969","0.018708042677326175","0.7","-0.011540789879362717","0.04449017003085998","0.05685541815455453","-0.030500879764048694"
"monthly2y_near_weekA_monthA","MONTHLY","NEAR_ENTERED","82ffccbe-1f3a-46d9-8b60-5a672af527fd","stage:weekA x stage:monthA","{""stage:weekA"":""S3"",""stage:monthA"":""S6""}","20","16","60","20","0","true","0.045387918716595976","0.00897444477522158","0.55","-0.052949451276906034","0.105209305771653","0.06735761769692372","-0.12106835537879812"
"monthly2y_near_weekA_monthA","MONTHLY","NEAR_ENTERED","82ffccbe-1f3a-46d9-8b60-5a672af527fd","stage:weekA x stage:monthA","{""stage:weekA"":""S3"",""stage:monthA"":""S6""}","20","16","120","20","0","true","0.09753932297519513","0.0890122790635065","0.65","-0.02185176639491357","0.1511405488296143","0.13380396845497367","-0.12668711757766216"
"monthly2y_near_weekA_monthA","MONTHLY","NEAR_ENTERED","82ffccbe-1f3a-46d9-8b60-5a672af527fd","stage:weekA x stage:monthA","{""stage:weekA"":""S3"",""stage:monthA"":""S6""}","20","16","245","20","0","true","0.3044203790710026","0.27817493112947655","0.8","0.10443557897691408","0.3682148853676418","0.3858011084959535","-0.12668711757766216"
"monthly2y_near_weekA_monthA","MONTHLY","NEAR_ENTERED","82ffccbe-1f3a-46d9-8b60-5a672af527fd","stage:weekA x stage:monthA","{""stage:weekA"":""S3"",""stage:monthA"":""UNKNOWN""}","2","2","20","2","0","true","-0.03844595231363679","-0.03844595231363679","0","-0.04594053340872678","-0.030951371218546797","0.006285929695598824","-0.057473376684572586"
"monthly2y_near_weekA_monthA","MONTHLY","NEAR_ENTERED","82ffccbe-1f3a-46d9-8b60-5a672af527fd","stage:weekA x stage:monthA","{""stage:weekA"":""S3"",""stage:monthA"":""UNKNOWN""}","2","2","60","2","0","true","-0.06072000753934598","-0.06072000753934598","0","-0.08344642352275941","-0.03799359155593254","0.006285929695598824","-0.13648572236358497"
"monthly2y_near_weekA_monthA","MONTHLY","NEAR_ENTERED","82ffccbe-1f3a-46d9-8b60-5a672af527fd","stage:weekA x stage:monthA","{""stage:weekA"":""S3"",""stage:monthA"":""UNKNOWN""}","2","2","120","2","0","true","-0.09760154556592215","-0.09760154556592215","0","-0.11368626896616718","-0.08151682216567713","0.006285929695598824","-0.18037885213457733"
"monthly2y_near_weekA_monthA","MONTHLY","NEAR_ENTERED","82ffccbe-1f3a-46d9-8b60-5a672af527fd","stage:weekA x stage:monthA","{""stage:weekA"":""S3"",""stage:monthA"":""UNKNOWN""}","2","2","245","2","0","true","0.0677857883328622","0.0677857883328622","0.5","0.019579917067194474","0.11599165959852992","0.09624210724719628","-0.18037885213457733"
"monthly2y_near_weekA_monthA","MONTHLY","NEAR_ENTERED","82ffccbe-1f3a-46d9-8b60-5a672af527fd","stage:weekA x stage:monthA","{""stage:weekA"":""S4"",""stage:monthA"":""S1""}","8","6","20","8","0","true","-0.011838115558052198","-0.019276815307116835","0.25","-0.0579336065716122","0.0007593042940122474","0.029041532266143033","-0.0409806915673786"
"monthly2y_near_weekA_monthA","MONTHLY","NEAR_ENTERED","82ffccbe-1f3a-46d9-8b60-5a672af527fd","stage:weekA x stage:monthA","{""stage:weekA"":""S4"",""stage:monthA"":""S1""}","8","6","60","8","0","true","0.04623622625653605","0.004919076434375169","0.75","-0.003553143954075022","0.07485046101527942","0.05122064480722455","-0.055886242061186475"
"monthly2y_near_weekA_monthA","MONTHLY","NEAR_ENTERED","82ffccbe-1f3a-46d9-8b60-5a672af527fd","stage:weekA x stage:monthA","{""stage:weekA"":""S4"",""stage:monthA"":""S1""}","8","6","120","8","0","true","0.06689696740391483","0.055769257063163935","0.625","-0.0028274197102958754","0.14338134538987718","0.13239611906647075","-0.05884399046033395"
"monthly2y_near_weekA_monthA","MONTHLY","NEAR_ENTERED","82ffccbe-1f3a-46d9-8b60-5a672af527fd","stage:weekA x stage:monthA","{""stage:weekA"":""S4"",""stage:monthA"":""S1""}","8","6","245","8","0","true","0.09025296925931296","0.09853830543891029","0.625","-0.014242504165309394","0.11490711314368401","0.2170402216173305","-0.14325771243229063"
"monthly2y_near_weekA_monthA","MONTHLY","NEAR_ENTERED","82ffccbe-1f3a-46d9-8b60-5a672af527fd","stage:weekA x stage:monthA","{""stage:weekA"":""S4"",""stage:monthA"":""S2""}","144","96","20","144","0","false","0.0290185658018066","0.01568184890011637","0.6111111111111112","-0.028743435845459464","0.0685444874274661","0.056027046378052225","-0.029802813758175284"
"monthly2y_near_weekA_monthA","MONTHLY","NEAR_ENTERED","82ffccbe-1f3a-46d9-8b60-5a672af527fd","stage:weekA x stage:monthA","{""stage:weekA"":""S4"",""stage:monthA"":""S2""}","144","96","60","144","0","false","0.03840517116517049","0.012214138455658663","0.5208333333333334","-0.06711385877705456","0.11608013601803036","0.10709765195059318","-0.09055059943416799"
"monthly2y_near_weekA_monthA","MONTHLY","NEAR_ENTERED","82ffccbe-1f3a-46d9-8b60-5a672af527fd","stage:weekA x stage:monthA","{""stage:weekA"":""S4"",""stage:monthA"":""S2""}","144","96","120","144","0","false","0.06747443483140278","0.05033531773269906","0.5833333333333334","-0.08107077057226836","0.17646605318591468","0.15577278788660898","-0.1138232311467155"
"monthly2y_near_weekA_monthA","MONTHLY","NEAR_ENTERED","82ffccbe-1f3a-46d9-8b60-5a672af527fd","stage:weekA x stage:monthA","{""stage:weekA"":""S4"",""stage:monthA"":""S2""}","144","96","245","144","0","false","0.19692796906569748","0.07736339367033063","0.6458333333333334","-0.06625510156025327","0.2997626129401571","0.20341827946233304","-0.1469719239384007"
"monthly2y_near_weekA_monthA","MONTHLY","NEAR_ENTERED","82ffccbe-1f3a-46d9-8b60-5a672af527fd","stage:weekA x stage:monthA","{""stage:weekA"":""S4"",""stage:monthA"":""S3""}","462","249","20","462","0","false","0.008636825140621744","0.012482753386563461","0.5995670995670995","-0.02536092160627476","0.04612201013314482","0.04965652073708582","-0.030673595786283536"
"monthly2y_near_weekA_monthA","MONTHLY","NEAR_ENTERED","82ffccbe-1f3a-46d9-8b60-5a672af527fd","stage:weekA x stage:monthA","{""stage:weekA"":""S4"",""stage:monthA"":""S3""}","462","249","60","462","0","false","0.04734611574402208","0.035126226186559806","0.6082251082251082","-0.03635375219764969","0.11075457918242876","0.09867073241958146","-0.07070983761686894"
"monthly2y_near_weekA_monthA","MONTHLY","NEAR_ENTERED","82ffccbe-1f3a-46d9-8b60-5a672af527fd","stage:weekA x stage:monthA","{""stage:weekA"":""S4"",""stage:monthA"":""S3""}","462","249","120","462","0","false","0.10011803504616706","0.06207455171832699","0.6233766233766234","-0.04007232915123557","0.1933267158093554","0.15500099944798285","-0.10688995278417757"
"monthly2y_near_weekA_monthA","MONTHLY","NEAR_ENTERED","82ffccbe-1f3a-46d9-8b60-5a672af527fd","stage:weekA x stage:monthA","{""stage:weekA"":""S4"",""stage:monthA"":""S3""}","462","249","245","462","0","false","0.24191140715743964","0.16248364896328393","0.70995670995671","-0.024674417618511052","0.41713307468178296","0.28892408860729113","-0.1419403565905763"
"monthly2y_near_weekA_monthA","MONTHLY","NEAR_ENTERED","82ffccbe-1f3a-46d9-8b60-5a672af527fd","stage:weekA x stage:monthA","{""stage:weekA"":""S4"",""stage:monthA"":""S4""}","685","328","20","685","0","false","0.018972920687702753","0.010852713178294504","0.5678832116788322","-0.026897788404064538","0.05586592178770955","0.052890528905289","-0.03329322101885279"
"monthly2y_near_weekA_monthA","MONTHLY","NEAR_ENTERED","82ffccbe-1f3a-46d9-8b60-5a672af527fd","stage:weekA x stage:monthA","{""stage:weekA"":""S4"",""stage:monthA"":""S4""}","685","328","60","685","0","false","0.03610178483876648","0.021857923497267784","0.602919708029197","-0.039851401553529175","0.08991399530883504","0.0884527872582479","-0.06765899864682001"
"monthly2y_near_weekA_monthA","MONTHLY","NEAR_ENTERED","82ffccbe-1f3a-46d9-8b60-5a672af527fd","stage:weekA x stage:monthA","{""stage:weekA"":""S4"",""stage:monthA"":""S4""}","685","328","120","685","0","false","0.08116942582676977","0.056394763343403875","0.6583941605839416","-0.03675213675213673","0.16468785905783223","0.1428571428571428","-0.11545074920167031"
"monthly2y_near_weekA_monthA","MONTHLY","NEAR_ENTERED","82ffccbe-1f3a-46d9-8b60-5a672af527fd","stage:weekA x stage:monthA","{""stage:weekA"":""S4"",""stage:monthA"":""S4""}","685","328","245","683","2","false","0.24541819941116144","0.18072714436992587","0.7774524158125915","0.014225919531209108","0.3964875270847543","0.30082905645479663","-0.14529914529914534"
"monthly2y_near_weekA_monthA","MONTHLY","NEAR_ENTERED","82ffccbe-1f3a-46d9-8b60-5a672af527fd","stage:weekA x stage:monthA","{""stage:weekA"":""S4"",""stage:monthA"":""S5""}","55","35","20","55","0","false","-0.0015199924183233117","0.0031796502384737746","0.5272727272727272","-0.04535732999689884","0.028093084096942","0.05159332321699539","-0.042689434364994616"
"monthly2y_near_weekA_monthA","MONTHLY","NEAR_ENTERED","82ffccbe-1f3a-46d9-8b60-5a672af527fd","stage:weekA x stage:monthA","{""stage:weekA"":""S4"",""stage:monthA"":""S5""}","55","35","60","55","0","false","0.005195783968762296","-0.005665722379603388","0.4727272727272727","-0.08329886100845058","0.07585249652999215","0.06802218114602598","-0.09173313995649024"
"monthly2y_near_weekA_monthA","MONTHLY","NEAR_ENTERED","82ffccbe-1f3a-46d9-8b60-5a672af527fd","stage:weekA x stage:monthA","{""stage:weekA"":""S4"",""stage:monthA"":""S5""}","55","35","120","55","0","false","0.05866536197811583","0.04874213836477992","0.6363636363636364","-0.03676341242231884","0.1491246825673188","0.10144927536231885","-0.12216685420350426"
"monthly2y_near_weekA_monthA","MONTHLY","NEAR_ENTERED","82ffccbe-1f3a-46d9-8b60-5a672af527fd","stage:weekA x stage:monthA","{""stage:weekA"":""S4"",""stage:monthA"":""S5""}","55","35","245","55","0","false","0.19530346916161476","0.1567877629063097","0.6909090909090909","-0.0218642615978909","0.41679004664217234","0.2648648648648648","-0.1661855670103093"
"monthly2y_near_weekA_monthA","MONTHLY","NEAR_ENTERED","82ffccbe-1f3a-46d9-8b60-5a672af527fd","stage:weekA x stage:monthA","{""stage:weekA"":""S4"",""stage:monthA"":""S6""}","7","6","20","7","0","true","0.04051442839938806","0.05369928400954649","0.7142857142857143","0.005688417299808568","0.10438787212020373","0.07176287051482055","-0.053708439897698246"
"monthly2y_near_weekA_monthA","MONTHLY","NEAR_ENTERED","82ffccbe-1f3a-46d9-8b60-5a672af527fd","stage:weekA x stage:monthA","{""stage:weekA"":""S4"",""stage:monthA"":""S6""}","7","6","60","7","0","true","0.09876641916630684","0.04347266881028933","0.7142857142857143","-0.0168674981386302","0.2257927859102009","0.1808686091258933","-0.06652744630071594"
"monthly2y_near_weekA_monthA","MONTHLY","NEAR_ENTERED","82ffccbe-1f3a-46d9-8b60-5a672af527fd","stage:weekA x stage:monthA","{""stage:weekA"":""S4"",""stage:monthA"":""S6""}","7","6","120","7","0","true","0.1803678053484123","0.1379879054425508","0.7142857142857143","0.033713020648689696","0.36574363756270034","0.302250803858521","-0.06652744630071594"
"monthly2y_near_weekA_monthA","MONTHLY","NEAR_ENTERED","82ffccbe-1f3a-46d9-8b60-5a672af527fd","stage:weekA x stage:monthA","{""stage:weekA"":""S4"",""stage:monthA"":""S6""}","7","6","245","7","0","true","0.25644782201958644","0.13139087410665207","0.8571428571428571","0.09933880778515636","0.4697761666500395","0.4713826366559486","-0.06652744630071594"
"monthly2y_near_weekA_monthA","MONTHLY","NEAR_ENTERED","82ffccbe-1f3a-46d9-8b60-5a672af527fd","stage:weekA x stage:monthA","{""stage:weekA"":""S4"",""stage:monthA"":""UNKNOWN""}","0","0","20","0","0","true","","","","","","",""
"monthly2y_near_weekA_monthA","MONTHLY","NEAR_ENTERED","82ffccbe-1f3a-46d9-8b60-5a672af527fd","stage:weekA x stage:monthA","{""stage:weekA"":""S4"",""stage:monthA"":""UNKNOWN""}","0","0","60","0","0","true","","","","","","",""
"monthly2y_near_weekA_monthA","MONTHLY","NEAR_ENTERED","82ffccbe-1f3a-46d9-8b60-5a672af527fd","stage:weekA x stage:monthA","{""stage:weekA"":""S4"",""stage:monthA"":""UNKNOWN""}","0","0","120","0","0","true","","","","","","",""
"monthly2y_near_weekA_monthA","MONTHLY","NEAR_ENTERED","82ffccbe-1f3a-46d9-8b60-5a672af527fd","stage:weekA x stage:monthA","{""stage:weekA"":""S4"",""stage:monthA"":""UNKNOWN""}","0","0","245","0","0","true","","","","","","",""
"monthly2y_near_weekA_monthA","MONTHLY","NEAR_ENTERED","82ffccbe-1f3a-46d9-8b60-5a672af527fd","stage:weekA x stage:monthA","{""stage:weekA"":""S5"",""stage:monthA"":""S1""}","2","2","20","2","0","true","-0.08505137498753029","-0.08505137498753029","0","-0.08562913576962719","-0.0844736142054334","0.031899164414211145","-0.11442513692871153"
"monthly2y_near_weekA_monthA","MONTHLY","NEAR_ENTERED","82ffccbe-1f3a-46d9-8b60-5a672af527fd","stage:weekA x stage:monthA","{""stage:weekA"":""S5"",""stage:monthA"":""S1""}","2","2","60","2","0","true","-0.14377752231474838","-0.14377752231474838","0","-0.16578943618148217","-0.1217656084480146","0.031899164414211145","-0.18434844259919908"
"monthly2y_near_weekA_monthA","MONTHLY","NEAR_ENTERED","82ffccbe-1f3a-46d9-8b60-5a672af527fd","stage:weekA x stage:monthA","{""stage:weekA"":""S5"",""stage:monthA"":""S1""}","2","2","120","2","0","true","-0.1942891345345374","-0.1942891345345374","0","-0.2015322239692938","-0.18704604509978098","0.031899164414211145","-0.23938535278441503"
"monthly2y_near_weekA_monthA","MONTHLY","NEAR_ENTERED","82ffccbe-1f3a-46d9-8b60-5a672af527fd","stage:weekA x stage:monthA","{""stage:weekA"":""S5"",""stage:monthA"":""S1""}","2","2","245","2","0","true","-0.15914548408396706","-0.15914548408396706","0","-0.17467881725895554","-0.14361215090897858","0.031899164414211145","-0.2867617369163607"
"monthly2y_near_weekA_monthA","MONTHLY","NEAR_ENTERED","82ffccbe-1f3a-46d9-8b60-5a672af527fd","stage:weekA x stage:monthA","{""stage:weekA"":""S5"",""stage:monthA"":""S2""}","15","12","20","15","0","true","0.02885757242220383","0.030403998334027404","0.6666666666666666","-0.026355895184731803","0.07538001955261886","0.0634125990821861","-0.014601585314977017"
"monthly2y_near_weekA_monthA","MONTHLY","NEAR_ENTERED","82ffccbe-1f3a-46d9-8b60-5a672af527fd","stage:weekA x stage:monthA","{""stage:weekA"":""S5"",""stage:monthA"":""S2""}","15","12","60","15","0","true","0.055715727574021406","0.012494793835901685","0.6","-0.030576507447766355","0.1359125895502501","0.10108864696734066","-0.02536860364267124"
"monthly2y_near_weekA_monthA","MONTHLY","NEAR_ENTERED","82ffccbe-1f3a-46d9-8b60-5a672af527fd","stage:weekA x stage:monthA","{""stage:weekA"":""S5"",""stage:monthA"":""S2""}","15","12","120","15","0","true","0.031477298619794224","-0.0028530670470755526","0.4666666666666667","-0.050514837300679905","0.07445191950287355","0.10190421234852853","-0.14487632508833925"
"monthly2y_near_weekA_monthA","MONTHLY","NEAR_ENTERED","82ffccbe-1f3a-46d9-8b60-5a672af527fd","stage:weekA x stage:monthA","{""stage:weekA"":""S5"",""stage:monthA"":""S2""}","15","12","245","15","0","true","0.1472093015222828","0.07746772178259054","0.8666666666666667","0.03322009654925795","0.1690370002858207","0.1783166904422253","-0.15987558320373252"
"monthly2y_near_weekA_monthA","MONTHLY","NEAR_ENTERED","82ffccbe-1f3a-46d9-8b60-5a672af527fd","stage:weekA x stage:monthA","{""stage:weekA"":""S5"",""stage:monthA"":""S3""}","41","37","20","41","0","false","0.009816921377080262","-0.005923532579429236","0.4634146341463415","-0.02548371873525246","0.044191919191919116","0.040196882690730185","-0.038233710285406564"
"monthly2y_near_weekA_monthA","MONTHLY","NEAR_ENTERED","82ffccbe-1f3a-46d9-8b60-5a672af527fd","stage:weekA x stage:monthA","{""stage:weekA"":""S5"",""stage:monthA"":""S3""}","41","37","60","41","0","false","0.02098678174557665","0.0017241379310344307","0.5121951219512195","-0.039155042835493314","0.05036764705882346","0.05905172413793114","-0.0790246105215624"
"monthly2y_near_weekA_monthA","MONTHLY","NEAR_ENTERED","82ffccbe-1f3a-46d9-8b60-5a672af527fd","stage:weekA x stage:monthA","{""stage:weekA"":""S5"",""stage:monthA"":""S3""}","41","37","120","41","0","false","0.10029926876839676","0.0420009438414346","0.6585365853658537","-0.03821656050955413","0.21077586206896548","0.12938711367207967","-0.13122171945701355"
"monthly2y_near_weekA_monthA","MONTHLY","NEAR_ENTERED","82ffccbe-1f3a-46d9-8b60-5a672af527fd","stage:weekA x stage:monthA","{""stage:weekA"":""S5"",""stage:monthA"":""S3""}","41","37","245","41","0","false","0.2672541082711237","0.24343646000246522","0.8292682926829268","0.08562197092084012","0.4053030303030303","0.3496856896339209","-0.1484162895927602"
"monthly2y_near_weekA_monthA","MONTHLY","NEAR_ENTERED","82ffccbe-1f3a-46d9-8b60-5a672af527fd","stage:weekA x stage:monthA","{""stage:weekA"":""S5"",""stage:monthA"":""S4""}","178","120","20","178","0","false","0.0214097403540146","0.00915406533030727","0.5730337078651685","-0.02307365261737024","0.05212659999441899","0.04853806512093961","-0.034043847600848"
"monthly2y_near_weekA_monthA","MONTHLY","NEAR_ENTERED","82ffccbe-1f3a-46d9-8b60-5a672af527fd","stage:weekA x stage:monthA","{""stage:weekA"":""S5"",""stage:monthA"":""S4""}","178","120","60","178","0","false","0.02528248264824282","0.005822625427778116","0.5168539325842697","-0.055695941213977335","0.07514399488018197","0.08120048316944461","-0.0735332220480735"
"monthly2y_near_weekA_monthA","MONTHLY","NEAR_ENTERED","82ffccbe-1f3a-46d9-8b60-5a672af527fd","stage:weekA x stage:monthA","{""stage:weekA"":""S5"",""stage:monthA"":""S4""}","178","120","120","178","0","false","0.03568231209037089","0.010758872939925612","0.5168539325842697","-0.06489536991267095","0.08267664062844787","0.11310573471033858","-0.13312229169772144"
"monthly2y_near_weekA_monthA","MONTHLY","NEAR_ENTERED","82ffccbe-1f3a-46d9-8b60-5a672af527fd","stage:weekA x stage:monthA","{""stage:weekA"":""S5"",""stage:monthA"":""S4""}","178","120","245","178","0","false","0.2265032293683228","0.18808128733529594","0.7191011235955056","-0.017424106340937717","0.3621233159846377","0.28962871960450387","-0.16049593681172625"
"monthly2y_near_weekA_monthA","MONTHLY","NEAR_ENTERED","82ffccbe-1f3a-46d9-8b60-5a672af527fd","stage:weekA x stage:monthA","{""stage:weekA"":""S5"",""stage:monthA"":""S5""}","39","30","20","39","0","false","0.017494514036572293","0.01618705035971213","0.7435897435897436","-0.0006877508683392208","0.05465267672512819","0.05517727166001407","-0.02898550724637683"
"monthly2y_near_weekA_monthA","MONTHLY","NEAR_ENTERED","82ffccbe-1f3a-46d9-8b60-5a672af527fd","stage:weekA x stage:monthA","{""stage:weekA"":""S5"",""stage:monthA"":""S5""}","39","30","60","39","0","false","0.0009443866270807713","-0.014248021108179465","0.41025641025641024","-0.04940198105741489","0.07061842897908888","0.08269423141047016","-0.08143939393939392"
"monthly2y_near_weekA_monthA","MONTHLY","NEAR_ENTERED","82ffccbe-1f3a-46d9-8b60-5a672af527fd","stage:weekA x stage:monthA","{""stage:weekA"":""S5"",""stage:monthA"":""S5""}","39","30","120","39","0","false","0.0477654197236812","0.06374695863746949","0.5641025641025641","-0.0444041139603929","0.11963104830695515","0.12370790263421139","-0.132360097323601"
"monthly2y_near_weekA_monthA","MONTHLY","NEAR_ENTERED","82ffccbe-1f3a-46d9-8b60-5a672af527fd","stage:weekA x stage:monthA","{""stage:weekA"":""S5"",""stage:monthA"":""S5""}","39","30","245","39","0","false","0.15919840665276125","0.1212121212121211","0.6666666666666666","-0.05321348697046119","0.27484806762346603","0.29789029535864975","-0.14247069431920645"
"monthly2y_near_weekA_monthA","MONTHLY","NEAR_ENTERED","82ffccbe-1f3a-46d9-8b60-5a672af527fd","stage:weekA x stage:monthA","{""stage:weekA"":""S5"",""stage:monthA"":""S6""}","1","1","20","1","0","true","-0.03808273145108343","-0.03808273145108343","0","-0.03808273145108343","-0.03808273145108343","0.013131976362442455","-0.045961917268548924"
"monthly2y_near_weekA_monthA","MONTHLY","NEAR_ENTERED","82ffccbe-1f3a-46d9-8b60-5a672af527fd","stage:weekA x stage:monthA","{""stage:weekA"":""S5"",""stage:monthA"":""S6""}","1","1","60","1","0","true","0.009848982271831952","0.009848982271831952","1","0.009848982271831952","0.009848982271831952","0.02232435981615244","-0.2107682206172029"
"monthly2y_near_weekA_monthA","MONTHLY","NEAR_ENTERED","82ffccbe-1f3a-46d9-8b60-5a672af527fd","stage:weekA x stage:monthA","{""stage:weekA"":""S5"",""stage:monthA"":""S6""}","1","1","120","1","0","true","0.0013131976362441566","0.0013131976362441566","1","0.0013131976362441566","0.0013131976362441566","0.050558108995403916","-0.2107682206172029"
"monthly2y_near_weekA_monthA","MONTHLY","NEAR_ENTERED","82ffccbe-1f3a-46d9-8b60-5a672af527fd","stage:weekA x stage:monthA","{""stage:weekA"":""S5"",""stage:monthA"":""S6""}","1","1","245","1","0","true","0.25541694024950745","0.25541694024950745","1","0.25541694024950745","0.25541694024950745","0.32632961260669724","-0.2107682206172029"
"monthly2y_near_weekA_monthA","MONTHLY","NEAR_ENTERED","82ffccbe-1f3a-46d9-8b60-5a672af527fd","stage:weekA x stage:monthA","{""stage:weekA"":""S5"",""stage:monthA"":""UNKNOWN""}","1","1","20","1","0","true","-0.07797029702970293","-0.07797029702970293","0","-0.07797029702970293","-0.07797029702970293","0.06930693069306937","-0.12376237623762376"
"monthly2y_near_weekA_monthA","MONTHLY","NEAR_ENTERED","82ffccbe-1f3a-46d9-8b60-5a672af527fd","stage:weekA x stage:monthA","{""stage:weekA"":""S5"",""stage:monthA"":""UNKNOWN""}","1","1","60","1","0","true","-0.10024752475247523","-0.10024752475247523","0","-0.10024752475247523","-0.10024752475247523","0.06930693069306937","-0.13613861386138615"
"monthly2y_near_weekA_monthA","MONTHLY","NEAR_ENTERED","82ffccbe-1f3a-46d9-8b60-5a672af527fd","stage:weekA x stage:monthA","{""stage:weekA"":""S5"",""stage:monthA"":""UNKNOWN""}","1","1","120","1","0","true","-0.11014851485148514","-0.11014851485148514","0","-0.11014851485148514","-0.11014851485148514","0.06930693069306937","-0.22277227722772275"
"monthly2y_near_weekA_monthA","MONTHLY","NEAR_ENTERED","82ffccbe-1f3a-46d9-8b60-5a672af527fd","stage:weekA x stage:monthA","{""stage:weekA"":""S5"",""stage:monthA"":""UNKNOWN""}","1","1","245","1","0","true","-0.11509900990099009","-0.11509900990099009","0","-0.11509900990099009","-0.11509900990099009","0.06930693069306937","-0.25742574257425743"
"monthly2y_near_weekA_monthA","MONTHLY","NEAR_ENTERED","82ffccbe-1f3a-46d9-8b60-5a672af527fd","stage:weekA x stage:monthA","{""stage:weekA"":""S6"",""stage:monthA"":""S1""}","4","4","20","4","0","true","0.06011357034050174","0.050565645100264844","0.75","0.01453020134228189","0.0961490140984847","0.07081363777180194","-0.05402106869608719"
"monthly2y_near_weekA_monthA","MONTHLY","NEAR_ENTERED","82ffccbe-1f3a-46d9-8b60-5a672af527fd","stage:weekA x stage:monthA","{""stage:weekA"":""S6"",""stage:monthA"":""S1""}","4","4","60","4","0","true","0.056850173044947105","0.06090332954975408","1","0.03783976510067111","0.07991373749403008","0.07588914112750667","-0.06526939084373817"
"monthly2y_near_weekA_monthA","MONTHLY","NEAR_ENTERED","82ffccbe-1f3a-46d9-8b60-5a672af527fd","stage:weekA x stage:monthA","{""stage:weekA"":""S6"",""stage:monthA"":""S1""}","4","4","120","4","0","true","0.10345170036171081","0.12449496644295299","0.75","0.055601038389363255","0.17234562841530054","0.139481543624161","-0.10915891032917141"
"monthly2y_near_weekA_monthA","MONTHLY","NEAR_ENTERED","82ffccbe-1f3a-46d9-8b60-5a672af527fd","stage:weekA x stage:monthA","{""stage:weekA"":""S6"",""stage:monthA"":""S1""}","4","4","245","4","0","true","0.05923555474269729","0.08553691275167785","0.75","-0.05552124835261943","0.20029371584699457","0.28015436241610747","-0.14107214765100667"
"monthly2y_near_weekA_monthA","MONTHLY","NEAR_ENTERED","82ffccbe-1f3a-46d9-8b60-5a672af527fd","stage:weekA x stage:monthA","{""stage:weekA"":""S6"",""stage:monthA"":""S2""}","12","12","20","12","0","true","0.014566248484051775","0.005940015357823569","0.5","-0.04463050800140242","0.06426862750112172","0.048708502024291556","-0.09177899072068635"
"monthly2y_near_weekA_monthA","MONTHLY","NEAR_ENTERED","82ffccbe-1f3a-46d9-8b60-5a672af527fd","stage:weekA x stage:monthA","{""stage:weekA"":""S6"",""stage:monthA"":""S2""}","12","12","60","12","0","true","0.02252141208135659","0.017965340006188213","0.5833333333333334","-0.09483771098617724","0.09517959624470446","0.07311168504816423","-0.10978954802440266"
"monthly2y_near_weekA_monthA","MONTHLY","NEAR_ENTERED","82ffccbe-1f3a-46d9-8b60-5a672af527fd","stage:weekA x stage:monthA","{""stage:weekA"":""S6"",""stage:monthA"":""S2""}","12","12","120","12","0","true","0.06561969567977044","0.01909483035542192","0.5833333333333334","-0.032187915682013596","0.11824213606221468","0.10138167217760985","-0.11702713802061332"
"monthly2y_near_weekA_monthA","MONTHLY","NEAR_ENTERED","82ffccbe-1f3a-46d9-8b60-5a672af527fd","stage:weekA x stage:monthA","{""stage:weekA"":""S6"",""stage:monthA"":""S2""}","12","12","245","12","0","true","0.06350453894543256","0.05815072781883801","0.5833333333333334","-0.17007585467457015","0.14311082160355715","0.12334217506631295","-0.18168545391388147"
"monthly2y_near_weekA_monthA","MONTHLY","NEAR_ENTERED","82ffccbe-1f3a-46d9-8b60-5a672af527fd","stage:weekA x stage:monthA","{""stage:weekA"":""S6"",""stage:monthA"":""S3""}","12","11","20","12","0","true","0.023651563600085957","0.015745953553835346","0.5833333333333334","-0.008201622183292123","0.0365044349867486","0.04484529778647428","-0.019846901597585676"
"monthly2y_near_weekA_monthA","MONTHLY","NEAR_ENTERED","82ffccbe-1f3a-46d9-8b60-5a672af527fd","stage:weekA x stage:monthA","{""stage:weekA"":""S6"",""stage:monthA"":""S3""}","12","11","60","12","0","true","0.041665836134427724","-0.0006802721088435271","0.4166666666666667","-0.022504926801801772","0.09569418284555192","0.050605696518698395","-0.035733847195666024"
"monthly2y_near_weekA_monthA","MONTHLY","NEAR_ENTERED","82ffccbe-1f3a-46d9-8b60-5a672af527fd","stage:weekA x stage:monthA","{""stage:weekA"":""S6"",""stage:monthA"":""S3""}","12","11","120","12","0","true","0.10716408682770402","0.10712969361898184","0.6666666666666666","-0.03428340442001562","0.19100937672366247","0.18172694753577112","-0.05798627143164958"
"monthly2y_near_weekA_monthA","MONTHLY","NEAR_ENTERED","82ffccbe-1f3a-46d9-8b60-5a672af527fd","stage:weekA x stage:monthA","{""stage:weekA"":""S6"",""stage:monthA"":""S3""}","12","11","245","12","0","true","0.19358356219995498","0.11660231660231668","0.75","0.014090332660154192","0.25430666219494025","0.24998249299719888","-0.0767770970720984"
"monthly2y_near_weekA_monthA","MONTHLY","NEAR_ENTERED","82ffccbe-1f3a-46d9-8b60-5a672af527fd","stage:weekA x stage:monthA","{""stage:weekA"":""S6"",""stage:monthA"":""S4""}","28","22","20","28","0","true","-0.018082228050514574","-0.0005549768775024444","0.4642857142857143","-0.07287922748022888","0.041316374271287815","0.04315408038644819","-0.054610718907780076"
"monthly2y_near_weekA_monthA","MONTHLY","NEAR_ENTERED","82ffccbe-1f3a-46d9-8b60-5a672af527fd","stage:weekA x stage:monthA","{""stage:weekA"":""S6"",""stage:monthA"":""S4""}","28","22","60","28","0","true","-0.04524777727108791","-0.049576388643146174","0.35714285714285715","-0.11258500744628783","0.02627784699530622","0.06898819421350177","-0.12235270736195225"
"monthly2y_near_weekA_monthA","MONTHLY","NEAR_ENTERED","82ffccbe-1f3a-46d9-8b60-5a672af527fd","stage:weekA x stage:monthA","{""stage:weekA"":""S6"",""stage:monthA"":""S4""}","28","22","120","28","0","true","0.0460114206264001","0.03365424393109906","0.6428571428571429","-0.08731549115944734","0.12536539740605257","0.11909348957686805","-0.13001101700750534"
"monthly2y_near_weekA_monthA","MONTHLY","NEAR_ENTERED","82ffccbe-1f3a-46d9-8b60-5a672af527fd","stage:weekA x stage:monthA","{""stage:weekA"":""S6"",""stage:monthA"":""S4""}","28","22","245","28","0","true","0.24669788605477214","0.0629593810444874","0.6428571428571429","-0.030842959508922407","0.2834296087782382","0.2233370455920365","-0.16724448155455968"
"monthly2y_near_weekA_monthA","MONTHLY","NEAR_ENTERED","82ffccbe-1f3a-46d9-8b60-5a672af527fd","stage:weekA x stage:monthA","{""stage:weekA"":""S6"",""stage:monthA"":""S5""}","69","52","20","69","0","false","0.019722833591813524","0.010281385281385225","0.5652173913043478","-0.017185821697099923","0.06028266512835301","0.05503634475597097","-0.03203463203463208"
"monthly2y_near_weekA_monthA","MONTHLY","NEAR_ENTERED","82ffccbe-1f3a-46d9-8b60-5a672af527fd","stage:weekA x stage:monthA","{""stage:weekA"":""S6"",""stage:monthA"":""S5""}","69","52","60","69","0","false","0.04098582943740405","0.02473498233215543","0.5942028985507246","-0.03658536585365857","0.11092985318107673","0.09503154574132489","-0.0658789831722163"
"monthly2y_near_weekA_monthA","MONTHLY","NEAR_ENTERED","82ffccbe-1f3a-46d9-8b60-5a672af527fd","stage:weekA x stage:monthA","{""stage:weekA"":""S6"",""stage:monthA"":""S5""}","69","52","120","69","0","false","0.06513882171848062","0.04288939051918739","0.6231884057971014","-0.0456905503634476","0.1761467889908257","0.14958775029446403","-0.1098843322818086"
"monthly2y_near_weekA_monthA","MONTHLY","NEAR_ENTERED","82ffccbe-1f3a-46d9-8b60-5a672af527fd","stage:weekA x stage:monthA","{""stage:weekA"":""S6"",""stage:monthA"":""S5""}","69","52","245","69","0","false","0.2303221528131947","0.18452380952380953","0.7681159420289855","0.012676056338028152","0.42649199417758377","0.35312090790048023","-0.1098843322818086"
"monthly2y_near_weekA_monthA","MONTHLY","NEAR_ENTERED","82ffccbe-1f3a-46d9-8b60-5a672af527fd","stage:weekA x stage:monthA","{""stage:weekA"":""S6"",""stage:monthA"":""S6""}","7","7","20","7","0","true","-0.00956437720103555","0.014908256880733939","0.5714285714285714","-0.04231601612954111","0.029284412889986178","0.053763440860215006","-0.01776061776061777"
"monthly2y_near_weekA_monthA","MONTHLY","NEAR_ENTERED","82ffccbe-1f3a-46d9-8b60-5a672af527fd","stage:weekA x stage:monthA","{""stage:weekA"":""S6"",""stage:monthA"":""S6""}","7","7","60","7","0","true","0.026125224227380617","0.05288932419196857","0.7142857142857143","-0.028764154347975412","0.07762713327414417","0.09216589861751157","-0.044546850998463894"
"monthly2y_near_weekA_monthA","MONTHLY","NEAR_ENTERED","82ffccbe-1f3a-46d9-8b60-5a672af527fd","stage:weekA x stage:monthA","{""stage:weekA"":""S6"",""stage:monthA"":""S6""}","7","7","120","7","0","true","0.04138419501149689","-0.0023166023166023564","0.42857142857142855","-0.034005882076285965","0.1514218590662071","0.09216589861751157","-0.11655239960822728"
"monthly2y_near_weekA_monthA","MONTHLY","NEAR_ENTERED","82ffccbe-1f3a-46d9-8b60-5a672af527fd","stage:weekA x stage:monthA","{""stage:weekA"":""S6"",""stage:monthA"":""S6""}","7","7","245","7","0","true","0.11275369032688236","0.1351351351351351","0.8571428571428571","0.05742389843998008","0.20813662281800238","0.1583011583011582","-0.11655239960822728"
"monthly2y_near_weekA_monthA","MONTHLY","NEAR_ENTERED","82ffccbe-1f3a-46d9-8b60-5a672af527fd","stage:weekA x stage:monthA","{""stage:weekA"":""S6"",""stage:monthA"":""UNKNOWN""}","0","0","20","0","0","true","","","","","","",""
"monthly2y_near_weekA_monthA","MONTHLY","NEAR_ENTERED","82ffccbe-1f3a-46d9-8b60-5a672af527fd","stage:weekA x stage:monthA","{""stage:weekA"":""S6"",""stage:monthA"":""UNKNOWN""}","0","0","60","0","0","true","","","","","","",""
"monthly2y_near_weekA_monthA","MONTHLY","NEAR_ENTERED","82ffccbe-1f3a-46d9-8b60-5a672af527fd","stage:weekA x stage:monthA","{""stage:weekA"":""S6"",""stage:monthA"":""UNKNOWN""}","0","0","120","0","0","true","","","","","","",""
"monthly2y_near_weekA_monthA","MONTHLY","NEAR_ENTERED","82ffccbe-1f3a-46d9-8b60-5a672af527fd","stage:weekA x stage:monthA","{""stage:weekA"":""S6"",""stage:monthA"":""UNKNOWN""}","0","0","245","0","0","true","","","","","","",""
"monthly2y_near_weekA_monthA","MONTHLY","NEAR_ENTERED","82ffccbe-1f3a-46d9-8b60-5a672af527fd","stage:weekA x stage:monthA","{""stage:weekA"":""UNKNOWN"",""stage:monthA"":""S1""}","1","1","20","1","0","true","-0.06285714285714283","-0.06285714285714283","0","-0.06285714285714283","-0.06285714285714283","0.0019047619047618536","-0.08952380952380956"
"monthly2y_near_weekA_monthA","MONTHLY","NEAR_ENTERED","82ffccbe-1f3a-46d9-8b60-5a672af527fd","stage:weekA x stage:monthA","{""stage:weekA"":""UNKNOWN"",""stage:monthA"":""S1""}","1","1","60","1","0","true","-0.0323809523809524","-0.0323809523809524","0","-0.0323809523809524","-0.0323809523809524","0.0019047619047618536","-0.08952380952380956"
"monthly2y_near_weekA_monthA","MONTHLY","NEAR_ENTERED","82ffccbe-1f3a-46d9-8b60-5a672af527fd","stage:weekA x stage:monthA","{""stage:weekA"":""UNKNOWN"",""stage:monthA"":""S1""}","1","1","120","1","0","true","-0.12","-0.12","0","-0.12","-0.12","0.0019047619047618536","-0.17714285714285716"
"monthly2y_near_weekA_monthA","MONTHLY","NEAR_ENTERED","82ffccbe-1f3a-46d9-8b60-5a672af527fd","stage:weekA x stage:monthA","{""stage:weekA"":""UNKNOWN"",""stage:monthA"":""S1""}","1","1","245","1","0","true","-0.02857142857142858","-0.02857142857142858","0","-0.02857142857142858","-0.02857142857142858","0.015238095238095273","-0.17714285714285716"
"monthly2y_near_weekA_monthA","MONTHLY","NEAR_ENTERED","82ffccbe-1f3a-46d9-8b60-5a672af527fd","stage:weekA x stage:monthA","{""stage:weekA"":""UNKNOWN"",""stage:monthA"":""S2""}","0","0","20","0","0","true","","","","","","",""
"monthly2y_near_weekA_monthA","MONTHLY","NEAR_ENTERED","82ffccbe-1f3a-46d9-8b60-5a672af527fd","stage:weekA x stage:monthA","{""stage:weekA"":""UNKNOWN"",""stage:monthA"":""S2""}","0","0","60","0","0","true","","","","","","",""
"monthly2y_near_weekA_monthA","MONTHLY","NEAR_ENTERED","82ffccbe-1f3a-46d9-8b60-5a672af527fd","stage:weekA x stage:monthA","{""stage:weekA"":""UNKNOWN"",""stage:monthA"":""S2""}","0","0","120","0","0","true","","","","","","",""
"monthly2y_near_weekA_monthA","MONTHLY","NEAR_ENTERED","82ffccbe-1f3a-46d9-8b60-5a672af527fd","stage:weekA x stage:monthA","{""stage:weekA"":""UNKNOWN"",""stage:monthA"":""S2""}","0","0","245","0","0","true","","","","","","",""
"monthly2y_near_weekA_monthA","MONTHLY","NEAR_ENTERED","82ffccbe-1f3a-46d9-8b60-5a672af527fd","stage:weekA x stage:monthA","{""stage:weekA"":""UNKNOWN"",""stage:monthA"":""S3""}","0","0","20","0","0","true","","","","","","",""
"monthly2y_near_weekA_monthA","MONTHLY","NEAR_ENTERED","82ffccbe-1f3a-46d9-8b60-5a672af527fd","stage:weekA x stage:monthA","{""stage:weekA"":""UNKNOWN"",""stage:monthA"":""S3""}","0","0","60","0","0","true","","","","","","",""
"monthly2y_near_weekA_monthA","MONTHLY","NEAR_ENTERED","82ffccbe-1f3a-46d9-8b60-5a672af527fd","stage:weekA x stage:monthA","{""stage:weekA"":""UNKNOWN"",""stage:monthA"":""S3""}","0","0","120","0","0","true","","","","","","",""
"monthly2y_near_weekA_monthA","MONTHLY","NEAR_ENTERED","82ffccbe-1f3a-46d9-8b60-5a672af527fd","stage:weekA x stage:monthA","{""stage:weekA"":""UNKNOWN"",""stage:monthA"":""S3""}","0","0","245","0","0","true","","","","","","",""
"monthly2y_near_weekA_monthA","MONTHLY","NEAR_ENTERED","82ffccbe-1f3a-46d9-8b60-5a672af527fd","stage:weekA x stage:monthA","{""stage:weekA"":""UNKNOWN"",""stage:monthA"":""S4""}","0","0","20","0","0","true","","","","","","",""
"monthly2y_near_weekA_monthA","MONTHLY","NEAR_ENTERED","82ffccbe-1f3a-46d9-8b60-5a672af527fd","stage:weekA x stage:monthA","{""stage:weekA"":""UNKNOWN"",""stage:monthA"":""S4""}","0","0","60","0","0","true","","","","","","",""
"monthly2y_near_weekA_monthA","MONTHLY","NEAR_ENTERED","82ffccbe-1f3a-46d9-8b60-5a672af527fd","stage:weekA x stage:monthA","{""stage:weekA"":""UNKNOWN"",""stage:monthA"":""S4""}","0","0","120","0","0","true","","","","","","",""
"monthly2y_near_weekA_monthA","MONTHLY","NEAR_ENTERED","82ffccbe-1f3a-46d9-8b60-5a672af527fd","stage:weekA x stage:monthA","{""stage:weekA"":""UNKNOWN"",""stage:monthA"":""S4""}","0","0","245","0","0","true","","","","","","",""
"monthly2y_near_weekA_monthA","MONTHLY","NEAR_ENTERED","82ffccbe-1f3a-46d9-8b60-5a672af527fd","stage:weekA x stage:monthA","{""stage:weekA"":""UNKNOWN"",""stage:monthA"":""S5""}","0","0","20","0","0","true","","","","","","",""
"monthly2y_near_weekA_monthA","MONTHLY","NEAR_ENTERED","82ffccbe-1f3a-46d9-8b60-5a672af527fd","stage:weekA x stage:monthA","{""stage:weekA"":""UNKNOWN"",""stage:monthA"":""S5""}","0","0","60","0","0","true","","","","","","",""
"monthly2y_near_weekA_monthA","MONTHLY","NEAR_ENTERED","82ffccbe-1f3a-46d9-8b60-5a672af527fd","stage:weekA x stage:monthA","{""stage:weekA"":""UNKNOWN"",""stage:monthA"":""S5""}","0","0","120","0","0","true","","","","","","",""
"monthly2y_near_weekA_monthA","MONTHLY","NEAR_ENTERED","82ffccbe-1f3a-46d9-8b60-5a672af527fd","stage:weekA x stage:monthA","{""stage:weekA"":""UNKNOWN"",""stage:monthA"":""S5""}","0","0","245","0","0","true","","","","","","",""
"monthly2y_near_weekA_monthA","MONTHLY","NEAR_ENTERED","82ffccbe-1f3a-46d9-8b60-5a672af527fd","stage:weekA x stage:monthA","{""stage:weekA"":""UNKNOWN"",""stage:monthA"":""S6""}","1","1","20","1","0","true","0.29954441913439633","0.29954441913439633","1","0.29954441913439633","0.29954441913439633","0.30751708428246016","-0.021640091116173155"
"monthly2y_near_weekA_monthA","MONTHLY","NEAR_ENTERED","82ffccbe-1f3a-46d9-8b60-5a672af527fd","stage:weekA x stage:monthA","{""stage:weekA"":""UNKNOWN"",""stage:monthA"":""S6""}","1","1","60","1","0","true","0.20159453302961272","0.20159453302961272","1","0.20159453302961272","0.20159453302961272","0.31890660592255116","-0.021640091116173155"
"monthly2y_near_weekA_monthA","MONTHLY","NEAR_ENTERED","82ffccbe-1f3a-46d9-8b60-5a672af527fd","stage:weekA x stage:monthA","{""stage:weekA"":""UNKNOWN"",""stage:monthA"":""S6""}","1","1","120","1","0","true","0.5899772209567198","0.5899772209567198","1","0.5899772209567198","0.5899772209567198","0.6036446469248291","-0.021640091116173155"
"monthly2y_near_weekA_monthA","MONTHLY","NEAR_ENTERED","82ffccbe-1f3a-46d9-8b60-5a672af527fd","stage:weekA x stage:monthA","{""stage:weekA"":""UNKNOWN"",""stage:monthA"":""S6""}","1","1","245","1","0","true","0.7494305239179955","0.7494305239179955","1","0.7494305239179955","0.7494305239179955","0.9031890660592254","-0.021640091116173155"
"monthly2y_near_weekA_monthA","MONTHLY","NEAR_ENTERED","82ffccbe-1f3a-46d9-8b60-5a672af527fd","stage:weekA x stage:monthA","{""stage:weekA"":""UNKNOWN"",""stage:monthA"":""UNKNOWN""}","0","0","20","0","0","true","","","","","","",""
"monthly2y_near_weekA_monthA","MONTHLY","NEAR_ENTERED","82ffccbe-1f3a-46d9-8b60-5a672af527fd","stage:weekA x stage:monthA","{""stage:weekA"":""UNKNOWN"",""stage:monthA"":""UNKNOWN""}","0","0","60","0","0","true","","","","","","",""
"monthly2y_near_weekA_monthA","MONTHLY","NEAR_ENTERED","82ffccbe-1f3a-46d9-8b60-5a672af527fd","stage:weekA x stage:monthA","{""stage:weekA"":""UNKNOWN"",""stage:monthA"":""UNKNOWN""}","0","0","120","0","0","true","","","","","","",""
"monthly2y_near_weekA_monthA","MONTHLY","NEAR_ENTERED","82ffccbe-1f3a-46d9-8b60-5a672af527fd","stage:weekA x stage:monthA","{""stage:weekA"":""UNKNOWN"",""stage:monthA"":""UNKNOWN""}","0","0","245","0","0","true","","","","","","",""
"existing3mo_near_spread","MONTHLY","NEAR_ENTERED","4ea44a97-12b4-4253-a96d-4d3d9bf15497","spreadExpansion","{""spreadExpansion"":""PASS""}","45","41","20","41","4","false","-0.02272751080174838","-0.024492497793468626","0.3902439024390244","-0.07982631930527717","0.021751254880089332","0.0482347090999502","-0.06483126110124338"
"existing3mo_near_spread","MONTHLY","NEAR_ENTERED","4ea44a97-12b4-4253-a96d-4d3d9bf15497","spreadExpansion","{""spreadExpansion"":""PASS""}","45","41","60","41","4","false","0.03254112040616149","0.007703703703703768","0.5121951219512195","-0.04256779951939582","0.09967845659163976","0.06349206349206349","-0.15252260134149898"
"existing3mo_near_spread","MONTHLY","NEAR_ENTERED","4ea44a97-12b4-4253-a96d-4d3d9bf15497","spreadExpansion","{""spreadExpansion"":""PASS""}","45","41","120","40","5","false","0.15161389176709023","0.09620176671812575","0.8","0.02240286106134609","0.181900221116639","0.16588157964854267","-0.16380786799379365"
"existing3mo_near_spread","MONTHLY","NEAR_ENTERED","4ea44a97-12b4-4253-a96d-4d3d9bf15497","spreadExpansion","{""spreadExpansion"":""PASS""}","45","41","245","37","8","false","0.6525459491070459","0.36370577755153977","0.918918918918919","0.11645101663585944","0.8487109905020354","0.5818303273213092","-0.1821192052980133"
"existing3mo_near_spread","MONTHLY","NEAR_ENTERED","4ea44a97-12b4-4253-a96d-4d3d9bf15497","spreadExpansion","{""spreadExpansion"":""FAIL""}","961","563","20","875","86","false","-0.006554368611368804","-0.007213706041478862","0.4685714285714286","-0.061220059287419526","0.039329737715714796","0.04768583450210384","-0.07033997655334112"
"existing3mo_near_spread","MONTHLY","NEAR_ENTERED","4ea44a97-12b4-4253-a96d-4d3d9bf15497","spreadExpansion","{""spreadExpansion"":""FAIL""}","961","563","60","847","114","false","0.053012191806069656","0.035816618911174825","0.6528925619834711","-0.020120340080737154","0.10235063152364776","0.08736627610799785","-0.13712200208550573"
"existing3mo_near_spread","MONTHLY","NEAR_ENTERED","4ea44a97-12b4-4253-a96d-4d3d9bf15497","spreadExpansion","{""spreadExpansion"":""FAIL""}","961","563","120","830","131","false","0.18306171371077687","0.13762872436765994","0.8530120481927711","0.037272227270553404","0.25942860952791386","0.1868561062353009","-0.13789847285988738"
"existing3mo_near_spread","MONTHLY","NEAR_ENTERED","4ea44a97-12b4-4253-a96d-4d3d9bf15497","spreadExpansion","{""spreadExpansion"":""FAIL""}","961","563","245","810","151","false","0.3893629195752877","0.26494205202645094","0.8691358024691358","0.09258245528981263","0.5125612330127771","0.4173352902466416","-0.1421037551464462"
"existing3mo_near_spread","MONTHLY","NEAR_ENTERED","4ea44a97-12b4-4253-a96d-4d3d9bf15497","spreadExpansion","{""spreadExpansion"":""UNKNOWN""}","0","0","20","0","0","true","","","","","","",""
"existing3mo_near_spread","MONTHLY","NEAR_ENTERED","4ea44a97-12b4-4253-a96d-4d3d9bf15497","spreadExpansion","{""spreadExpansion"":""UNKNOWN""}","0","0","60","0","0","true","","","","","","",""
"existing3mo_near_spread","MONTHLY","NEAR_ENTERED","4ea44a97-12b4-4253-a96d-4d3d9bf15497","spreadExpansion","{""spreadExpansion"":""UNKNOWN""}","0","0","120","0","0","true","","","","","","",""
"existing3mo_near_spread","MONTHLY","NEAR_ENTERED","4ea44a97-12b4-4253-a96d-4d3d9bf15497","spreadExpansion","{""spreadExpansion"":""UNKNOWN""}","0","0","245","0","0","true","","","","","","",""
